datetime,minute,is_consecutive_minute,open_price,high_price,low_price,close_price,bid1_price,bid1_size,bid2_price,bid2_size,bid3_price,bid3_size,bid4_price,bid4_size,bid5_price,bid5_size,ask1_price,ask1_size,ask2_price,ask2_size,ask3_price,ask3_size,ask4_price,ask4_size,ask5_price,ask5_size,contract,timestamp,date,kmid,klen,kmid2,kup,klow,ksft,kup2,klow2,ksft2,volume,bid1_size_n,ask1_size_n,bid2_size_n,ask2_size_n,bid3_size_n,ask3_size_n,bid4_size_n,ask4_size_n,bid5_size_n,ask5_size_n,wap_1,wap_2,wap_balance,buy_spread,sell_spread,price_spread,buy_volume,sell_volume,volume_imbalance,sell_vwap,buy_vwap,log_return_bid1_price,log_return_bid2_price,log_return_ask1_price,log_return_ask2_price,log_return_wap_1,log_return_wap_2,ask1_price_trend_60,bid1_price_trend_60,buy_spread_trend_60,sell_spread_trend_60,wap_1_trend_60,wap_2_trend_60,buy_vwap_trend_60,sell_vwap_trend_60,volume_trend_60
2023-01-03T09:29:29.950000,2023-01-03T09:29:00.000000,1,3917.0,3921.0,3912.0,3916.0,3916.0,220,3915.0,464,3914.0,272,3913.0,452,3912.0,166,3917.0,288,3918.0,233,3919.0,245,3920.0,2290,3921.0,199,m2305,2023-01-03T09:29:29.950000,2023-01-03,-1.0,9.0,-0.1111111111111111,4.0,4.0,-1.0,0.4444444444444444,0.4444444444444444,-0.1111111111111111,4829,0.04555808656036447,0.05963967695174984,0.09608614620004141,0.04825015531165873,0.05632636156554152,0.050735141851314974,0.09360115966038517,0.4742182646510665,0.034375647131911366,0.041209360115966036,3916.433070866142,3916.997130559541,0.564059693399031,4.0,4.0,0.00025533001404315077,1574,3255,-0.3481051977635121,2642.0012424932697,1275.7829778422035,0.0,0.0,0.0,0.0,-0.00006874550513292425,0.000014348413040174937,-1.166388184228246,-1.1659160355423777,0.0,0.0,-1.1720854789127833,-1.1039839576116406,-1.5976132172727868,1.583792921123607,2.5243314415168516
2023-01-03T09:29:59.965000,2023-01-03T09:29:30.000000,1,3916.0,3926.0,3912.0,3921.0,3920.0,57,3919.0,219,3918.0,191,3917.0,175,3916.0,271,3921.0,228,3922.0,504,3923.0,171,3924.0,151,3925.0,139,m2305,2023-01-03T09:29:59.965000,2023-01-03,5.0,14.0,0.35714285714285715,5.0,4.0,4.0,0.35714285714285715,0.2857142857142857,0.2857142857142857,2106,0.027065527065527065,0.10826210826210826,0.10398860398860399,0.23931623931623933,0.09069325735992402,0.0811965811965812,0.08309591642924977,0.07169990503323836,0.12867996201329535,0.06600189933523266,3920.2,3919.908713692946,0.29128630705372416,4.0,4.0,0.00025506950644050506,913,1193,-0.13295346628679963,2222.036087369421,1698.3618233618236,0.001020929134107143,0.0010211897747279776,0.0010206686265003542,0.001020408251805457,0.0009613642465881754,0.0007430440853137211,-0.6909128931806544,-0.6884322933204757,0.0,0.0,-0.7199045345238019,-0.7522008284833406,-0.6808204663170944,0.6702040329257092,-0.7844260920244567
2023-01-03T09:30:29.974000,2023-01-03T09:30:00.000000,1,3921.0,3927.0,3915.0,3922.0,3921.0,161,3920.0,171,3919.0,370,3918.0,405,3917.0,175,3922.0,98,3923.0,312,3924.0,168,3925.0,138,3926.0,134,m2305,2023-01-03T09:30:29.974000,2023-01-03,1.0,12.0,0.08333333333333333,5.0,6.0,2.0,0.4166666666666667,0.5,0.16666666666666666,2132,0.07551594746716699,0.04596622889305816,0.08020637898686679,0.14634146341463414,0.17354596622889307,0.07879924953095685,0.1899624765478424,0.0647279549718574,0.08208255159474671,0.06285178236397748,3921.6216216216217,3921.0621118012423,0.5595098203793896,4.0,4.0,0.0002550044625780951,1282,850,0.2026266416510319,1564.3986866791745,2356.4240150093806,0.0002550695078234473,0.00025513458487672725,0.0002550044639600185,0.00025493945326091863,0.0003625743368801078,0.00029419778297484084,-0.5542463226922619,-0.5512213157351408,0.0,0.0,-0.5349382923129561,-0.5985318736822394,0.6941527937977202,-0.7078731177594653,-0.782759391753409
2023-01-03T09:30:59.970000,2023-01-03T09:30:30.000000,1,3922.0,3926.0,3915.0,3921.0,3921.0,150,3920.0,670,3919.0,288,3918.0,305,3917.0,181,3922.0,129,3923.0,227,3924.0,221,3925.0,149,3926.0,139,m2305,2023-01-03T09:30:59.970000,2023-01-03,-1.0,11.0,-0.09090909090909091,4.0,6.0,1.0,0.36363636363636365,0.5454545454545454,0.09090909090909091,2459,0.061000406669377796,0.05246034973566491,0.2724684831232208,0.0923139487596584,0.11712078080520537,0.08987393249288328,0.12403416022773485,0.06059373729158194,0.07360715738104921,0.05652704351362343,3921.537634408602,3922.240802675585,0.7031682669830843,4.0,4.0,0.0002550044625780951,1594,865,0.29646197641317606,1380.3180154534366,2540.5404636030908,0.0,0.0,0.0,0.0,-0.000021416679243933387,0.0003005598269169584,-0.5288752758131423,-0.5258312420086683,0.0,0.0,-0.5192481275010701,-0.4399234731913514,1.0489309675365865,-1.0630654541261606,-0.3974111926594228
2023-01-03T09:31:29.665000,2023-01-03T09:31:00.000000,1,3921.0,3927.0,3916.0,3920.0,3920.0,700,3919.0,230,3918.0,308,3917.0,181,3916.0,223,3921.0,84,3922.0,313,3923.0,241,3924.0,193,3925.0,151,m2305,2023-01-03T09:31:29.665000,2023-01-03,-1.0,11.0,-0.09090909090909091,6.0,4.0,-3.0,0.5454545454545454,0.36363636363636365,-0.2727272727272727,2624,0.26676829268292684,0.03201219512195122,0.08765243902439024,0.11928353658536585,0.1173780487804878,0.09184451219512195,0.06897865853658537,0.07355182926829268,0.08498475609756098,0.057545731707317076,3920.8928571428573,3920.270718232044,0.6221389108131916,4.0,4.0,0.00025506950644050506,1642,982,0.25152439024390244,1468.1402439024391,2452.1185213414633,-0.0002550695078233751,-0.0002551345848767935,-0.0002550044639600029,-0.0002549394532610178,-0.000164433020577519,-0.0005024116266145519,-0.6211173451477557,-0.618666402580693,0.0,0.0,-0.5713696746450081,-0.6428649976609699,0.8447686980905044,-0.8587100243391984,-0.20838222670698778
2023-01-03T09:31:59.815000,2023-01-03T09:31:30.000000,1,3920.0,3926.0,3914.0,3919.0,3918.0,325,3917.0,209,3916.0,241,3915.0,204,3914.0,178,3919.0,115,3920.0,199,3921.0,403,3922.0,324,3923.0,206,m2305,2023-01-03T09:31:59.815000,2023-01-03,-1.0,12.0,-0.08333333333333333,6.0,5.0,-2.0,0.5,0.4166666666666667,-0.16666666666666666,2404,0.13519134775374375,0.0478369384359401,0.08693843594009984,0.08277870216306156,0.10024958402662229,0.16763727121464225,0.08485856905158069,0.13477537437603992,0.0740432612312812,0.08569051580698835,3918.7386363636365,3918.5367647058824,0.20187165775405447,4.0,4.0,0.00025519969376036747,1157,1247,-0.03743760399334443,2034.0241264559068,1884.821547420965,-0.0005103342800221108,-0.0005104645338001949,-0.0005102040927002074,-0.0005100739717833623,-0.0005495719627191863,-0.0004424023828156894,-0.8297147298821149,-0.8285046207138256,0.0,0.0,-0.8002764083529502,-0.8188037194783103,-0.3145402889407799,0.3013855524550724,-0.4924021610169068
2023-01-03T09:32:29.820000,2023-01-03T09:32:00.000000,1,3919.0,3926.0,3914.0,3921.0,3921.0,110,3920.0,427,3919.0,404,3918.0,384,3917.0,427,3922.0,442,3923.0,227,3924.0,180,3925.0,176,3926.0,144,m2305,2023-01-03T09:32:29.820000,2023-01-03,2.0,12.0,0.16666666666666666,5.0,5.0,2.0,0.4166666666666667,0.4166666666666667,0.16666666666666666,2921,0.03765833618623759,0.1513180417665183,0.14618281410475864,0.07771311194796303,0.13830879835672716,0.06162273194111605,0.1314618281410476,0.060253337897980146,0.14618281410475864,0.049298185552892844,3921.199275362319,3921.9587155963304,0.7594402340114357,4.0,4.0,0.0002550044625780951,1752,1169,0.19958918178705923,1570.1845258473124,2350.392673741869,0.0007654037878455252,0.0007655991186769881,0.0007652085566600219,0.0007650134250444335,0.000627719022060082,0.0008728915452657233,-0.4611442866614192,-0.457930079210325,0.0,0.0,-0.49180034139659373,-0.4041115818429258,0.7175734029956451,-0.7300109580276335,0.15930468608595852
2023-01-03T09:32:59.806000,2023-01-03T09:32:30.000000,1,3921.0,3927.0,3917.0,3921.0,3921.0,314,3920.0,201,3919.0,203,3918.0,313,3917.0,428,3922.0,269,3923.0,211,3924.0,188,3925.0,171,3926.0,146,m2305,2023-01-03T09:32:59.806000,2023-01-03,0.0,10.0,0.0,6.0,4.0,-2.0,0.6,0.4,-0.2,2444,0.12847790507364976,0.11006546644844517,0.08224222585924713,0.08633387888707038,0.08306055646481178,0.07692307692307693,0.12806873977086744,0.06996726677577741,0.1751227495908347,0.05973813420621931,3921.5385934819897,3921.46359223301,0.07500124897978822,4.0,4.0,0.0002550044625780951,1459,985,0.1939443535188216,1581.3641571194764,2339.394844517185,0.0,0.0,0.0,0.0,0.00008653052685344299,-0.0001262518692851336,-0.44042803479295095,-0.4371516832985741,0.0,0.0,-0.43177078349560544,-0.44090915427760025,0.7153066111005416,-0.7267443223461479,-0.4740747008757632
2023-01-03T09:33:29.907000,2023-01-03T09:33:00.000000,1,3921.0,3926.0,3915.0,3919.0,3919.0,178,3918.0,340,3917.0,427,3916.0,320,3915.0,212,3920.0,85,3921.0,169,3922.0,290,3923.0,215,3924.0,183,m2305,2023-01-03T09:33:29.907000,2023-01-03,-2.0,11.0,-0.18181818181818182,5.0,4.0,-3.0,0.45454545454545453,0.36363636363636365,-0.2727272727272727,2419,0.07358412567176519,0.03513848697809012,0.14055394791236048,0.06986357999173212,0.17651922281934684,0.11988424968995452,0.1322860686233981,0.0888797023563456,0.08763952046300125,0.07565109549400578,3919.6768060836503,3920.0039292730844,0.32712318943413266,4.0,4.0,0.00025513458349279245,1477,942,0.2211657709797437,1527.3939644481188,2391.6333195535344,-0.0005102040927002074,-0.0005103342800221108,-0.0005100739717833623,-0.0005099439172208978,-0.00047487215653564284,-0.0003722933169796671,-0.6524744967319105,-0.6505593069440327,0.0,0.0,-0.629425240768763,-0.589049082447063,0.8469506151079604,-0.8618729577162468,-0.5132673250569969
2023-01-03T09:33:59.597000,2023-01-03T09:33:30.000000,1,3919.0,3925.0,3914.0,3920.0,3920.0,87,3919.0,246,3918.0,289,3917.0,434,3916.0,348,3921.0,163,3922.0,313,3923.0,200,3924.0,181,3925.0,173,m2305,2023-01-03T09:33:59.597000,2023-01-03,1.0,11.0,0.09090909090909091,5.0,5.0,1.0,0.45454545454545453,0.45454545454545453,0.09090909090909091,2434,0.03574363188167625,0.06696795398520954,0.10106820049301561,0.128594905505341,0.11873459326211996,0.08216926869350863,0.17830731306491374,0.07436318816762531,0.142974527526705,0.07107641741988496,3920.348,3920.320214669052,0.027785330948063347,4.0,4.0,0.00025506950644050506,1404,1030,0.15365653245686114,1660.0566967953985,2259.721446179129,0.00025513458487672725,0.00025519969514538034,0.0002550695078234473,0.0002550044639600185,0.00017122239650786087,0.00008068171425890858,-0.5159627223408154,-0.5132723744191562,0.0,0.0,-0.53116052229973,-0.5320927913425393,0.5598228106368165,-0.5720398972401818,-0.4917026132102224
2023-01-03T09:34:29.764000,2023-01-03T09:34:00.000000,1,3920.0,3926.0,3915.0,3921.0,3920.0,143,3919.0,209,3918.0,271,3917.0,434,3916.0,346,3921.0,150,3922.0,325,3923.0,203,3924.0,181,3925.0,173,m2305,2023-01-03T09:34:29.764000,2023-01-03,1.0,11.0,0.09090909090909091,5.0,5.0,1.0,0.45454545454545453,0.45454545454545453,0.09090909090909091,2435,0.05872689938398357,0.061601642710472276,0.08583162217659138,0.13347022587268995,0.11129363449691992,0.08336755646817248,0.1782340862422998,0.07433264887063655,0.14209445585215605,0.07104722792607802,3920.4880546075087,3920.174157303371,0.31389730413775396,4.0,4.0,0.00025506950644050506,1403,1032,0.15236139630390144,1662.6028747433265,2257.216837782341,0.0,0.0,0.0,0.0,0.00003572440656785867,-0.00003725718271535401,-0.49850819107715866,-0.4972272026858002,0.0,0.0,-0.49874560134249796,-0.5320843567022403,0.5516561535904256,-0.5633485676341573,-0.4686662641068827
2023-01-03T09:34:59.961000,2023-01-03T09:34:30.000000,1,3921.0,3926.0,3914.0,3919.0,3918.0,304,3917.0,419,3916.0,352,3915.0,226,3914.0,171,3919.0,165,3920.0,194,3921.0,279,3922.0,491,3923.0,188,m2305,2023-01-03T09:34:59.961000,2023-01-03,-2.0,12.0,-0.16666666666666666,5.0,5.0,-2.0,0.4166666666666667,0.4166666666666667,-0.16666666666666666,2789,0.10899964144854786,0.059160989602007885,0.1502330584438867,0.06955898171387594,0.12621011115095015,0.10003585514521333,0.08103262818214414,0.17604876299749014,0.061312298314808174,0.06740767300107565,3918.6481876332623,3919.0505709624795,0.402383329217173,4.0,4.0,0.00025519969376036747,1472,1317,0.05557547508067408,1851.6672642524202,2066.981355324489,-0.0005103342800221108,-0.0005104645338001949,-0.0005102040927002074,-0.0005100739717833623,-0.0004694055444822348,-0.00028665751717364853,-0.7086096657458516,-0.7085416814622164,0.0,0.0,-0.6913268960969281,-0.6398804126239459,0.11707717417807426,-0.13019487601117405,-0.020041507372043976
2023-01-03T09:35:29.927000,2023-01-03T09:35:00.000000,1,3919.0,3923.0,3912.0,3916.0,3916.0,197,3915.0,256,3914.0,175,3913.0,476,3912.0,183,3917.0,117,3918.0,314,3919.0,318,3920.0,191,3921.0,276,m2305,2023-01-03T09:35:29.927000,2023-01-03,-3.0,11.0,-0.2727272727272727,4.0,4.0,-3.0,0.36363636363636365,0.36363636363636365,-0.2727272727272727,2503,0.0787055533359968,0.046743907311226525,0.10227726727926488,0.12544946064722334,0.06991610067918498,0.12704754294846185,0.19017179384738314,0.07630842988413904,0.07311226528166201,0.11026767878545746,3916.627388535032,3916.3473684210526,0.28002011397938986,4.0,4.0,0.00025533001404315077,1287,1216,0.02836596084698362,1903.9948062325211,2012.4354774270878,-0.0005105948540850265,-0.0005107252409278392,-0.0005104645338001949,-0.0005103342800221108,-0.000515820821716391,-0.0006899975392668961,-0.9197574280645512,-0.9211896822808312,0.0,0.0,-0.9067012601650417,-0.9335786907882424,-0.00804280797946113,-0.008952851913888876,-0.43017867239757157
2023-01-03T09:35:59.940000,2023-01-03T09:35:30.000000,1,3917.0,3922.0,3910.0,3914.0,3914.0,135,3913.0,532,3912.0,187,3911.0,385,3910.0,597,3915.0,136,3916.0,242,3917.0,416,3918.0,164,3919.0,315,m2305,2023-01-03T09:35:59.940000,2023-01-03,-3.0,12.0,-0.25,5.0,4.0,-4.0,0.4166666666666667,0.3333333333333333,-0.3333333333333333,3109,0.043422322290125444,0.04374396912190415,0.17111611450627212,0.07783853329044708,0.0601479575426182,0.1338050820199421,0.12383403023480219,0.05275008041170794,0.19202315857188806,0.1013187520102927,3914.4981549815498,3915.062015503876,0.5638605223261948,4.0,4.0,0.00025546046749265553,1836,1273,0.18108716629141203,1603.9308459311674,2309.95657767771,-0.0005108556943794219,-0.0005109862144910082,-0.0005107252409278392,-0.0005105948540850265,-0.0005437873761872283,-0.0003282558389442926,-1.1289715741510613,-1.1319926070631625,0.0,0.0,-1.1330426587097737,-1.057536764533956,0.6361041647048217,-0.660175162032752,0.36903605890591923
2023-01-03T09:36:29.898000,2023-01-03T09:36:00.000000,1,3914.0,3920.0,3909.0,3914.0,3913.0,422,3912.0,201,3911.0,500,3910.0,610,3909.0,155,3914.0,252,3915.0,273,3916.0,350,3917.0,410,3918.0,256,m2305,2023-01-03T09:36:29.898000,2023-01-03,0.0,11.0,0.0,6.0,5.0,-1.0,0.5454545454545454,0.45454545454545453,-0.09090909090909091,3429,0.12306794983960338,0.07349081364829396,0.05861767279090114,0.07961504811898512,0.1458151064450277,0.1020705745115194,0.1778944298629338,0.11956838728492272,0.04520268299795859,0.07465733449985419,3913.626112759644,3913.272151898734,0.353960860909865,4.0,4.0,0.00025552574421873004,1888,1541,0.10119568387284923,1759.90113735783,2153.424613589968,-0.00025552574560908716,-0.0002555910557045126,-0.00025546046888198976,-0.0002553952254975612,-0.0002227972361416116,-0.0004572782914106805,-1.2131289691433083,-1.2169757835786745,0.0,0.0,-1.2027507614972601,-1.238256420712149,0.2677860966142226,-0.2912833212640903,0.7881648215812078
2023-01-03T09:36:59.889000,2023-01-03T09:36:30.000000,1,3914.0,3919.0,3909.0,3914.0,3914.0,210,3913.0,279,3912.0,239,3911.0,521,3910.0,614,3915.0,186,3916.0,330,3917.0,416,3918.0,558,3919.0,310,m2305,2023-01-03T09:36:59.889000,2023-01-03,0.0,10.0,0.0,5.0,5.0,0.0,0.5,0.5,0.0,3663,0.05733005733005733,0.050778050778050775,0.07616707616707617,0.09009009009009009,0.06524706524706525,0.11356811356811357,0.14223314223314223,0.15233415233415235,0.1676221676221676,0.08463008463008463,3914.530303030303,3914.3743842364534,0.15591879384965068,4.0,4.0,0.00025546046749265553,1863,1800,0.0171990171990172,1924.945672945673,1989.3546273546274,0.00025552574560896627,0.00025559105570449093,0.00025546046888194737,0.0002553952254974682,0.0002310097618530778,0.0002816254770615788,-1.0588777931338014,-1.0620528583152966,0.0,0.0,-1.0606374752494325,-1.069680795882499,-0.11611456625505315,0.0967694144697785,1.0869648713803988
2023-01-03T09:37:29.860000,2023-01-03T09:37:00.000000,1,3914.0,3923.0,3910.0,3919.0,3918.0,163,3917.0,386,3916.0,161,3915.0,158,3914.0,251,3919.0,142,3920.0,247,3921.0,263,3922.0,525,3923.0,198,m2305,2023-01-03T09:37:29.860000,2023-01-03,5.0,13.0,0.38461538461538464,4.0,4.0,5.0,0.3076923076923077,0.3076923076923077,0.38461538461538464,2494,0.06535685645549319,0.05693664795509222,0.15477145148356056,0.09903769045709704,0.06455493183640738,0.10545308740978349,0.06335204490777867,0.21050521251002405,0.10064153969526865,0.07939053728949479,3918.534426229508,3918.829383886256,0.2949576567480108,4.0,4.0,0.00025519969376036747,1119,1375,-0.10264635124298316,2161.89454691259,1757.0392943063355,0.0010214505484645682,0.001021711455418847,0.0010211897747279776,0.001020929134107143,0.0010223644732607466,0.0011374656556913546,-0.534281888992098,-0.5340161576807696,0.0,0.0,-0.5310416169811519,-0.4896598427043095,-0.658709052839681,0.6528998953459056,-0.5402939586892032
2023-01-03T09:37:59.979000,2023-01-03T09:37:30.000000,1,3919.0,3929.0,3913.0,3924.0,3923.0,926,3922.0,128,3921.0,413,3920.0,161,3919.0,186,3924.0,134,3925.0,266,3926.0,216,3927.0,182,3928.0,183,m2305,2023-01-03T09:37:59.979000,2023-01-03,5.0,16.0,0.3125,5.0,6.0,6.0,0.3125,0.375,0.375,2795,0.3313059033989267,0.047942754919499106,0.04579606440071556,0.09516994633273702,0.14776386404293382,0.07728085867620751,0.05760286225402504,0.06511627906976744,0.0665474060822898,0.06547406082289803,3923.87358490566,3922.97461928934,0.8989656163203108,4.0,4.0,0.0002548744743213967,1814,981,0.2980322003577818,1377.967799642218,2545.3098389982115,0.0012753477050664154,0.0012756730904602527,0.001275022485622287,0.0012746974320005163,0.0013616122735429221,0.0010572148417635821,0.14994457010963608,0.15572360340229374,0.0,0.0,0.20447758429382182,0.07752037159640128,1.134303036712169,-1.1360186557031529,-0.1048810884309603
2023-01-03T09:38:29.741000,2023-01-03T09:38:00.000000,1,3924.0,3928.0,3917.0,3922.0,3922.0,37,3921.0,157,3920.0,169,3919.0,180,3918.0,169,3923.0,157,3924.0,247,3925.0,394,3926.0,214,3927.0,184,m2305,2023-01-03T09:38:29.741000,2023-01-03,-2.0,11.0,-0.18181818181818182,4.0,5.0,-1.0,0.36363636363636365,0.45454545454545453,-0.09090909090909091,1908,0.01939203354297694,0.08228511530398323,0.08228511530398323,0.12945492662473795,0.08857442348008386,0.20649895178197064,0.09433962264150944,0.11215932914046121,0.08857442348008386,0.09643605870020965,3922.1907216494847,3922.1658415841584,0.024880065326215117,4.0,4.0,0.00025493945188017844,712,1196,-0.25366876310272535,2460.3359538784066,1462.6588050314467,-0.0002549394532610178,-0.0002550044639600029,-0.0002548744757010937,-0.0002548095312551268,-0.00042897004567647116,-0.00020618565392945654,0.0563360392524846,0.06160995531362387,0.0,0.0,0.015741422835654974,0.008157315627610408,-1.3149372981784664,1.3224817330141672,-1.3331328759658165
2023-01-03T09:38:59.948000,2023-01-03T09:38:30.000000,1,3922.0,3928.0,3916.0,3922.0,3922.0,108,3921.0,1071,3920.0,186,3919.0,152,3918.0,173,3923.0,257,3924.0,227,3925.0,800,3926.0,219,3927.0,184,m2305,2023-01-03T09:38:59.948000,2023-01-03,0.0,12.0,0.0,6.0,6.0,0.0,0.5,0.5,0.0,3377,0.03198104826769322,0.07610305004441813,0.3171453953212911,0.06721942552561445,0.055078472016582766,0.23689665383476458,0.04501036422860527,0.06485045898726681,0.05122890139176784,0.054486230381995855,3922.2958904109587,3923.475346687211,1.1794562762524947,4.0,4.0,0.00025493945188017844,1690,1687,0.0008883624518803672,1960.7109860823216,1961.9748297305302,0.0,0.0,0.0,0.0,0.00002681342111511165,0.00033381723272543976,0.10483266764469668,0.11103135953823155,0.0,0.0,0.0779525139627709,0.24130595309693256,-0.17909712239052217,0.18212212795442245,0.7099755042463949
2023-01-03T09:39:29.951000,2023-01-03T09:39:00.000000,1,3922.0,3934.0,3918.0,3927.0,3926.0,138,3925.0,368,3924.0,123,3923.0,176,3922.0,162,3927.0,70,3928.0,184,3929.0,404,3930.0,746,3931.0,185,m2305,2023-01-03T09:39:29.951000,2023-01-03,5.0,16.0,0.3125,7.0,4.0,2.0,0.4375,0.25,0.125,2556,0.0539906103286385,0.027386541471048513,0.14397496087636932,0.07198748043818466,0.04812206572769953,0.15805946791862285,0.06885758998435054,0.2918622848200313,0.06338028169014084,0.07237871674491393,3926.6634615384614,3927.0,0.3365384615385665,4.0,4.0,0.00025467974022666496,967,1589,-0.2433489827856025,2442.8689358372458,1484.605633802817,0.0010193680801147801,0.0010196279241772238,0.0010191083684570035,0.001018848789102848,0.0011129046240273119,0.0008979465303604135,0.7649949778452839,0.7719176228689572,0.0,0.0,0.8001330302018189,0.8163260692559461,-1.2353869112774032,1.2535416963123518,-0.43005208398114986
2023-01-03T09:39:59.888000,2023-01-03T09:39:30.000000,1,3927.0,3932.0,3922.0,3927.0,3927.0,131,3926.0,572,3925.0,373,3924.0,125,3923.0,194,3928.0,248,3929.0,431,3930.0,758,3931.0,170,3932.0,120,m2305,2023-01-03T09:39:59.888000,2023-01-03,0.0,10.0,0.0,5.0,5.0,0.0,0.5,0.5,0.0,3122,0.04196028187059577,0.07943625880845612,0.1832158872517617,0.13805253042921203,0.11947469570787957,0.2427930813581038,0.04003843689942345,0.05445227418321589,0.06213965406790519,0.03843689942344651,3927.3456464379947,3927.7108673978064,0.3652209598117224,4.0,4.0,0.0002546148949713558,1395,1727,-0.10634208840486867,2173.7966047405507,1753.9064702114028,0.00025467974160313687,0.0002547446198974788,0.0002546148963468449,0.00025455008410330275,0.00017371635094132147,0.00018100409085658058,0.9753834807917205,0.9753834807916254,0.0,0.0,0.9597143641421291,0.970089145285624,-0.6179292111333586,0.6343214228505373,0.34388125912433093
2023-01-03T09:40:29.977000,2023-01-03T09:40:00.000000,1,3927.0,3934.0,3923.0,3930.0,3929.0,27,3928.0,192,3927.0,218,3926.0,597,3925.0,362,3930.0,697,3931.0,163,3932.0,153,3933.0,151,3934.0,133,m2305,2023-01-03T09:40:29.977000,2023-01-03,3.0,11.0,0.2727272727272727,4.0,4.0,3.0,0.36363636363636365,0.36363636363636365,0.2727272727272727,2693,0.010025993316004456,0.25881916078722617,0.07129595246936501,0.060527292981804676,0.08095061269959153,0.05681396212402525,0.22168585220943185,0.05607129595246937,0.1344225770516153,0.049387300408466395,3929.0372928176794,3929.6225352112674,0.5852423935880324,4.0,4.0,0.0002544853034737244,1396,1297,0.03676197549201634,1893.302636464909,2035.2829558113626,0.0005091649804500608,0.0005092946379501353,0.0005090353889505039,0.000508905863400668,0.0004306425536809618,0.0004865945615966968,1.2925929192046992,1.2925929192045733,0.0,0.0,1.2292309953881437,1.2668581487405237,0.04495594980187429,-0.028409445576546413,-0.25241771395134344
2023-01-03T09:40:59.974000,2023-01-03T09:40:30.000000,1,3930.0,3934.0,3922.0,3927.0,3926.0,629,3925.0,381,3924.0,148,3923.0,188,3922.0,154,3927.0,137,3928.0,149,3929.0,551,3930.0,822,3931.0,179,m2305,2023-01-03T09:40:59.974000,2023-01-03,-3.0,12.0,-0.25,4.0,5.0,-2.0,0.3333333333333333,0.4166666666666667,-0.16666666666666666,3338,0.1884361893349311,0.041042540443379266,0.11414020371479928,0.04463750748951468,0.044337926902336726,0.16506890353505094,0.05632115038945476,0.24625524266027563,0.046135410425404436,0.053624925104853206,3926.8211488250654,3927.1566037735847,0.33545494851932744,4.0,4.0,0.00025467974022666496,1500,1838,-0.1012582384661474,2163.6485919712404,1763.673756740563,-0.0007638447220534427,-0.0007640392578477263,-0.0007636502852973333,-0.0007634559475037876,-0.000564201625542013,-0.0006277207173658071,0.8231097952608454,0.8231097952607646,0.0,0.0,0.8843135416633835,0.8894010034400982,-0.5589979317939624,0.5749233078600237,0.6365111677462651
2023-01-03T09:41:29.936000,2023-01-03T09:41:00.000000,1,3927.0,3933.0,3922.0,3927.0,3926.0,522,3925.0,374,3924.0,155,3923.0,192,3922.0,166,3927.0,80,3928.0,206,3929.0,596,3930.0,1665,3931.0,182,m2305,2023-01-03T09:41:29.936000,2023-01-03,0.0,11.0,0.0,6.0,5.0,-1.0,0.5454545454545454,0.45454545454545453,-0.09090909090909091,4138,0.12614789753504108,0.01933301111648139,0.09038182696955051,0.049782503624939585,0.0374577090381827,0.14403093281778637,0.04639922667955534,0.402368293861769,0.04011599806669889,0.04398260028999516,3926.8671096345515,3926.9344827586206,0.06737312406903584,4.0,4.0,0.00025467974022666496,1409,2729,-0.318994683421943,2591.566940550991,1336.3484775253744,0.0,0.0,0.0,0.0,0.000011704261227173619,-0.000056561863766612,0.8331069395684328,0.8331069395683505,0.0,0.0,0.9022527986714546,0.8616547348496525,-1.5470990665251447,1.56620605959307,1.6749614265625001
2023-01-03T09:41:59.952000,2023-01-03T09:41:30.000000,1,3927.0,3937.0,3923.0,3932.0,3931.0,195,3930.0,1025,3929.0,91,3928.0,116,3927.0,143,3932.0,86,3933.0,276,3934.0,492,3935.0,162,3936.0,175,m2305,2023-01-03T09:41:59.952000,2023-01-03,5.0,14.0,0.35714285714285715,5.0,4.0,4.0,0.35714285714285715,0.2857142857142857,0.2857142857142857,2761,0.07062658457080769,0.031148134733792104,0.37124230351321985,0.09996378123868163,0.03295907279971025,0.17819630568634554,0.042013763129300975,0.05867439333574792,0.05179282868525897,0.0633828323071351,3931.693950177936,3932.3635664873173,0.6696163093811265,4.0,4.0,0.0002543558438255119,1570,1191,0.13726910539659543,1697.0148496921406,2234.5320536037666,0.0012727505854538443,0.0012730746467981126,0.0012724266890475656,0.0012721029574530329,0.0012284287450684194,0.001381569844592957,1.6180820728238752,1.6180820728237182,0.0,0.0,1.6604495596888362,1.6880082474576374,0.6770445715959096,-0.6532129450200139,-0.19190907971921348
2023-01-03T09:42:29.964000,2023-01-03T09:42:00.000000,1,3932.0,3937.0,3925.0,3932.0,3932.0,74,3931.0,160,3930.0,1282,3929.0,177,3928.0,155,3933.0,120,3934.0,520,3935.0,172,3936.0,173,3937.0,103,m2305,2023-01-03T09:42:29.964000,2023-01-03,0.0,12.0,0.0,5.0,7.0,2.0,0.4166666666666667,0.5833333333333334,0.16666666666666666,2936,0.025204359673024524,0.04087193460490463,0.05449591280653951,0.1771117166212534,0.4366485013623978,0.05858310626702997,0.060286103542234334,0.05892370572207085,0.05279291553133515,0.03508174386920981,3932.381443298969,3931.705882352941,0.675560946027872,4.0,4.0,0.0002542911633820725,1848,1088,0.25885558583106266,1458.0718664850137,2473.5902588555855,0.00025435584519683857,0.00025442055855348883,0.00025429116475240315,0.0002542265171948822,0.00017484398060425044,-0.00016726305386497288,1.7339607976201823,1.733960797620016,0.0,0.0,1.7290047682450462,1.5587431268963499,1.318025862695669,-1.2950578201086642,0.04530821137957577
2023-01-03T09:42:59.974000,2023-01-03T09:42:30.000000,1,3932.0,3940.0,3928.0,3933.0,3933.0,260,3932.0,583,3931.0,191,3930.0,1160,3929.0,161,3934.0,196,3935.0,484,3936.0,166,3937.0,167,3938.0,305,m2305,2023-01-03T09:42:59.974000,2023-01-03,1.0,12.0,0.08333333333333333,7.0,4.0,-2.0,0.5833333333333334,0.3333333333333333,-0.16666666666666666,3673,0.07078682276068608,0.05336237408113259,0.15872583719030764,0.13177239313912334,0.05200108902804247,0.04519466376259189,0.31581813231690714,0.04546692077320991,0.04383337870950177,0.08303838823849714,3933.5701754385964,3933.639175257732,0.06899981913556985,4.0,4.0,0.00025422651582560063,2355,1318,0.28233052001089026,1412.3465831745168,2520.3174516743807,0.00025429116475240315,0.00025435584519683857,0.0002542265171948822,0.0002541619024991975,0.000302247510865792,0.000491597744171379,1.828901236054771,1.8289012360545993,0.0,0.0,1.8554983046577664,1.796848483757859,1.446344872069872,-1.42186283487593,1.0498094725051852
2023-01-03T09:43:29.959000,2023-01-03T09:43:00.000000,1,3934.0,3939.0,3928.0,3934.0,3933.0,152,3932.0,982,3931.0,188,3930.0,1171,3929.0,174,3934.0,295,3935.0,563,3936.0,204,3937.0,191,3938.0,313,m2305,2023-01-03T09:43:29.959000,2023-01-03,0.0,11.0,0.0,5.0,6.0,1.0,0.45454545454545453,0.5454545454545454,0.09090909090909091,4233,0.03590833923931018,0.0696905268131349,0.2319867706118592,0.13300259862981337,0.04441294590125207,0.04819277108433735,0.2766359555870541,0.04512166312308056,0.041105598866052445,0.07394283014410584,3933.3400447427293,3933.9067961165047,0.5667513737753325,4.0,4.0,0.00025422651582560063,2667,1566,0.260099220411056,1456.045357902197,2476.669974013702,0.0,0.0,0.0,0.0,-0.000058505992693861706,0.00006803159710791337,1.8079555542213621,1.8079555542211938,0.0,0.0,1.798524918409084,1.81726308179812,1.3021950165211382,-1.2781130699376788,1.7316428945216729
2023-01-03T09:43:59.811000,2023-01-03T09:43:30.000000,1,3934.0,3939.0,3928.0,3934.0,3933.0,904,3932.0,550,3931.0,195,3930.0,1195,3929.0,187,3934.0,4,3935.0,561,3936.0,216,3937.0,194,3938.0,293,m2305,2023-01-03T09:43:59.811000,2023-01-03,0.0,11.0,0.0,5.0,6.0,1.0,0.45454545454545453,0.5454545454545454,0.09090909090909091,4299,0.21028146080483834,0.0009304489416143289,0.1279367294719702,0.13049546406140963,0.045359385903698535,0.05024424284717376,0.27797162130728076,0.04512677366829495,0.04349848802046988,0.06815538497324959,3933.9955947136564,3933.4851485148515,0.510446198804857,4.0,4.0,0.00025422651582560063,3031,1268,0.41009537101651544,1160.9813910211676,2771.7259827866947,0.0,0.0,0.0,0.0,0.00016665107540509065,-0.00010718866049242802,1.7785761095795274,1.7785761095793642,0.0,0.0,1.859332922357261,1.7248690677761498,1.9574818751549532,-1.9375634307500613,1.7379245143330064
2023-01-03T09:44:29.884000,2023-01-03T09:44:00.000000,1,3934.0,3941.0,3929.0,3934.0,3933.0,199,3932.0,561,3931.0,199,3930.0,1225,3929.0,178,3934.0,166,3935.0,490,3936.0,464,3937.0,215,3938.0,298,m2305,2023-01-03T09:44:29.884000,2023-01-03,0.0,12.0,0.0,7.0,5.0,-2.0,0.5833333333333334,0.4166666666666667,-0.16666666666666666,3995,0.04981226533166458,0.041551939924906134,0.14042553191489363,0.12265331664580725,0.04981226533166458,0.11614518147684606,0.30663329161451813,0.05381727158948686,0.04455569461827284,0.07459324155193993,3933.545205479452,3933.6013320647003,0.05612658524842118,4.0,4.0,0.00025422651582560063,2362,1633,0.18247809762202755,1608.8803504380476,2324.0050062578225,0.0,0.0,0.0,0.0,-0.00011449301532326459,0.000029536614385517792,1.728690989931674,1.728690989931518,0.0,0.0,1.7414481122377703,1.6996477435006945,0.8643704681099567,-0.8403712237799648,1.306714618145321
2023-01-03T09:44:59.891000,2023-01-03T09:44:30.000000,1,3933.0,3939.0,3928.0,3935.0,3934.0,136,3933.0,1163,3932.0,265,3931.0,210,3930.0,1247,3935.0,287,3936.0,534,3937.0,239,3938.0,332,3939.0,187,m2305,2023-01-03T09:44:59.891000,2023-01-03,2.0,11.0,0.18181818181818182,4.0,5.0,3.0,0.36363636363636365,0.45454545454545453,0.2727272727272727,4600,0.029565217391304348,0.06239130434782609,0.25282608695652176,0.11608695652173913,0.057608695652173914,0.051956521739130436,0.04565217391304348,0.07217391304347825,0.27108695652173914,0.04065217391304348,3934.321513002364,3935.055981143194,0.7344681408299039,4.0,4.0,0.0002541619011310205,3021,1579,0.3134782608695652,1351.330652173913,2582.022391304348,0.0002542265171948822,0.00025429116475240315,0.0002541619024991975,0.00025409732064049273,0.00019733621659050966,0.0003697324809465472,1.8235988320984085,1.823598832098247,0.0,0.0,1.805822191386832,1.8535582385767406,1.4863110875517165,-1.4644376843664206,1.9883783715440075
2023-01-03T09:45:29.958000,2023-01-03T09:45:00.000000,1,3934.0,3939.0,3925.0,3930.0,3930.0,97,3929.0,184,3928.0,189,3927.0,167,3926.0,161,3931.0,148,3932.0,256,3933.0,221,3934.0,195,3935.0,446,m2305,2023-01-03T09:45:29.958000,2023-01-03,-4.0,14.0,-0.2857142857142857,5.0,5.0,-4.0,0.35714285714285715,0.35714285714285715,-0.2857142857142857,2064,0.04699612403100775,0.07170542635658915,0.08914728682170543,0.12403100775193798,0.09156976744186046,0.10707364341085271,0.0809108527131783,0.09447674418604651,0.07800387596899225,0.21608527131782945,3930.395918367347,3930.2545454545457,0.14137291280121644,4.0,4.0,0.00025442055718102023,798,1266,-0.22674418604651161,2412.6516472868216,1518.6206395348838,-0.0010172940856974727,-0.0010175528733498034,-0.0010170354296432653,-0.0010167769050868354,-0.000998279975162945,-0.0012209146145833471,1.2205648812363248,1.220564881236217,0.0,0.0,1.2099391151653864,1.156836066756824,-1.077639094780553,1.1040561143648608,-1.1270264590246912
2023-01-03T09:45:59.912000,2023-01-03T09:45:30.000000,1,3930.0,3937.0,3926.0,3932.0,3932.0,28,3931.0,166,3930.0,247,3929.0,224,3928.0,212,3933.0,508,3934.0,254,3935.0,444,3936.0,549,3937.0,235,m2305,2023-01-03T09:45:59.912000,2023-01-03,2.0,11.0,0.18181818181818182,5.0,4.0,1.0,0.45454545454545453,0.36363636363636365,0.09090909090909091,2867,0.009766306243460064,0.1771886989884897,0.057900244157656086,0.08859434949424486,0.08615277293337983,0.1548657132891524,0.07813044994768051,0.19148936170212766,0.07394489012905477,0.08196721311475409,3932.0522388059703,3932.1857142857143,0.13347547974399276,4.0,4.0,0.0002542911633820725,877,1990,-0.3882106731775375,2731.2169515172654,1202.0174398325776,0.0005087764037502004,0.000508905863400668,0.0005086470099491918,0.0005085176819472895,0.0004213243585241472,0.0004912390571390605,1.4876879057339454,1.4876879057338153,0.0,0.0,1.4301005675491467,1.4146437363814506,-1.766257885568136,1.7971372963348728,-0.16518300568110048
2023-01-03T09:46:29.880000,2023-01-03T09:46:00.000000,1,3933.0,3937.0,3926.0,3931.0,3930.0,199,3929.0,237,3928.0,404,3927.0,168,3926.0,177,3931.0,117,3932.0,297,3933.0,554,3934.0,246,3935.0,449,m2305,2023-01-03T09:46:29.880000,2023-01-03,-2.0,11.0,-0.18181818181818182,4.0,5.0,-1.0,0.36363636363636365,0.45454545454545453,-0.09090909090909091,2848,0.06987359550561797,0.04108146067415731,0.08321629213483146,0.10428370786516854,0.14185393258426968,0.19452247191011235,0.05898876404494382,0.08637640449438203,0.06214887640449438,0.15765449438202248,3930.6297468354433,3930.3314606741574,0.2982861612858869,4.0,4.0,0.00025442055718102023,1185,1663,-0.1678370786516854,2296.766853932584,1634.407654494382,-0.0005087764037502211,-0.0005089058634005399,-0.0005086470099491721,-0.0005085176819471595,-0.00036183378359815857,-0.0004716692134775186,1.2020518278330237,1.2020518278329186,0.0,0.0,1.2241997014973003,1.1581935076788585,-0.7316539505585474,0.7548081700144432,-0.22108159788413234
2023-01-03T09:46:59.975000,2023-01-03T09:46:30.000000,1,3931.0,3935.0,3925.0,3930.0,3930.0,8,3929.0,247,3928.0,398,3927.0,159,3926.0,177,3931.0,213,3932.0,347,3933.0,464,3934.0,232,3935.0,767,m2305,2023-01-03T09:46:59.975000,2023-01-03,-1.0,10.0,-0.1,4.0,5.0,0.0,0.4,0.5,0.0,3012,0.0026560424966799467,0.07071713147410359,0.08200531208499336,0.11520584329349269,0.13213811420982735,0.15405046480743692,0.052788844621513946,0.07702523240371846,0.05876494023904383,0.2546480743691899,3930.0361990950228,3930.247474747475,0.21127565245205915,4.0,4.0,0.00025442055718102023,989,2023,-0.3432934926958831,2641.9163346613545,1289.6885790172641,0.0,0.0,0.0,0.0,-0.00015101716460948702,-0.000021368890860549456,1.1964050107924789,1.1964050107923743,0.0,0.0,1.136835230295932,1.138476175497576,-1.5211866731955275,1.5464422475309725,-0.029657905281491207
2023-01-03T09:47:29.978000,2023-01-03T09:47:00.000000,1,3931.0,3936.0,3924.0,3931.0,3930.0,308,3929.0,152,3928.0,390,3927.0,175,3926.0,181,3931.0,178,3932.0,336,3933.0,374,3934.0,194,3935.0,766,m2305,2023-01-03T09:47:29.978000,2023-01-03,0.0,12.0,0.0,5.0,7.0,2.0,0.4166666666666667,0.5833333333333334,0.16666666666666666,3054,0.1008513425016372,0.058284217419777344,0.04977079240340537,0.1100196463654224,0.12770137524557956,0.12246234446627374,0.0573018991486575,0.06352324819908317,0.05926653569089718,0.2508185985592665,3930.633744855967,3929.934426229508,0.6993186264589895,4.0,4.0,0.00025442055718102023,1206,1848,-0.21021611001964635,2380.2285527177473,1551.2111984282906,0.0,0.0,0.0,0.0,0.0001520343091253355,-0.00007965426807578495,1.1908044286522006,1.190804428652097,0.0,0.0,1.2158837202467148,1.0918210669469501,-0.8994604208392175,0.9227166702984975,0.008393935750607236
2023-01-03T09:47:59.971000,2023-01-03T09:47:30.000000,1,3931.0,3937.0,3926.0,3932.0,3932.0,6,3931.0,166,3930.0,397,3929.0,171,3928.0,380,3933.0,375,3934.0,233,3935.0,749,3936.0,247,3937.0,244,m2305,2023-01-03T09:47:59.971000,2023-01-03,1.0,11.0,0.09090909090909091,5.0,5.0,1.0,0.45454545454545453,0.45454545454545453,0.09090909090909091,2968,0.0020215633423180594,0.1263477088948787,0.05592991913746631,0.07850404312668463,0.13376010781671158,0.25235849056603776,0.05761455525606469,0.0832210242587601,0.1280323450134771,0.08221024258760108,3932.015748031496,3932.248120300752,0.23237226925584764,4.0,4.0,0.0002542911633820725,1120,1848,-0.24528301886792453,2450.010781671159,1482.7651617250674,0.0005087764037502004,0.000508905863400668,0.0005086470099491918,0.0005085176819472895,0.0003515362578508501,0.000588562813020502,1.4675778690860497,1.4675778690859225,0.0,0.0,1.406956980679943,1.4085760251033308,-1.0425962713662495,1.0687212392957568,-0.12367485804225446
2023-01-03T09:48:29.941000,2023-01-03T09:48:00.000000,1,3932.0,3937.0,3926.0,3932.0,3932.0,88,3931.0,151,3930.0,341,3929.0,180,3928.0,380,3933.0,242,3934.0,233,3935.0,761,3936.0,276,3937.0,249,m2305,2023-01-03T09:48:29.941000,2023-01-03,0.0,11.0,0.0,5.0,6.0,1.0,0.45454545454545453,0.5454545454545454,0.09090909090909091,2901,0.030334367459496726,0.083419510513616,0.05205101689072734,0.0803171320234402,0.1175456739055498,0.2623233367804205,0.06204756980351603,0.09513960703205791,0.13098931402964495,0.08583247156153051,3932.266666666667,3932.1796875,0.08697916666687888,4.0,4.0,0.0002542911633820725,1140,1761,-0.2140641158221303,2388.6907962771456,1544.152705963461,0.0,0.0,0.0,0.0,0.00006381221375955397,-0.000017403122624032164,1.4603363594439767,1.46033635944385,0.0,0.0,1.434785945631601,1.3926877274524714,-0.8807661838731735,0.9062277746951902,-0.22728089918241343
2023-01-03T09:48:59.900000,2023-01-03T09:48:30.000000,1,3932.0,3938.0,3927.0,3933.0,3933.0,115,3932.0,209,3931.0,150,3930.0,322,3929.0,168,3934.0,216,3935.0,867,3936.0,280,3937.0,261,3938.0,333,m2305,2023-01-03T09:48:59.900000,2023-01-03,1.0,11.0,0.09090909090909091,5.0,5.0,1.0,0.45454545454545453,0.45454545454545453,0.09090909090909091,2921,0.03937007874015748,0.07394727832933927,0.07155083875385142,0.296816158849709,0.05135227661759671,0.09585758301951386,0.11023622047244094,0.08935296131461828,0.05751454981170832,0.1140020540910647,3933.3474320241694,3932.5827137546466,0.7647182695227457,4.0,4.0,0.00025422651582560063,964,1957,-0.33995207120849025,2636.8983224922968,1297.2492297158508,0.00025429116475240315,0.00025435584519683857,0.0002542265171948822,0.0002541619024991975,0.00027480762487040863,0.00010248911141546922,1.578752712331984,1.5787527123318468,0.0,0.0,1.5672264014445922,1.4396719599628764,-1.393029199847517,1.4203164186876647,-0.21900339500777963
2023-01-03T09:49:29.641000,2023-01-03T09:49:00.000000,1,3933.0,3939.0,3929.0,3934.0,3933.0,106,3932.0,228,3931.0,154,3930.0,326,3929.0,178,3934.0,97,3935.0,433,3936.0,300,3937.0,237,3938.0,337,m2305,2023-01-03T09:49:29.641000,2023-01-03,1.0,10.0,0.1,5.0,4.0,0.0,0.5,0.4,0.0,2396,0.04424040066777963,0.04048414023372287,0.09515859766277128,0.1807178631051753,0.0642737896494157,0.12520868113522537,0.13606010016694492,0.09891485809682804,0.07429048414023372,0.14065108514190316,3933.522167487685,3933.0347957639938,0.48737172369101245,4.0,4.0,0.00025422651582560063,992,1404,-0.17195325542570952,2306.522537562604,1627.4248747913189,0.0,0.0,0.0,0.0,0.00004442312442941712,0.00011495143497575213,1.5397683975967933,1.5397683975966596,0.0,0.0,1.55157433271064,1.4699001517012111,-0.6358297688467308,0.6619592568421107,-0.9395918811703431
2023-01-03T09:49:59.927000,2023-01-03T09:49:30.000000,1,3934.0,3939.0,3929.0,3934.0,3933.0,116,3932.0,190,3931.0,162,3930.0,336,3929.0,174,3934.0,85,3935.0,487,3936.0,423,3937.0,245,3938.0,338,m2305,2023-01-03T09:49:59.927000,2023-01-03,0.0,10.0,0.0,5.0,5.0,0.0,0.5,0.5,0.0,2556,0.04538341158059468,0.03325508607198748,0.07433489827856025,0.1905320813771518,0.06338028169014084,0.16549295774647887,0.13145539906103287,0.09585289514866979,0.06807511737089202,0.1322378716744914,3933.5771144278606,3932.8419497784344,0.7351646494262241,4.0,4.0,0.00025422651582560063,978,1578,-0.2347417840375587,2430.075117370892,1504.0125195618152,0.0,0.0,0.0,0.0,0.000013968792869660684,-0.00004903356404799425,1.4879789386643771,1.4879789386642468,0.0,0.0,1.5058277202372088,1.3990178882610422,-0.8839743414803685,0.9097426396511711,-0.7010702821599999
2023-01-03T09:50:29.979000,2023-01-03T09:50:00.000000,1,3934.0,3938.0,3928.0,3932.0,3932.0,136,3931.0,184,3930.0,349,3929.0,172,3928.0,378,3933.0,177,3934.0,164,3935.0,926,3936.0,396,3937.0,258,m2305,2023-01-03T09:50:29.979000,2023-01-03,-2.0,10.0,-0.2,4.0,4.0,-2.0,0.4,0.4,-0.2,3140,0.04331210191082802,0.05636942675159236,0.05859872611464968,0.05222929936305733,0.11114649681528663,0.2949044585987261,0.05477707006369427,0.12611464968152866,0.12038216560509554,0.0821656050955414,3932.434504792332,3932.5862068965516,0.15170210421956654,4.0,4.0,0.0002542911633820725,1219,1921,-0.22356687898089173,2407.4933121019108,1525.54076433121,-0.0002542911647523989,-0.00025435584519688844,-0.0002542265171948214,-0.00025416190249927424,-0.00029051816826032914,-0.00006502961488642692,1.3049491534136102,1.30494915341349,0.0,0.0,1.3029717547283484,1.3159167537747003,-0.8077968862422413,0.8304818052707547,0.0759860396350149
2023-01-03T09:50:59.697000,2023-01-03T09:50:30.000000,1,3932.0,3937.0,3927.0,3931.0,3931.0,150,3930.0,371,3929.0,176,3928.0,376,3927.0,172,3932.0,646,3933.0,849,3934.0,221,3935.0,893,3936.0,391,m2305,2023-01-03T09:50:59.697000,2023-01-03,-1.0,10.0,-0.1,5.0,4.0,-2.0,0.5,0.4,-0.2,4245,0.0353356890459364,0.15217903415783274,0.08739693757361602,0.2,0.0414605418138987,0.05206124852767962,0.08857479387514723,0.21036513545347468,0.04051825677267373,0.09210836277974087,3931.188442211055,3930.9122950819674,0.2761471290878035,4.0,4.0,0.0002543558438255119,1245,3000,-0.4134275618374558,2780.102237926973,1152.310011778563,-0.00025435584519688844,-0.00025442055855339385,-0.0002542911647523989,-0.0002542265171948214,-0.0003169181940955402,-0.0004257422671211942,1.1338075537484331,1.1338075537483199,0.0,0.0,1.099213491304839,1.0582407795173006,-1.595378497728511,1.615331446600803,1.5236491307656945
2023-01-03T09:51:29.952000,2023-01-03T09:51:00.000000,1,3931.0,3938.0,3927.0,3933.0,3933.0,159,3932.0,181,3931.0,128,3930.0,340,3929.0,171,3934.0,103,3935.0,469,3936.0,390,3937.0,241,3938.0,337,m2305,2023-01-03T09:51:29.952000,2023-01-03,2.0,11.0,0.18181818181818182,5.0,4.0,1.0,0.45454545454545453,0.36363636363636365,0.09090909090909091,2519,0.06312028582770941,0.04088924176260421,0.07185391028185788,0.18618499404525604,0.05081381500595474,0.15482334259626837,0.1349741961095673,0.09567288606589916,0.06788408098451766,0.13378324732036523,3933.6068702290077,3932.8353846153846,0.7714856136230992,4.0,4.0,0.00025422651582560063,979,1540,-0.22270742358078602,2406.3834855101227,1527.695911075824,0.0005086470099491918,0.0005087764037502004,0.0005085176819472895,0.0005083884196941405,0.0006150008990961149,0.0004891025628198193,1.3523841831764982,1.3523841831763541,0.0,0.0,1.3740161751045372,1.2685083451333232,-0.7295275538073801,0.7527627397291634,-0.7783032915612592
2023-01-03T09:51:59.893000,2023-01-03T09:51:30.000000,1,3933.0,3939.0,3929.0,3934.0,3934.0,26,3933.0,168,3932.0,152,3931.0,131,3930.0,339,3935.0,449,3936.0,423,3937.0,248,3938.0,348,3939.0,983,m2305,2023-01-03T09:51:59.893000,2023-01-03,1.0,10.0,0.1,5.0,4.0,0.0,0.5,0.4,0.0,3267,0.00795837159473523,0.1374349556167738,0.051423324150596875,0.12947658402203857,0.04652586470768289,0.07591062136516682,0.04009794918885828,0.10651974288337925,0.10376492194674013,0.30088766452402815,3934.0547368421053,3933.8527918781724,0.2019449639328741,4.0,4.0,0.0002541619011310205,816,2451,-0.5004591368227732,2953.9577594123048,981.9170492806857,0.0002542265171948822,0.00025429116475240315,0.0002541619024991975,0.00025409732064049273,0.00011384999405136603,0.00025866215760288175,1.4344131835710798,1.434413183570916,0.0,0.0,1.3846822295471317,1.3576245859426166,-1.8660098089978847,1.8891122535969853,0.24048386933851915
2023-01-03T09:52:29.874000,2023-01-03T09:52:00.000000,1,3934.0,3939.0,3929.0,3934.0,3933.0,151,3932.0,154,3931.0,160,3930.0,339,3929.0,171,3934.0,83,3935.0,508,3936.0,486,3937.0,259,3938.0,358,m2305,2023-01-03T09:52:29.874000,2023-01-03,0.0,10.0,0.0,5.0,5.0,0.0,0.5,0.5,0.0,2669,0.056575496440614464,0.031097789434245036,0.057699512926189585,0.19033345822405395,0.059947545897339825,0.18209067066316972,0.12701386286998875,0.09704008992131885,0.06406893967778195,0.13413263394529787,3933.6452991452993,3932.6978851963745,0.9474139489248046,4.0,4.0,0.00025422651582560063,975,1694,-0.2693892843761708,2498.2708879730235,1435.931060322218,-0.0002542265171948214,-0.0002542911647523989,-0.00025416190249927424,-0.0002540973206404316,-0.00010408065770243609,-0.0002936246742707942,1.2586800661972242,1.2586800661970712,0.0,0.0,1.2862041324641662,1.1657405547277384,-0.8555497042495351,0.8755976140911306,-0.5671525245651957
2023-01-03T09:52:59.873000,2023-01-03T09:52:30.000000,1,3934.0,3939.0,3927.0,3933.0,3932.0,62,3931.0,175,3930.0,346,3929.0,172,3928.0,166,3933.0,58,3934.0,139,3935.0,875,3936.0,481,3937.0,269,m2305,2023-01-03T09:52:59.873000,2023-01-03,-1.0,12.0,-0.08333333333333333,5.0,6.0,0.0,0.4166666666666667,0.5,0.0,2743,0.022602989427633977,0.021144732045205977,0.06379876048122493,0.05067444403937295,0.12613926358002187,0.3189938024061247,0.06270506744440393,0.17535545023696683,0.06051768137076194,0.0980678089682829,3932.516666666667,3932.671974522293,0.1553078556262335,4.0,4.0,0.0002542911633820725,921,1822,-0.32847247539190666,2614.04812249362,1319.4768501640538,-0.0002542911647523989,-0.00025435584519688844,-0.0002542265171948214,-0.00025416190249927424,-0.00028695887302664986,-6.588545623079318e-6,1.0894287596350833,1.089428759634943,0.0,0.0,1.098963196648086,1.1248364773955983,-1.075932436273001,1.0929433718914983,-0.44636107572407047
2023-01-03T09:53:29.913000,2023-01-03T09:53:00.000000,1,3933.0,3937.0,3927.0,3932.0,3931.0,185,3930.0,359,3929.0,180,3928.0,176,3927.0,168,3932.0,151,3933.0,960,3934.0,153,3935.0,881,3936.0,465,m2305,2023-01-03T09:53:29.913000,2023-01-03,-1.0,10.0,-0.1,4.0,5.0,0.0,0.4,0.5,0.0,3678,0.050299075584556825,0.04105492115280043,0.0976073953235454,0.26101141924959215,0.048939641109298535,0.041598694942903754,0.0478520935290919,0.23953235454051114,0.04567699836867863,0.1264274061990212,3931.5505952380954,3930.816527672479,0.7340675656164422,4.0,4.0,0.0002543558438255119,1068,2610,-0.4192495921696574,2791.8132137031,1140.943175638934,-0.00025435584519688844,-0.00025442055855339385,-0.0002542911647523989,-0.0002542265171948214,-0.0002456925662655802,-0.00047191443943256605,0.9267242494544559,0.9267242494543272,0.0,0.0,0.9402596206620552,0.8508265143825346,-1.4319412489977408,1.4446399166260482,0.8251410053740571
2023-01-03T09:53:59.744000,2023-01-03T09:53:30.000000,1,3932.0,3937.0,3927.0,3932.0,3932.0,40,3931.0,199,3930.0,361,3929.0,184,3928.0,181,3933.0,949,3934.0,151,3935.0,865,3936.0,464,3937.0,257,m2305,2023-01-03T09:53:59.744000,2023-01-03,0.0,10.0,0.0,5.0,5.0,0.0,0.5,0.5,0.0,3651,0.010955902492467817,0.259928786633799,0.05450561490002739,0.04135853190906601,0.09887701999452204,0.23692139139961654,0.05039715146535196,0.12708846891262668,0.049575458778416875,0.07039167351410572,3932.040444893832,3932.7057142857143,0.6652693918822479,4.0,4.0,0.0002542911633820725,965,2686,-0.4713777047384278,2894.6422897836214,1038.669679539852,0.00025435584519683857,0.00025442055855348883,0.00025429116475240315,0.0002542265171948822,0.00012458675784908868,0.00048049375113415143,1.027477145378422,1.0274771453782696,0.0,0.0,0.9747008805106121,1.0707494884631652,-1.5846224652527154,1.5972301134157607,0.7637624023797918
2023-01-03T09:54:29.939000,2023-01-03T09:54:00.000000,1,3932.0,3939.0,3927.0,3934.0,3934.0,107,3933.0,164,3932.0,190,3931.0,196,3930.0,345,3935.0,850,3936.0,466,3937.0,255,3938.0,363,3939.0,993,m2305,2023-01-03T09:54:29.939000,2023-01-03,2.0,12.0,0.16666666666666666,5.0,5.0,2.0,0.4166666666666667,0.4166666666666667,0.16666666666666666,3929,0.027233392720794097,0.21634003563247645,0.041740900992618984,0.11860524306439298,0.048358360906082976,0.06490201068974294,0.049885467039959275,0.09238992109951642,0.0878086026978875,0.25273606515652836,3934.1118077324973,3933.7809523809524,0.33085535154486934,4.0,4.0,0.0002541619011310205,1002,2927,-0.48994655128531434,2933.0063629422243,1002.6357851870705,0.0005085176819472895,0.0005086470099491918,0.0005083884196941405,0.0005082592231396135,0.0005266521216520924,0.0002733718742550814,1.2612918619528883,1.2612918619526856,0.0,0.0,1.2216213692679556,1.1824058479861825,-1.6017007506812473,1.6169621982474158,1.1073353125641672
2023-01-03T09:54:59.839000,2023-01-03T09:54:30.000000,1,3934.0,3939.0,3928.0,3934.0,3934.0,151,3933.0,355,3932.0,236,3931.0,164,3930.0,343,3935.0,368,3936.0,584,3937.0,257,3938.0,363,3939.0,995,m2305,2023-01-03T09:54:59.839000,2023-01-03,0.0,11.0,0.0,5.0,6.0,1.0,0.45454545454545453,0.5454545454545454,0.09090909090909091,3816,0.03957023060796646,0.09643605870020965,0.0930293501048218,0.1530398322851153,0.06184486373165619,0.06734800838574423,0.0429769392033543,0.09512578616352202,0.08988469601677149,0.2607442348008386,3934.290944123314,3934.134185303514,0.1567588197999612,4.0,4.0,0.0002541619011310205,1249,2567,-0.34538784067085954,2648.6666666666665,1286.916928721174,0.0,0.0,0.0,0.0,0.00004553310157032561,0.00008979073022964549,1.225176198928848,1.2251761989286363,0.0,0.0,1.2118262889907727,1.1987469876988088,-1.0132053201467557,1.0288718552158203,0.9311384168146097
2023-01-03T09:55:29.911000,2023-01-03T09:55:00.000000,1,3935.0,3944.0,3930.0,3940.0,3939.0,219,3938.0,231,3937.0,140,3936.0,242,3935.0,365,3940.0,123,3941.0,174,3942.0,228,3943.0,206,3944.0,139,m2305,2023-01-03T09:55:29.911000,2023-01-03,5.0,14.0,0.35714285714285715,4.0,5.0,6.0,0.2857142857142857,0.35714285714285715,0.42857142857142855,2067,0.10595065312046444,0.059506531204644414,0.11175616835994194,0.0841799709724238,0.06773101112723755,0.11030478955007257,0.11707789066279632,0.09966134494436381,0.17658442186744072,0.06724721819061441,3939.6403508771928,3939.711111111111,0.0707602339184632,4.0,4.0,0.00025383931971062316,1197,870,0.15820029027576196,1659.218190614417,2279.7706821480406,0.0012701640219015976,0.001270486767261275,0.001269841440475937,0.0012695190228595996,0.0013587640980049498,0.001416570057002291,1.8433354807249642,1.8433354807246283,0.0,0.0,1.8821471778506207,1.9066360564682845,0.985483468968455,-0.9560323495389683,-1.3543229402853534
2023-01-03T09:55:59.967000,2023-01-03T09:55:30.000000,1,3940.0,3946.0,3932.0,3936.0,3936.0,199,3935.0,199,3934.0,274,3933.0,259,3932.0,258,3937.0,115,3938.0,313,3939.0,248,3940.0,266,3941.0,255,m2305,2023-01-03T09:55:59.967000,2023-01-03,-4.0,14.0,-0.2857142857142857,6.0,4.0,-6.0,0.42857142857142855,0.2857142857142857,-0.42857142857142855,2386,0.08340318524727577,0.04819782062028499,0.08340318524727577,0.13118189438390612,0.11483654652137469,0.10393964794635373,0.10854987426655491,0.11148365465213747,0.10813076278290025,0.10687342833193629,3936.6337579617834,3936.166015625,0.4677423367834308,4.0,4.0,0.00025403277022735933,1189,1197,-0.003352891869237217,1976.2011735121541,1960.3302598491198,-0.0007619047987618025,-0.0007620983475672547,-0.000761711348241978,-0.0007615179959328381,-0.0007634556694951687,-0.0009002415016098523,1.3867109464271075,1.3867109464268415,0.0,0.0,1.420354071832379,1.369486769432072,0.32774464019356403,-0.3064820347144358,-0.9499307152782059
2023-01-03T09:56:29.962000,2023-01-03T09:56:00.000000,1,3937.0,3941.0,3932.0,3936.0,3936.0,126,3935.0,194,3934.0,287,3933.0,302,3932.0,282,3937.0,103,3938.0,262,3939.0,215,3940.0,268,3941.0,266,m2305,2023-01-03T09:56:29.962000,2023-01-03,-1.0,9.0,-0.1111111111111111,4.0,4.0,-1.0,0.4444444444444444,0.4444444444444444,-0.1111111111111111,2305,0.054663774403470713,0.04468546637744035,0.0841648590021692,0.11366594360086768,0.1245119305856833,0.09327548806941431,0.13101952277657267,0.11626898047722342,0.12234273318872017,0.11540130151843818,3936.5502183406115,3936.2763157894738,0.2739025511377804,4.0,4.0,0.00025403277022735933,1191,1114,0.0334056399132321,1903.851626898048,2032.5266811279828,0.0,0.0,0.0,0.0,-0.000021221305491298367,0.000028021841212125123,1.34376259524025,1.343762595239978,0.0,0.0,1.3648996805243268,1.34299380418611,0.4612336356397414,-0.4405209519315526,-1.0547987590597707
2023-01-03T09:56:59.405000,2023-01-03T09:56:30.000000,1,3936.0,3941.0,3932.0,3936.0,3936.0,183,3935.0,218,3934.0,281,3933.0,329,3932.0,287,3937.0,128,3938.0,288,3939.0,217,3940.0,266,3941.0,274,m2305,2023-01-03T09:56:59.405000,2023-01-03,0.0,9.0,0.0,5.0,4.0,-1.0,0.5555555555555556,0.4444444444444444,-0.1111111111111111,2471,0.07405908539053015,0.05180089032780251,0.08822339133953865,0.11655200323755564,0.11371914204775395,0.08781869688385269,0.13314447592067988,0.10764872521246459,0.11614730878186968,0.11088628085795224,3936.588424437299,3936.292490118577,0.2959343187221748,4.0,4.0,0.00025403277022735933,1298,1173,0.050586806960744635,1869.9785511938485,2066.3751517604205,0.0,0.0,0.0,0.0,9.705429669539419e-6,4.109034675222868e-6,1.3036101873988906,1.3036101873986112,0.0,0.0,1.3287760260893438,1.3085373606798816,0.5081581680424352,-0.48779369994569804,-0.8182425959245615
2023-01-03T09:57:29.939000,2023-01-03T09:57:00.000000,1,3936.0,3943.0,3932.0,3938.0,3937.0,89,3936.0,278,3935.0,184,3934.0,262,3933.0,327,3938.0,118,3939.0,169,3940.0,286,3941.0,275,3942.0,329,m2305,2023-01-03T09:57:29.939000,2023-01-03,2.0,11.0,0.18181818181818182,5.0,4.0,1.0,0.45454545454545453,0.36363636363636365,0.09090909090909091,2317,0.038411739318083726,0.050927924039706515,0.11998273629693569,0.07293914544669831,0.07941303409581356,0.12343547690979716,0.11307725507121277,0.11868795856711264,0.14113077255071213,0.1419939577039275,3937.4299516908213,3937.8657718120803,0.4358201212589847,4.0,4.0,0.00025396825396825396,1140,1177,-0.015968925334484248,2001.686663789383,1935.8826068191627,0.0002540327715934676,0.00025409732064049273,0.0002539682553332658,0.00025390377183503093,0.0002137478518662075,0.0003996063228868205,1.3902573196699546,1.3902573196696504,0.0,0.0,1.3946733967287976,1.4731273979833523,0.2459750305467767,-0.2248241287689203,-0.9874611607306185
2023-01-03T09:57:59.794000,2023-01-03T09:57:30.000000,1,3938.0,3944.0,3933.0,3939.0,3939.0,179,3938.0,238,3937.0,559,3936.0,270,3935.0,194,3940.0,313,3941.0,307,3942.0,436,3943.0,237,3944.0,172,m2305,2023-01-03T09:57:59.794000,2023-01-03,1.0,11.0,0.09090909090909091,5.0,5.0,1.0,0.45454545454545453,0.45454545454545453,0.09090909090909091,2905,0.06161790017211704,0.10774526678141136,0.0819277108433735,0.10567986230636833,0.19242685025817555,0.15008605851979345,0.09294320137693632,0.08158347676419965,0.06678141135972461,0.059208261617900174,3939.3638211382113,3939.3100917431193,0.053729395091977494,4.0,4.0,0.00025383931971062316,1440,1465,-0.008605851979345954,1987.8409638554215,1951.5380378657485,0.0005078720271684515,0.0005080010269267893,0.0005077430929086551,0.0005076142240977125,0.0004910296097677568,0.0003667100931202811,1.607402220733271,1.6074022207329055,0.0,0.0,1.6038765884238464,1.61861402035727,0.2528912705485703,-0.22815807474172067,-0.18928876022328497
2023-01-03T09:58:29.852000,2023-01-03T09:58:00.000000,1,3939.0,3946.0,3935.0,3941.0,3941.0,146,3940.0,289,3939.0,316,3938.0,395,3937.0,646,3942.0,468,3943.0,243,3944.0,214,3945.0,516,3946.0,155,m2305,2023-01-03T09:58:29.852000,2023-01-03,2.0,11.0,0.18181818181818182,5.0,4.0,1.0,0.45454545454545453,0.36363636363636365,0.09090909090909091,3388,0.04309327036599764,0.1381345926800472,0.08530106257378985,0.07172373081463991,0.09327036599763873,0.06316410861865407,0.11658795749704841,0.15230224321133412,0.19067296340023612,0.045749704840613935,3941.2377850162866,3941.6296992481202,0.3919142318336526,4.0,4.0,0.00025371051630090067,1792,1596,0.05785123966942149,1857.8131641086186,2083.1115702479337,0.0005076142240977125,0.0005077430929086551,0.0005074854206859363,0.0005073566826234171,0.00047558904942833485,0.0005886626807213143,1.8096193675314285,1.809619367531004,0.0,0.0,1.7914450960574053,1.864352744687287,0.5035123774167027,-0.4749363385954818,0.5015669142206963
2023-01-03T09:58:59.871000,2023-01-03T09:58:30.000000,1,3942.0,3949.0,3936.0,3943.0,3943.0,143,3942.0,308,3941.0,267,3940.0,586,3939.0,303,3944.0,75,3945.0,467,3946.0,154,3947.0,110,3948.0,314,m2305,2023-01-03T09:58:59.871000,2023-01-03,1.0,13.0,0.07692307692307693,6.0,6.0,1.0,0.46153846153846156,0.46153846153846156,0.07692307692307693,2727,0.05243857719105244,0.027502750275027504,0.11294462779611295,0.17125045837917124,0.09790979097909791,0.05647231389805647,0.21488815548221488,0.04033736707004034,0.1111111111111111,0.11514484781811514,3943.6559633027523,3943.192258064516,0.4637052382363436,4.0,4.0,0.00025358184354000256,1607,1120,0.17858452511917858,1620.6971030436375,2322.181518151815,0.0005073566826234171,0.0005074854206859363,0.0005072280098604675,0.0005070994023473997,0.0006133699297586622,0.00039634600383126484,1.9936132265547695,1.9936132265542923,0.0,0.0,2.0299188786800286,1.9908696633798628,0.972555010977872,-0.9388039817357957,-0.38809233059198034
2023-01-03T09:59:29.941000,2023-01-03T09:59:00.000000,1,3944.0,3949.0,3938.0,3943.0,3943.0,190,3942.0,621,3941.0,315,3940.0,281,3939.0,264,3944.0,92,3945.0,534,3946.0,235,3947.0,138,3948.0,334,m2305,2023-01-03T09:59:29.941000,2023-01-03,-1.0,11.0,-0.09090909090909091,5.0,5.0,-1.0,0.45454545454545453,0.45454545454545453,-0.09090909090909091,3004,0.06324900133155792,0.03062583222370173,0.20672436750998668,0.177762982689747,0.1048601864181092,0.07822902796271637,0.09354194407456724,0.045938748335552594,0.08788282290279627,0.11118508655126498,3943.673758865248,3943.612987012987,0.060771852261041204,4.0,4.0,0.00025358184354000256,1671,1333,0.11251664447403462,1751.0339547270305,2192.277962716378,0.0,0.0,0.0,0.0,4.512442898333618e-6,0.00010669185704382081,1.9153570326525362,1.9153570326520653,0.0,0.0,1.9511413537167084,1.9630167017230602,0.6740886323564772,-0.6412142078425308,0.06926254974662534
2023-01-03T09:59:59.980000,2023-01-03T09:59:30.000000,1,3944.0,3950.0,3939.0,3945.0,3945.0,265,3944.0,220,3943.0,478,3942.0,429,3941.0,266,3946.0,54,3947.0,149,3948.0,361,3949.0,180,3950.0,873,m2305,2023-01-03T09:59:59.980000,2023-01-03,1.0,11.0,0.09090909090909091,5.0,5.0,1.0,0.45454545454545453,0.45454545454545453,0.09090909090909091,3275,0.08091603053435115,0.01648854961832061,0.06717557251908397,0.04549618320610687,0.14595419847328245,0.11022900763358778,0.13099236641221373,0.0549618320610687,0.08122137404580153,0.2665648854961832,3945.830721003135,3945.788617886179,0.04210311695578639,4.0,4.0,0.0002534533012292485,1658,1617,0.012519083969465649,1949.7969465648853,1996.1169465648854,0.0005070994023473997,0.0005072280098604675,0.0005069708600345263,0.0005068423828726033,0.0005467928175037219,0.000551532559070444,2.069101043267426,2.069101043266924,0.0,0.0,2.1213857347339213,2.1369699793010706,0.2484211847632674,-0.21290615426730894,0.4721721998096232
2023-01-03T10:00:29.834000,2023-01-03T10:00:00.000000,1,3946.0,3952.0,3941.0,3947.0,3946.0,86,3945.0,327,3944.0,548,3943.0,472,3942.0,185,3947.0,163,3948.0,317,3949.0,234,3950.0,905,3951.0,126,m2305,2023-01-03T10:00:29.834000,2023-01-03,1.0,11.0,0.09090909090909091,5.0,5.0,1.0,0.45454545454545453,0.45454545454545453,0.09090909090909091,3363,0.025572405590246802,0.04846862920011894,0.09723461195361284,0.09426107641986321,0.16294974724947964,0.0695807314897413,0.14035087719298245,0.26910496580434135,0.055010407374368124,0.03746654772524532,3946.3453815261046,3946.523291925466,0.17791039936128072,4.0,4.0,0.0002533890789306981,1618,1745,-0.03776390127862028,2049.21766280107,1897.4275944097535,0.0002534533025860924,0.0002535175574485346,0.0002533890802865442,0.0002533248905250335,0.00013042297004353497,0.00018617460886086212,2.082150396703781,2.0821503967032857,0.0,0.0,2.072808352294663,2.1139588452324634,0.056034793985275264,-0.020464366266040725,0.5876505473102318
2023-01-03T10:00:59.876000,2023-01-03T10:00:30.000000,1,3947.0,3954.0,3942.0,3948.0,3948.0,124,3947.0,633,3946.0,328,3945.0,267,3944.0,215,3949.0,225,3950.0,667,3951.0,164,3952.0,161,3953.0,93,m2305,2023-01-03T10:00:59.876000,2023-01-03,1.0,12.0,0.08333333333333333,6.0,5.0,0.0,0.5,0.4166666666666667,0.0,2877,0.04310045185957595,0.07820646506777894,0.22002085505735142,0.23183872088981577,0.11400764685436218,0.05700382342718109,0.09280500521376434,0.05596107055961071,0.07473062217587766,0.03232533889468196,3948.3553008595986,3948.460769230769,0.10546837117044561,4.0,4.0,0.0002532607319235153,1567,1310,0.08932916232186305,1798.762599930483,2149.310392770247,0.0005067139708114992,0.0005068423828726033,0.0005065856238024143,0.0005064573417954385,0.0005091819076570551,0.0004908122243667041,2.200928857426503,2.2009288574259935,0.0,0.0,2.1945698407046406,2.2221291100655263,0.6173704346439811,-0.5771795468146367,-0.21183355738664736
2023-01-03T10:01:29.969000,2023-01-03T10:01:00.000000,1,3948.0,3960.0,3943.0,3950.0,3950.0,16,3949.0,216,3948.0,225,3947.0,571,3946.0,313,3951.0,174,3952.0,290,3953.0,155,3954.0,198,3955.0,189,m2305,2023-01-03T10:01:29.969000,2023-01-03,2.0,17.0,0.11764705882352941,10.0,5.0,-3.0,0.5882352941176471,0.29411764705882354,-0.17647058823529413,2347,0.006817213463996591,0.07413719642096293,0.09203238176395398,0.12356199403493821,0.09586706433745207,0.06604175543246697,0.24328930549637837,0.08436301661695782,0.13336173838943333,0.08052833404345973,3950.084210526316,3950.280632411067,0.19642188475108924,4.0,4.0,0.00025313251487153526,1341,1006,0.14273540690242864,1694.3570515551764,2255.355347251811,0.0005064573417954385,0.0005065856238024143,0.0005063291247413282,0.0005062009725908393,0.00043778513257913907,0.0004607982765763623,2.300330342452304,2.300330342451787,0.0,0.0,2.265760949296115,2.302231751103467,0.8611643365326258,-0.8181461837770716,-1.060986717169889
2023-01-03T10:01:59.966000,2023-01-03T10:01:30.000000,1,3950.0,3956.0,3945.0,3950.0,3950.0,612,3949.0,490,3948.0,225,3947.0,345,3946.0,262,3951.0,66,3952.0,176,3953.0,186,3954.0,217,3955.0,224,m2305,2023-01-03T10:01:59.966000,2023-01-03,0.0,11.0,0.0,6.0,5.0,-1.0,0.5454545454545454,0.45454545454545453,-0.09090909090909091,2803,0.21833749554049234,0.023546200499464858,0.17481270067784516,0.06278986799857296,0.08027113806635748,0.06635747413485552,0.12308241170174812,0.07741705315733143,0.09347128077060292,0.07991437745272922,3950.902654867257,3951.2072072072074,0.30455233995053277,4.0,4.0,0.00025313251487153526,1934,869,0.37995005351409206,1225.6560827684625,2724.3228683553334,0.0,0.0,0.0,0.0,0.0002071752194535199,0.00023453172850353957,2.1837728400200453,2.183772840019556,0.0,0.0,2.236966365799723,2.281330492054558,1.803046713052029,-1.7617355237961847,-0.3359651803900925
2023-01-03T10:02:29.943000,2023-01-03T10:02:00.000000,1,3950.0,3956.0,3945.0,3950.0,3949.0,373,3948.0,296,3947.0,203,3946.0,250,3945.0,277,3950.0,18,3951.0,250,3952.0,209,3953.0,215,3954.0,220,m2305,2023-01-03T10:02:29.943000,2023-01-03,0.0,11.0,0.0,6.0,5.0,-1.0,0.5454545454545454,0.45454545454545453,-0.09090909090909091,2311,0.16140199048031156,0.007788836001730853,0.1280830809173518,0.1081782778018174,0.08784076157507573,0.09043704024231934,0.1081782778018174,0.09303331890956296,0.11986153180441367,0.0951968844655993,3949.9539641943734,3949.6263736263736,0.3275905679997777,4.0,4.0,0.000253196607165464,1399,912,0.2107312851579403,1559.7546516659454,2389.4811769796625,-0.0002531966085181148,-0.0002532607332772212,-0.0002531325162231551,-0.00025306845636768253,-0.00024014881504218747,-0.00040016881402599045,1.9693953713713073,1.9693953713708665,0.0,0.0,2.02277850834828,1.9953922818558825,1.088873935082562,-1.0521902631776163,-1.1098233714897976
2023-01-03T10:02:59.978000,2023-01-03T10:02:30.000000,1,3950.0,3956.0,3943.0,3947.0,3947.0,156,3946.0,179,3945.0,287,3944.0,158,3943.0,390,3948.0,149,3949.0,205,3950.0,166,3951.0,149,3952.0,269,m2305,2023-01-03T10:02:59.978000,2023-01-03,-3.0,13.0,-0.23076923076923078,6.0,4.0,-5.0,0.46153846153846156,0.3076923076923077,-0.38461538461538464,2108,0.07400379506641366,0.0706831119544592,0.0849146110056926,0.09724857685009487,0.13614800759013282,0.07874762808349146,0.07495256166982922,0.0706831119544592,0.18500948766603414,0.12760910815939278,3947.511475409836,3947.3984375,0.11303790983583895,4.0,4.0,0.000253324889170361,1170,938,0.11005692599620494,1757.7248576850093,2189.3752371916507,-0.0005065856238023172,-0.0005067139708115235,-0.0005064573417953089,-0.0005063291247412658,-0.0006185500604192521,-0.0005642469762395323,1.6755143121751315,1.6755143121747502,0.0,0.0,1.679044539694853,1.6754083834970406,0.6727953241871032,-0.6419639015117952,-1.4132997319046146
2023-01-03T10:03:29.971000,2023-01-03T10:03:00.000000,1,3948.0,3953.0,3943.0,3948.0,3947.0,303,3946.0,165,3945.0,287,3944.0,168,3943.0,395,3948.0,150,3949.0,250,3950.0,154,3951.0,170,3952.0,263,m2305,2023-01-03T10:03:29.971000,2023-01-03,0.0,10.0,0.0,5.0,5.0,0.0,0.5,0.5,0.0,2305,0.1314533622559653,0.0650759219088937,0.07158351409978309,0.10845986984815618,0.1245119305856833,0.0668112798264642,0.07288503253796096,0.0737527114967462,0.17136659436008678,0.11409978308026031,3947.6688741721855,3947.1927710843374,0.47610308784805966,4.0,4.0,0.000253324889170361,1318,987,0.1436008676789588,1691.4516268980476,2255.6715835141,0.0,0.0,0.0,0.0,0.000039872113213751525,-0.00005210311978805071,1.6150949815983946,1.6150949815980145,0.0,0.0,1.6340595594530347,1.592478330087105,0.8227467126183121,-0.7936038373605167,-1.0923827120090928
2023-01-03T10:03:59.967000,2023-01-03T10:03:30.000000,1,3948.0,3952.0,3938.0,3943.0,3943.0,143,3942.0,256,3941.0,191,3940.0,156,3939.0,159,3944.0,97,3945.0,323,3946.0,136,3947.0,202,3948.0,212,m2305,2023-01-03T10:03:59.967000,2023-01-03,-5.0,14.0,-0.35714285714285715,4.0,5.0,-4.0,0.2857142857142857,0.35714285714285715,-0.2857142857142857,1875,0.07626666666666666,0.05173333333333333,0.13653333333333334,0.17226666666666668,0.10186666666666666,0.07253333333333334,0.0832,0.10773333333333333,0.0848,0.11306666666666666,3943.5958333333333,3943.3264248704663,0.26940846286697706,4.0,4.0,0.00025358184354000256,905,970,-0.034666666666666665,2041.4554666666672,1902.2256,-0.0010139417852199318,-0.0010141988698951592,-0.0010136848308461204,-0.0010134280066748252,-0.0010322911096045109,-0.0009799980019790018,1.139714102890064,1.1397141028897837,0.0,0.0,1.1509842362994216,1.131388392509345,0.07943966944427966,-0.057192740596049695,-1.727734395951423
2023-01-03T10:04:29.900000,2023-01-03T10:04:00.000000,1,3943.0,3949.0,3936.0,3943.0,3943.0,99,3942.0,248,3941.0,281,3940.0,325,3939.0,159,3944.0,162,3945.0,348,3946.0,152,3947.0,146,3948.0,218,m2305,2023-01-03T10:04:29.900000,2023-01-03,0.0,13.0,0.0,6.0,7.0,1.0,0.46153846153846156,0.5384615384615384,0.07692307692307693,2138,0.04630495790458372,0.07577174929840973,0.11599625818521983,0.1627689429373246,0.1314312441534144,0.07109448082319925,0.1520112254443405,0.06828811973807297,0.07436856875584659,0.1019644527595884,3943.3793103448274,3943.248322147651,0.13098819717652077,4.0,4.0,0.00025358184354000256,1112,1026,0.040224508886810104,1893.5949485500469,2049.6702525724977,0.0,0.0,0.0,0.0,-0.00005490647164876509,-0.00001980650036881484,1.1045298393604548,1.10452983936017,0.0,0.0,1.0923475632095452,1.0884270552504822,0.40628949838085676,-0.38660858089653305,-1.2985720667275684
2023-01-03T10:04:59.976000,2023-01-03T10:04:30.000000,1,3944.0,3953.0,3939.0,3946.0,3946.0,195,3945.0,167,3944.0,179,3943.0,180,3942.0,227,3947.0,48,3948.0,186,3949.0,282,3950.0,172,3951.0,249,m2305,2023-01-03T10:04:59.976000,2023-01-03,2.0,14.0,0.14285714285714285,7.0,5.0,0.0,0.5,0.35714285714285715,0.0,1885,0.10344827586206896,0.02546419098143236,0.08859416445623342,0.0986737400530504,0.09496021220159151,0.1496021220159151,0.09549071618037135,0.09124668435013263,0.12042440318302387,0.13209549071618037,3946.8024691358023,3946.4192634560904,0.3832056797118639,4.0,4.0,0.0002533890789306981,948,937,0.005835543766578249,1963.1835543766576,1983.466843501326,0.0007605527049335294,0.000760745567309132,0.0007603599403211582,0.000760167273397525,0.0008677009228490547,0.000803821313070824,1.3956218690295583,1.395621869029178,0.0,0.0,1.4279161219644358,1.398019772355272,0.26636319075370934,-0.24003338451982648,-1.6293918080160528
2023-01-03T10:05:29.852000,2023-01-03T10:05:00.000000,1,3947.0,3955.0,3942.0,3949.0,3949.0,37,3948.0,213,3947.0,164,3946.0,180,3945.0,160,3950.0,156,3951.0,237,3952.0,250,3953.0,183,3954.0,192,m2305,2023-01-03T10:05:29.852000,2023-01-03,2.0,13.0,0.15384615384615385,6.0,5.0,1.0,0.46153846153846156,0.38461538461538464,0.07692307692307693,1772,0.0208803611738149,0.08803611738148984,0.12020316027088036,0.13374717832957111,0.09255079006772009,0.14108352144469527,0.10158013544018059,0.10327313769751693,0.09029345372460497,0.10835214446952596,3949.1917098445597,3949.42,0.22829015544039066,4.0,4.0,0.000253196607165464,754,1018,-0.1489841986455982,2270.4029345372464,1679.359480812641,0.0007599747040888015,0.000760167273397525,0.0007597822323204938,0.0007595898580185516,0.0006051779491017199,0.0007600804900534159,1.6842029792951079,1.68420297929462,0.0,0.0,1.6487967804597286,1.6874990152817577,-0.38013010807523184,0.414013300458749,-1.741941357777875
2023-01-03T10:05:59.969000,2023-01-03T10:05:30.000000,1,3950.0,3954.0,3944.0,3948.0,3948.0,149,3947.0,227,3946.0,176,3945.0,168,3944.0,180,3949.0,63,3950.0,209,3951.0,265,3952.0,266,3953.0,196,m2305,2023-01-03T10:05:59.969000,2023-01-03,-2.0,10.0,-0.2,4.0,4.0,-2.0,0.4,0.4,-0.2,1899,0.0784623486045287,0.03317535545023697,0.119536598209584,0.110057925223802,0.09268035808320169,0.1395471300684571,0.08846761453396525,0.14007372301211163,0.0947867298578199,0.10321221695629279,3948.7028301886794,3948.5619266055046,0.14090358317480423,4.0,4.0,0.0002532607319235153,900,999,-0.052132701421800945,2078.6582411795684,1870.1406003159557,-0.0002532607332772212,-0.0002533248905251337,-0.0002531966085181148,-0.0002531325162231551,-0.0001237999960690163,-0.0002172892786652177,1.5458662959422746,1.5458662959417881,0.0,0.0,1.567035904829793,1.5611455805515648,0.049217412775473535,-0.019795449495655034,-1.4953480255838596
2023-01-03T10:06:29.991000,2023-01-03T10:06:00.000000,1,3949.0,3954.0,3943.0,3949.0,3948.0,162,3947.0,230,3946.0,175,3945.0,170,3944.0,181,3949.0,46,3950.0,349,3951.0,279,3952.0,323,3953.0,208,m2305,2023-01-03T10:06:29.991000,2023-01-03,0.0,11.0,0.0,5.0,6.0,1.0,0.45454545454545453,0.5454545454545454,0.09090909090909091,2123,0.07630711257654263,0.02166745171926519,0.10833725859632595,0.16439001413094678,0.08243052284503062,0.13141780499293454,0.08007536504945831,0.1521431935939708,0.08525671219971738,0.09797456429580782,3948.778846153846,3948.1917098445597,0.5871363092865067,4.0,4.0,0.0002532607319235153,918,1205,-0.13518605746585022,2242.7004239284033,1706.288271314178,0.0,0.0,0.0,0.0,0.000019250684783968798,-0.00009376429309054519,1.5329392538335558,1.5329392538330193,0.0,0.0,1.5608063077299057,1.5067444020817475,-0.2931812696783648,0.3233169423335846,-1.131284910930882
2023-01-03T10:06:59.974000,2023-01-03T10:06:30.000000,1,3948.0,3956.0,3943.0,3951.0,3950.0,157,3949.0,138,3948.0,141,3947.0,203,3946.0,175,3951.0,126,3952.0,328,3953.0,214,3954.0,258,3955.0,401,m2305,2023-01-03T10:06:59.974000,2023-01-03,3.0,13.0,0.23076923076923078,5.0,5.0,3.0,0.38461538461538464,0.38461538461538464,0.23076923076923078,2141,0.0733302195235871,0.058851004203643156,0.06445586174684727,0.15319943951424567,0.0658570761326483,0.09995329285380664,0.0948155067725362,0.12050443717888837,0.08173750583839327,0.187295656235404,3950.5547703180214,3949.8884120171674,0.6663583008539717,4.0,4.0,0.00025313251487153526,814,1327,-0.23960765997197572,2450.3087342363383,1500.9673049976645,0.0005064573417954385,0.0005065856238024143,0.0005063291247413282,0.0005062009725908393,0.00044963898989977633,0.00042964927489452115,1.755216556199075,1.7552165561983986,0.0,0.0,1.7539513061993335,1.6951841871725455,-0.722450143450182,0.7579298174671129,-1.0691695020468202
2023-01-03T10:07:29.982000,2023-01-03T10:07:00.000000,1,3951.0,3957.0,3946.0,3952.0,3951.0,152,3950.0,154,3949.0,127,3948.0,157,3947.0,343,3952.0,1,3953.0,209,3954.0,283,3955.0,415,3956.0,319,m2305,2023-01-03T10:07:29.982000,2023-01-03,1.0,11.0,0.09090909090909091,5.0,5.0,1.0,0.45454545454545453,0.45454545454545453,0.09090909090909091,2160,0.07037037037037037,0.000462962962962963,0.0712962962962963,0.09675925925925925,0.0587962962962963,0.1310185185185185,0.07268518518518519,0.19212962962962962,0.1587962962962963,0.1476851851851852,3951.9934640522874,3951.2727272727275,0.7207367795599566,4.0,4.0,0.00025306845501708213,933,1227,-0.1361111111111111,2246.4814814814813,1705.5703703703705,0.0002531325162232701,0.00025319660851803096,0.00025306845636778705,0.00025300442892716915,0.0003641088184449328,0.000350408059099293,1.835715888995161,1.835715888994412,0.0,0.0,1.8832126845390667,1.8216148203351599,-0.27394506732304363,0.3079010345394622,-1.0270904346487753
2023-01-03T10:07:59.874000,2023-01-03T10:07:30.000000,1,3952.0,3958.0,3948.0,3952.0,3952.0,87,3951.0,175,3950.0,196,3949.0,154,3948.0,157,3953.0,199,3954.0,333,3955.0,446,3956.0,326,3957.0,121,m2305,2023-01-03T10:07:59.874000,2023-01-03,0.0,10.0,0.0,6.0,4.0,-2.0,0.6,0.4,-0.2,2194,0.03965360072926162,0.09070191431175935,0.07976298997265269,0.15177757520510482,0.08933454876937101,0.203281677301732,0.07019143117593436,0.14858705560619873,0.0715587967183227,0.055150410209662715,3952.304195804196,3952.033464566929,0.27073123726677295,4.0,4.0,0.0002530044275774826,769,1425,-0.29899726526891524,2568.692798541477,1384.426162260711,0.00025306845636778705,0.0002531325162232701,0.00025300442892716915,0.00025294043387678194,0.00007862349456979328,0.0001925111537083926,1.887272719382748,1.8872727193819698,0.0,0.0,1.8490479634005668,1.8488369118939034,-0.9450759427603833,0.9838132208095678,-0.9565193529405839
2023-01-03T10:08:29.974000,2023-01-03T10:08:00.000000,1,3952.0,3958.0,3946.0,3952.0,3952.0,129,3951.0,178,3950.0,189,3949.0,143,3948.0,158,3953.0,203,3954.0,349,3955.0,443,3956.0,337,3957.0,153,m2305,2023-01-03T10:08:29.974000,2023-01-03,0.0,12.0,0.0,6.0,6.0,0.0,0.5,0.5,0.0,2282,0.05652936021034181,0.08895705521472393,0.07800175284837861,0.15293602103418055,0.08282208588957055,0.19412795793163892,0.06266432953549518,0.1476774758983348,0.06923751095530237,0.06704645048203331,3952.3885542168673,3952.013282732448,0.37527148441949976,4.0,4.0,0.0002530044275774826,797,1485,-0.30148992112182293,2573.6472392638034,1379.5473269062227,0.0,0.0,0.0,0.0,0.000021343881499969304,-5.106709291195157e-6,1.8262535550383678,1.826253555037594,0.0,0.0,1.8012246148223523,1.7896491248568496,-0.9502521343021735,0.986979896693153,-0.8487701727381876
2023-01-03T10:08:59.895000,2023-01-03T10:08:30.000000,1,3952.0,3957.0,3946.0,3952.0,3950.0,246,3949.0,145,3948.0,163,3947.0,306,3946.0,138,3952.0,174,3953.0,288,3954.0,343,3955.0,453,3956.0,333,m2305,2023-01-03T10:08:59.895000,2023-01-03,0.0,11.0,0.0,5.0,6.0,1.0,0.45454545454545453,0.5454545454545454,0.09090909090909091,2589,0.09501738122827347,0.06720741599073002,0.05600617999227501,0.11123986095017381,0.06295867130166087,0.1324835843955195,0.11819235225955968,0.1749710312862109,0.05330243337195829,0.12862108922363846,3951.1714285714284,3950.339491916859,0.8319366545692901,4.0,4.0,0.0005062009617818274,998,1591,-0.22904596369254537,2430.010428736964,1521.8845113943607,-0.0005062009725908441,-0.0005063291247412658,-0.00025300442892703775,-0.00025294043387667244,-0.0003079942855399182,-0.0004236183547736948,1.655168801801409,1.5369314805153693,0.0,0.0,1.607276605637634,1.5353964838887793,-0.6187071706014954,0.6502035071891066,-0.3904286534356164
2023-01-03T10:09:29.837000,2023-01-03T10:09:00.000000,1,3952.0,3956.0,3946.0,3952.0,3951.0,74,3950.0,287,3949.0,203,3948.0,167,3947.0,301,3952.0,184,3953.0,252,3954.0,333,3955.0,438,3956.0,317,m2305,2023-01-03T10:09:29.837000,2023-01-03,0.0,10.0,0.0,4.0,6.0,2.0,0.4,0.6,0.2,2556,0.028951486697965573,0.07198748043818466,0.1122848200312989,0.09859154929577464,0.07942097026604068,0.13028169014084506,0.06533646322378717,0.17136150234741784,0.11776212832550861,0.12402190923317684,3951.2868217054265,3951.5974025974024,0.31058089197586014,4.0,4.0,0.00025306845501708213,1032,1524,-0.19248826291079812,2357.7261345852894,1594.3012519561817,0.0002531325162232701,0.00025319660851803096,0.0,0.0,0.00002920436409831561,0.0003183803434427918,1.5977951069989376,1.605120305260017,0.0,0.0,1.5656362118731444,1.6324242821021708,-0.46450115876199416,0.49469887454428696,-0.4379570108781322
2023-01-03T10:09:59.793000,2023-01-03T10:09:30.000000,1,3952.0,3957.0,3946.0,3951.0,3951.0,153,3950.0,353,3949.0,145,3948.0,167,3947.0,294,3952.0,61,3953.0,264,3954.0,354,3955.0,452,3956.0,328,m2305,2023-01-03T10:09:59.793000,2023-01-03,-1.0,11.0,-0.09090909090909091,5.0,5.0,-1.0,0.45454545454545453,0.45454545454545453,-0.09090909090909091,2571,0.059509918319719954,0.023726176584986387,0.13730066122131465,0.10268378063010501,0.056398288603656165,0.13768961493582263,0.06495527032283158,0.17580707895760406,0.11435239206534423,0.1275768183586153,3951.714953271028,3951.7163695299837,0.0014162589554871374,4.0,4.0,0.00025306845501708213,1112,1459,-0.1349669389342668,2244.1104628549206,1707.9704395176973,0.0,0.0,0.0,0.0,0.00010834656962282847,0.00003010558254946413,1.5421755468648264,1.549110273156629,0.0,0.0,1.5621837940836658,1.5877207213562092,-0.21205351892202454,0.240735943414937,-0.40305668489930174
2023-01-03T10:10:29.983000,2023-01-03T10:10:00.000000,1,3951.0,3964.0,3947.0,3960.0,3959.0,750,3958.0,551,3957.0,955,3956.0,135,3955.0,157,3960.0,295,3961.0,124,3962.0,106,3963.0,105,3964.0,98,m2305,2023-01-03T10:10:29.983000,2023-01-03,9.0,17.0,0.5294117647058824,4.0,4.0,9.0,0.23529411764705882,0.23529411764705882,0.5294117647058824,3276,0.22893772893772893,0.09004884004884005,0.1681929181929182,0.03785103785103785,0.29151404151404153,0.03235653235653236,0.04120879120879121,0.03205128205128205,0.04792429792429793,0.029914529914529916,3959.717703349282,3960.448888888889,0.7311855396069404,4.0,4.0,0.0002525571410531633,2548,728,0.5555555555555556,880.318376068376,3078.1556776556777,0.0020227566947399076,0.0020232682673435387,0.0020222453807678706,0.0020217343252310472,0.002023085616757081,0.002207366155643645,2.382921060879815,2.39156300032118,0.0,0.0,2.3967649967514775,2.4974265796028123,2.608992350702849,-2.581172963364115,0.5965813509340088
2023-01-03T10:10:59.983000,2023-01-03T10:10:30.000000,1,3960.0,3972.0,3955.0,3964.0,3963.0,132,3962.0,100,3961.0,111,3960.0,225,3959.0,101,3964.0,66,3965.0,131,3966.0,234,3967.0,341,3968.0,326,m2305,2023-01-03T10:10:59.983000,2023-01-03,4.0,17.0,0.23529411764705882,8.0,5.0,1.0,0.47058823529411764,0.29411764705882354,0.058823529411764705,1767,0.07470288624787776,0.03735144312393888,0.056593095642331635,0.07413695529145445,0.06281833616298811,0.13242784380305603,0.1273344651952462,0.19298245614035087,0.05715902659875495,0.18449349179400112,3963.6666666666665,3963.2987012987014,0.36796536796509827,4.0,4.0,0.00025230225810521004,669,1098,-0.2427843803056027,2464.854555744199,1499.6298811544991,0.0010098460843043387,0.0010101010959852597,0.0010095912013522745,0.0010093364470317864,0.0009967870949937768,0.0007193092662913812,2.669563845446581,2.67792289414936,0.0,0.0,2.6713017405167423,2.643182680822762,-0.6568022224192205,0.7089873190201367,-1.5088138266943414
2023-01-03T10:11:29.979000,2023-01-03T10:11:00.000000,1,3964.0,3975.0,3957.0,3971.0,3970.0,176,3969.0,166,3968.0,373,3967.0,338,3966.0,597,3971.0,92,3972.0,141,3973.0,92,3974.0,107,3975.0,252,m2305,2023-01-03T10:11:29.979000,2023-01-03,7.0,18.0,0.3888888888888889,4.0,7.0,10.0,0.2222222222222222,0.3888888888888889,0.5555555555555556,2334,0.07540702656383891,0.03941730934018852,0.07112253641816624,0.060411311053984576,0.1598114824335904,0.03941730934018852,0.14481576692373607,0.04584404455869751,0.25578406169665807,0.10796915167095116,3970.6567164179105,3970.6221498371337,0.03456658077675456,4.0,4.0,0.0002518574486840448,1650,684,0.4138817480719794,1164.446443873179,2804.706940874036,0.0017647804908010635,0.0017652255245691492,0.001764335681372928,0.0017638910961148126,0.0017619779840507453,0.0018461113378312752,3.1534848597789873,3.16140283303246,0.0,0.0,3.1464511532746116,3.1519519382225374,1.943104813849196,-1.8957541041530057,-0.6824574833974053
2023-01-03T10:11:59.922000,2023-01-03T10:11:30.000000,1,3970.0,3979.0,3966.0,3972.0,3971.0,249,3970.0,165,3969.0,161,3968.0,194,3967.0,143,3972.0,71,3973.0,145,3974.0,435,3975.0,324,3976.0,139,m2305,2023-01-03T10:11:59.922000,2023-01-03,2.0,13.0,0.15384615384615385,7.0,4.0,-1.0,0.5384615384615384,0.3076923076923077,-0.07692307692307693,2026,0.12290227048371175,0.03504442250740375,0.08144126357354393,0.07156959526159921,0.07946692991115499,0.21470878578479763,0.09575518262586377,0.15992102665350444,0.07058242843040474,0.0686080947680158,3971.778125,3971.5967741935483,0.18135080645151902,4.0,4.0,0.0002517940324814302,912,1114,-0.09970384995064166,2185.267028627838,1786.728035538006,0.00025185745001535264,0.00025192089817071335,0.000251794033811684,0.00025173064953573865,0.0002823840829498807,0.00024542873235535817,2.9640617675742083,2.970365987060975,0.0,0.0,2.966985827260142,2.956567392697222,-0.09615672341375932,0.15813033203349577,-1.0999488474987715
2023-01-03T10:12:29.956000,2023-01-03T10:12:00.000000,1,3971.0,3976.0,3960.0,3967.0,3966.0,286,3965.0,295,3964.0,227,3963.0,365,3962.0,142,3967.0,9,3968.0,279,3969.0,175,3970.0,1094,3971.0,145,m2305,2023-01-03T10:12:29.956000,2023-01-03,-4.0,16.0,-0.25,5.0,7.0,-2.0,0.3125,0.4375,-0.125,3017,0.09479615512098111,0.0029830957905203847,0.0977792509115015,0.09247596950613192,0.07524030493868081,0.058004640371229696,0.12098110705999338,0.3626118660921445,0.04706662247265495,0.04806098773616175,3966.9694915254236,3966.54181184669,0.42767967873351154,4.0,4.0,0.00025211143325349803,1315,1702,-0.12827311899237653,2239.4182963208486,1727.8349353662582,-0.0012599220515101958,-0.0012602396122877771,-0.0012596046507331081,-0.001259287409835529,-0.001211433917523997,-0.0012735890096507642,2.313866651219517,2.3185938030042434,0.0,0.0,2.3362197997676777,2.308669035246883,-0.19316344507887417,0.2455900397989047,0.32077033820119527
2023-01-03T10:12:59.960000,2023-01-03T10:12:30.000000,1,3966.0,3972.0,3959.0,3964.0,3964.0,69,3963.0,361,3962.0,148,3961.0,144,3960.0,179,3965.0,306,3966.0,165,3967.0,319,3968.0,146,3969.0,151,m2305,2023-01-03T10:12:59.960000,2023-01-03,-2.0,13.0,-0.15384615384615385,6.0,5.0,-3.0,0.46153846153846156,0.38461538461538464,-0.23076923076923078,1988,0.03470824949698189,0.15392354124748492,0.18158953722334004,0.0829979879275654,0.0744466800804829,0.16046277665995975,0.07243460764587525,0.07344064386317907,0.09004024144869216,0.07595573440643863,3964.184,3965.0589353612168,0.8749353612165578,4.0,4.0,0.0002522386177323748,901,1087,-0.09356136820925554,2168.913480885312,1795.653420523139,-0.000504413629862683,-0.0005045408785133857,-0.0005042864453817799,-0.0005041593250221109,-0.0007024177864991821,-0.0003739160731892141,2.01236791314705,2.016327401625082,0.0,0.0,1.9677743038270987,2.0522529779662744,-0.029279811183823255,0.07502114239041313,-1.118911063567168
2023-01-03T10:13:29.935000,2023-01-03T10:13:00.000000,1,3964.0,3969.0,3959.0,3964.0,3963.0,329,3962.0,135,3961.0,166,3960.0,189,3959.0,156,3964.0,68,3965.0,422,3966.0,404,3967.0,313,3968.0,163,m2305,2023-01-03T10:13:29.935000,2023-01-03,0.0,10.0,0.0,5.0,5.0,0.0,0.5,0.5,0.0,2345,0.14029850746268657,0.028997867803837955,0.057569296375266525,0.17995735607675906,0.07078891257995736,0.1722814498933902,0.08059701492537313,0.13347547974413645,0.06652452025586354,0.06950959488272922,3963.828715365239,3962.7271095152605,1.1016058499785686,4.0,4.0,0.00025230225810521004,975,1370,-0.16844349680170576,2317.0579957356076,1647.0221748400852,-0.0002523022594436406,-0.0002523659319388153,-0.0002522386190697134,-0.0002521750107929297,-0.00008962766528121509,-0.0005882666106279644,1.8303202415367157,1.833797511550136,0.0,0.0,1.8442136428848677,1.756600608327013,-0.3168634230249382,0.3631384087646241,-0.580936224604701
2023-01-03T10:13:59.973000,2023-01-03T10:13:30.000000,1,3964.0,3969.0,3959.0,3964.0,3964.0,101,3963.0,281,3962.0,165,3961.0,142,3960.0,141,3965.0,441,3966.0,332,3967.0,293,3968.0,116,3969.0,96,m2305,2023-01-03T10:13:59.973000,2023-01-03,0.0,10.0,0.0,5.0,5.0,0.0,0.5,0.5,0.0,2108,0.04791271347248577,0.20920303605313093,0.13330170777988615,0.15749525616698293,0.07827324478178369,0.13899430740037952,0.06736242884250475,0.05502846299810247,0.06688804554079697,0.04554079696394687,3964.1863468634688,3964.3752039151714,0.18885705170259826,4.0,4.0,0.0002522386177323748,830,1278,-0.2125237191650854,2404.6110056926,1560.0185009487664,0.0002523022594435317,0.00025236593193874113,0.00025223861906979283,0.00025217501079288996,0.00009021968189133144,0.0004158125777851385,1.8312414982537064,1.834470942236409,0.0,0.0,1.7904543950502099,1.8157731970518292,-0.47633098510801053,0.5258913482207639,-0.9183055587025502
2023-01-03T10:14:29.938000,2023-01-03T10:14:00.000000,1,3964.0,3970.0,3960.0,3965.0,3965.0,208,3964.0,149,3963.0,182,3962.0,171,3961.0,143,3966.0,320,3967.0,305,3968.0,123,3969.0,101,3970.0,1103,m2305,2023-01-03T10:14:29.938000,2023-01-03,1.0,10.0,0.1,5.0,4.0,0.0,0.5,0.4,0.0,2805,0.07415329768270945,0.1140819964349376,0.05311942959001782,0.10873440285204991,0.06488413547237076,0.04385026737967915,0.06096256684491978,0.03600713012477719,0.050980392156862744,0.3932263814616756,3965.3939393939395,3964.9845814977975,0.4093578961419553,4.0,4.0,0.00025217500945656286,853,1952,-0.39180035650623884,2761.8174688057043,1205.1860962566846,0.00025223861906979283,0.0002523022594435317,0.00025217501079288996,0.00025211143458885444,0.00030457918230526135,0.00015370158507554323,1.8305057693672373,1.8335000162426014,0.0,0.0,1.8092149392794437,1.7842854056596735,-1.2189345951613348,1.277499667443257,0.20585677146601677
2023-01-03T10:14:59.982000,2023-01-03T10:14:30.000000,1,3965.0,3970.0,3958.0,3966.0,3965.0,32,3964.0,67,3963.0,96,3962.0,110,3961.0,74,3966.0,136,3967.0,306,3968.0,83,3969.0,59,3970.0,1193,m2305,2023-01-03T10:14:59.982000,2023-01-03,1.0,12.0,0.08333333333333333,4.0,7.0,4.0,0.3333333333333333,0.5833333333333334,0.3333333333333333,2156,0.014842300556586271,0.06307977736549165,0.031076066790352505,0.14192949907235622,0.04452690166975881,0.03849721706864564,0.05102040816326531,0.02736549165120594,0.03432282003710575,0.5533395176252319,3965.190476190476,3964.538873994638,0.6516021958382225,4.0,4.0,0.00025217500945656286,379,1777,-0.6484230055658627,3271.33719851577,696.5909090909091,0.0,0.0,0.0,0.0,-0.00005131102396645923,-0.00011241722308555896,1.7489823688189146,1.7517069367983562,0.0,0.0,1.71367170515921,1.6713125671592612,-2.2377714376105264,2.300341062681355,-0.8454002681338959
2023-01-03T10:15:00.050000,2023-01-03T10:15:00.000000,1,3966.0,3970.0,3961.0,3966.0,3965.0,31,3964.0,66,3963.0,93,3962.0,110,3961.0,74,3966.0,93,3967.0,305,3968.0,82,3969.0,59,3970.0,1193,m2305,2023-01-03T10:15:00.050000,2023-01-03,0.0,9.0,0.0,4.0,5.0,1.0,0.4444444444444444,0.5555555555555556,0.1111111111111111,2106,0.014719848053181387,0.04415954415954416,0.03133903133903134,0.14482431149097816,0.04415954415954416,0.0389363722697056,0.052231718898385564,0.02801519468186135,0.03513770180436847,0.5664767331433999,3965.25,3964.533692722372,0.7163072776279478,4.0,4.0,0.00025217500945656286,374,1732,-0.6448243114909782,3264.2592592592596,703.718898385565,0.0,0.0,0.0,0.0,0.000015011476273793647,-1.306904993575197e-6,1.6791399686528765,1.6816485449311969,0.0,0.0,1.6510775259223207,1.6066044770732382,-2.1105591956185297,2.164247680416599,-0.9356785589550775
2023-01-03T10:30:29.957000,2023-01-03T10:30:00.000000,0,3967.0,3977.0,3961.0,3971.0,3970.0,178,3969.0,171,3968.0,131,3967.0,403,3966.0,113,3971.0,67,3972.0,465,3973.0,164,3974.0,281,3975.0,457,m2305,2023-01-03T10:30:29.957000,2023-01-03,4.0,16.0,0.25,6.0,6.0,4.0,0.375,0.375,0.25,2430,0.07325102880658436,0.02757201646090535,0.07037037037037037,0.19135802469135801,0.053909465020576135,0.06748971193415639,0.16584362139917697,0.11563786008230453,0.046502057613168724,0.18806584362139916,3970.726530612245,3969.806603773585,0.9199268386601034,4.0,4.0,0.0002518574486840448,996,1434,-0.18024691358024691,2344.805761316872,1626.3481481481483,0.0012602396122877732,0.0012605573331867558,0.0012599220515101897,0.001259604650733074,0.0013801783461606478,0.0013291367978769647,1.9924272719553104,1.9949016357958629,0.0,0.0,2.0012543985467026,1.94542606841102,-0.19586879205916127,0.24885704443005952,-0.35262602497405593
2023-01-03T10:30:59.943000,2023-01-03T10:30:30.000000,1,3971.0,3979.0,3965.0,3974.0,3973.0,140,3972.0,358,3971.0,124,3970.0,144,3969.0,288,3974.0,23,3975.0,481,3976.0,145,3977.0,119,3978.0,295,m2305,2023-01-03T10:30:59.943000,2023-01-03,3.0,14.0,0.21428571428571427,5.0,6.0,4.0,0.35714285714285715,0.42857142857142855,0.2857142857142857,2117,0.06613131790269249,0.01086443079829948,0.16910722720831364,0.2272083136513935,0.05857345299952763,0.0684931506849315,0.0680207841284837,0.056211620217288615,0.1360415682569674,0.13934813415210204,3973.8588957055213,3973.280095351609,0.5788003539123565,4.0,4.0,0.00025166729583490623,1054,1063,-0.004251299008030231,1996.5375531412376,1977.0203117619271,0.0007553821333628024,0.0007555723819978115,0.0007551919805107268,0.0007550019233690852,0.0007885534832851055,0.000874594960625996,2.1214084761301666,2.1236962001473136,0.0,0.0,2.1370064029472133,2.11249196933075,0.5320495657864386,-0.4777410627536428,-0.8775795857443445
2023-01-03T10:31:29.963000,2023-01-03T10:31:00.000000,1,3974.0,3980.0,3966.0,3971.0,3970.0,327,3969.0,268,3968.0,155,3967.0,210,3966.0,100,3971.0,32,3972.0,162,3973.0,349,3974.0,125,3975.0,241,m2305,2023-01-03T10:31:29.963000,2023-01-03,-3.0,14.0,-0.21428571428571427,6.0,5.0,-4.0,0.42857142857142855,0.35714285714285715,-0.2857142857142857,1969,0.16607414931437278,0.016251904520060943,0.1361097003555104,0.08227526663280853,0.0787201625190452,0.17724733367191467,0.10665312341289995,0.06348400203148806,0.05078720162519045,0.122397155916709,3970.910863509749,3970.8697674418604,0.04109606788870224,4.0,4.0,0.0002518574486840448,1060,909,0.07668867445403758,1834.3514474352462,2136.4103605891314,-0.0007553821333628445,-0.0007555723819978567,-0.0007551919805106639,-0.0007550019233690413,-0.0007421315961126507,-0.0006068183569899686,1.804609092275039,1.8065855485481022,0.0,0.0,1.8246411353107885,1.8398327497776448,0.8394325555007821,-0.7934569360198581,-1.099281084849636
2023-01-03T10:31:59.890000,2023-01-03T10:31:30.000000,1,3970.0,3976.0,3963.0,3967.0,3967.0,145,3966.0,149,3965.0,152,3964.0,99,3963.0,98,3968.0,131,3969.0,612,3970.0,160,3971.0,121,3972.0,191,m2305,2023-01-03T10:31:59.890000,2023-01-03,-3.0,13.0,-0.23076923076923078,6.0,4.0,-5.0,0.46153846153846156,0.3076923076923077,-0.38461538461538464,1858,0.07804090419806244,0.07050592034445641,0.08019375672766416,0.3293864370290635,0.08180839612486544,0.0861141011840689,0.053283100107642624,0.0651237890204521,0.0527448869752422,0.10279870828848224,3967.5253623188405,3966.587385019711,0.9379772991296704,4.0,4.0,0.0002520478890989288,643,1215,-0.3078579117330463,2595.8982777179763,1372.2491926803016,-0.0007559531669059155,-0.0007561437033240652,-0.0007557627264880854,-0.0007555723819978567,-0.000852939117943842,-0.0010790314216241575,1.5146001388566825,1.5163605051649318,0.0,0.0,1.5063585171221705,1.4555329544088969,-0.764902453277616,0.8084875162739927,-1.2474843034669847
2023-01-03T10:32:29.997000,2023-01-03T10:32:00.000000,1,3967.0,3976.0,3963.0,3970.0,3969.0,314,3968.0,212,3967.0,177,3966.0,235,3965.0,223,3970.0,133,3971.0,190,3972.0,201,3973.0,874,3974.0,138,m2305,2023-01-03T10:32:29.997000,2023-01-03,3.0,13.0,0.23076923076923078,6.0,4.0,1.0,0.46153846153846156,0.3076923076923077,0.07692307692307693,2697,0.1164256581386726,0.04931405265109381,0.078605858361142,0.07044864664441973,0.06562847608453838,0.07452725250278086,0.0871338524286244,0.3240637745643307,0.08268446421950315,0.05116796440489433,3969.702460850112,3969.582089552239,0.12037129787313461,4.0,4.0,0.00025192089683839276,1161,1536,-0.13904338153503892,2262.3974786800145,1707.7664071190213,0.0005040322687352379,0.0005041593250221301,0.000503905276472671,0.0005037783481860724,0.0005485790843785717,0.0007546977630113201,1.605939082234474,1.6076051305459604,0.0,0.0,1.6105828932375368,1.6220872252997762,-0.06715487840437265,0.11203009991378986,0.2091745658777326
2023-01-03T10:32:59.944000,2023-01-03T10:32:30.000000,1,3970.0,3974.0,3962.0,3969.0,3969.0,127,3968.0,166,3967.0,118,3966.0,212,3965.0,429,3970.0,161,3971.0,149,3972.0,186,3973.0,870,3974.0,154,m2305,2023-01-03T10:32:59.944000,2023-01-03,-1.0,12.0,-0.08333333333333333,4.0,7.0,2.0,0.3333333333333333,0.5833333333333334,0.16666666666666666,2572,0.04937791601866252,0.06259720062208399,0.0645412130637636,0.057931570762052874,0.045878693623639194,0.07231726283048212,0.08242612752721618,0.33825816485225507,0.16679626749611198,0.059875583203732506,3969.440972222222,3969.5809523809526,0.1399801587303955,4.0,4.0,0.00025192089683839276,1052,1520,-0.18195956454121306,2347.646578538103,1622.3304821150855,0.0,0.0,0.0,0.0,-0.00006587325954967251,-2.8647132705911977e-7,1.5466984897306675,1.548240699823303,0.0,0.0,1.5325118711102952,1.5617651632726373,-0.250291750331342,0.2937633694737787,0.002170997638120073
2023-01-03T10:33:29.801000,2023-01-03T10:33:00.000000,1,3969.0,3977.0,3965.0,3972.0,3972.0,117,3971.0,162,3970.0,150,3969.0,168,3968.0,185,3973.0,1142,3974.0,175,3975.0,353,3976.0,236,3977.0,132,m2305,2023-01-03T10:33:29.801000,2023-01-03,3.0,12.0,0.25,5.0,4.0,2.0,0.4166666666666667,0.3333333333333333,0.16666666666666666,2820,0.04148936170212766,0.4049645390070922,0.0574468085106383,0.06205673758865248,0.05319148936170213,0.125177304964539,0.059574468085106386,0.08368794326241134,0.06560283687943262,0.04680851063829787,3972.092930897538,3972.4421364985164,0.3492056009786211,4.0,4.0,0.0002517306482064191,782,2038,-0.4453900709219858,2872.018085106383,1100.8503546099291,0.0007555723819978115,0.0007557627264880307,0.0007553821333628024,0.0007551919805107268,0.0006678706673656654,0.0007205177344172458,1.7038344699936623,1.7052730697769365,0.0,0.0,1.665302328081117,1.7079870797930987,-1.3334007063298026,1.3807817359967018,0.436498594737881
2023-01-03T10:33:59.727000,2023-01-03T10:33:30.000000,1,3972.0,3977.0,3965.0,3969.0,3969.0,60,3968.0,234,3967.0,136,3966.0,223,3965.0,394,3970.0,122,3971.0,143,3972.0,176,3973.0,1359,3974.0,194,m2305,2023-01-03T10:33:59.727000,2023-01-03,-3.0,12.0,-0.25,5.0,4.0,-4.0,0.4166666666666667,0.3333333333333333,-0.3333333333333333,3041,0.019730351857941468,0.04011838211114765,0.07694837224597172,0.047024005261427165,0.04472213087800066,0.05787569878329497,0.07333114107201578,0.4468924695823742,0.12956264386714897,0.06379480434067741,3969.3296703296705,3969.862068965517,0.5323986358466755,4.0,4.0,0.00025192089683839276,1047,1994,-0.3114107201578428,2604.9089115422557,1365.6007892140744,-0.0007555723819978567,-0.0007557627264880854,-0.0007553821333628445,-0.0007551919805106639,-0.0006959107500359258,-0.0006497025439999938,1.4260124646594978,1.4273326270230038,0.0,0.0,1.4071739894267392,1.460695174511087,-0.7663390016745579,0.8067508975680427,0.7984327300749448
2023-01-03T10:34:29.973000,2023-01-03T10:34:00.000000,1,3969.0,3975.0,3965.0,3971.0,3970.0,241,3969.0,217,3968.0,277,3967.0,133,3966.0,226,3971.0,61,3972.0,188,3973.0,1384,3974.0,195,3975.0,334,m2305,2023-01-03T10:34:29.973000,2023-01-03,2.0,10.0,0.2,4.0,4.0,2.0,0.4,0.4,0.2,3256,0.07401719901719901,0.018734643734643733,0.06664619164619165,0.05773955773955774,0.08507371007371008,0.4250614250614251,0.040847665847665846,0.05988943488943489,0.06941031941031942,0.10257985257985258,3970.798013245033,3970.607407407407,0.19060583762575334,4.0,4.0,0.0002518574486840448,1094,2162,-0.32800982800982803,2638.261363636364,1333.2635135135138,0.00025192089817071335,0.0002519843783019568,0.00025185745001535264,0.000251794033811684,0.0003698537329917272,0.00018773158093397671,1.4486971945472384,1.4499279784903356,0.0,0.0,1.4635536993785307,1.4636598474557938,-0.8245663675601362,0.8648353141757845,1.1375713355469041
2023-01-03T10:34:59.987000,2023-01-03T10:34:30.000000,1,3970.0,3976.0,3965.0,3970.0,3969.0,249,3968.0,300,3967.0,134,3966.0,229,3965.0,394,3970.0,152,3971.0,163,3972.0,284,3973.0,1358,3974.0,189,m2305,2023-01-03T10:34:59.987000,2023-01-03,0.0,11.0,0.0,6.0,5.0,-1.0,0.5454545454545454,0.45454545454545453,-0.09090909090909091,3452,0.07213209733487833,0.0440324449594438,0.08690614136732329,0.047219003476245656,0.0388180764774044,0.08227114716106605,0.06633835457705678,0.39339513325608344,0.11413673232908458,0.05475086906141367,3969.6209476309227,3969.943844492441,0.32289686151807473,4.0,4.0,0.00025192089683839276,1306,2146,-0.24333719582850522,2469.6352838933954,1500.7772305909616,-0.000251920898170707,-0.00025198437830195597,-0.00025185745001541504,-0.0002517940338117541,-0.0002964744375659893,-0.00016713270790921108,1.3298499831008859,1.3310058657370059,0.0,0.0,1.3317581735062587,1.3678744267209717,-0.47574654920249426,0.5126336823484342,1.4485258922804105
2023-01-03T10:35:29.758000,2023-01-03T10:35:00.000000,1,3970.0,3976.0,3965.0,3971.0,3971.0,165,3970.0,215,3969.0,246,3968.0,257,3967.0,138,3972.0,198,3973.0,1416,3974.0,200,3975.0,337,3976.0,259,m2305,2023-01-03T10:35:29.758000,2023-01-03,1.0,11.0,0.09090909090909091,5.0,5.0,1.0,0.45454545454545453,0.45454545454545453,0.09090909090909091,3431,0.048090935587292334,0.0577091227047508,0.06266394637132032,0.4127076654036724,0.07169921305741767,0.05829204313611192,0.07490527542990381,0.09822209268434859,0.040221509763917224,0.07548819586126494,3971.4545454545455,3970.3954629061927,1.0590825483527624,4.0,4.0,0.0002517940324814302,1021,2410,-0.4048382395802973,2791.134654619644,1181.1020110754882,0.0005037783481860724,0.000503905276472671,0.0005036514838270853,0.0005035246833475745,0.00046180088775269514,0.000113752925852522,1.4327383025507923,1.4337982233516906,0.0,0.0,1.4225363229068742,1.358800766989103,-1.1415143215093175,1.17751587052647,1.51258223996396
2023-01-03T10:35:59.995000,2023-01-03T10:35:30.000000,1,3971.0,3976.0,3966.0,3971.0,3971.0,29,3970.0,241,3969.0,259,3968.0,257,3967.0,142,3972.0,220,3973.0,1436,3974.0,199,3975.0,314,3976.0,260,m2305,2023-01-03T10:35:59.995000,2023-01-03,0.0,10.0,0.0,5.0,5.0,0.0,0.5,0.5,0.0,3357,0.008638665475126601,0.0655347036044087,0.0717902889484659,0.42776288352695857,0.07715221924337205,0.0592791182603515,0.07655644921060471,0.09353589514447423,0.04229967232648198,0.07745010425975574,3971.116465863454,3970.431127012522,0.6853388509316574,4.0,4.0,0.0002517940324814302,928,2429,-0.4471254095918975,2875.1277926720286,1097.1075364909145,0.0,0.0,0.0,0.0,-0.00008513102138185443,8.982466982806267e-6,1.386319392503325,1.3873022641266393,0.0,0.0,1.3523353138361536,1.3188819707394508,-1.2844566648335929,1.3167540542302072,1.3348253592829973
2023-01-03T10:36:29.928000,2023-01-03T10:36:00.000000,1,3971.0,3976.0,3965.0,3970.0,3969.0,248,3968.0,251,3967.0,142,3966.0,242,3965.0,401,3970.0,131,3971.0,187,3972.0,309,3973.0,1416,3974.0,203,m2305,2023-01-03T10:36:29.928000,2023-01-03,-1.0,11.0,-0.09090909090909091,5.0,5.0,-1.0,0.45454545454545453,0.45454545454545453,-0.09090909090909091,3530,0.07025495750708215,0.03711048158640227,0.07110481586402266,0.05297450424929179,0.040226628895184136,0.08753541076487252,0.06855524079320113,0.4011331444759207,0.11359773371104816,0.0575070821529745,3969.6543535620053,3969.719178082192,0.06482452018644835,4.0,4.0,0.00025192089683839276,1284,2246,-0.2725212464589235,2527.6161473087823,1442.8699716713882,-0.0005037783481860734,-0.0005039052764726566,-0.0005036514838271282,-0.0005035246833474778,-0.00036825450607266933,-0.00017932883003019237,1.1977021729291715,1.19865766626218,0.0,0.0,1.2045768358473818,1.2263578777717297,-0.6012691865676627,0.6317216296531047,1.6133693038593198
2023-01-03T10:36:59.932000,2023-01-03T10:36:30.000000,1,3970.0,3974.0,3961.0,3966.0,3965.0,417,3964.0,105,3963.0,117,3962.0,271,3961.0,165,3966.0,40,3967.0,159,3968.0,156,3969.0,126,3970.0,211,m2305,2023-01-03T10:36:59.932000,2023-01-03,-4.0,13.0,-0.3076923076923077,4.0,5.0,-3.0,0.3076923076923077,0.38461538461538464,-0.23076923076923078,1767,0.23599320882852293,0.022637238256932653,0.059422750424448216,0.0899830220713073,0.06621392190152801,0.08828522920203735,0.15336728919071874,0.07130730050933787,0.0933786078098472,0.11941143180531975,3965.9124726477025,3965.193181818182,0.7192908295205598,4.0,4.0,0.00025217500945656286,1075,692,0.21675155631013016,1554.1397849462364,2411.184493491794,-0.0010083187141169845,-0.0010085729548847744,-0.0010080646014948643,-0.0010078106169212956,-0.0009430658889473729,-0.0011407805277646212,0.8676702842188622,0.8686741154709268,0.0,0.0,0.8941400092021287,0.8572090019608553,1.367410612409057,-1.3371004293738369,-1.399721793962539
2023-01-03T10:37:29.961000,2023-01-03T10:37:00.000000,1,3966.0,3973.0,3960.0,3967.0,3967.0,121,3966.0,245,3965.0,183,3964.0,188,3963.0,136,3968.0,152,3969.0,153,3970.0,179,3971.0,246,3972.0,199,m2305,2023-01-03T10:37:29.961000,2023-01-03,1.0,13.0,0.07692307692307693,6.0,6.0,1.0,0.46153846153846156,0.46153846153846156,0.07692307692307693,1802,0.06714761376248612,0.08435072142064373,0.13596004439511652,0.08490566037735849,0.10155382907880134,0.09933407325194228,0.10432852386237514,0.1365149833518313,0.07547169811320754,0.11043285238623751,3967.4432234432234,3967.8467336683416,0.4035102251182252,4.0,4.0,0.0002520478890989288,873,929,-0.03107658157602664,2046.7907880133184,1920.9056603773583,0.0005042864453817047,0.0005044136298627622,0.0005041593250221301,0.0005040322687352379,0.00038590247888968093,0.0006689874190458,0.9913546035051705,0.9922711192428595,0.0,0.0,0.9817082473456445,1.0300603958839962,0.3389337242618474,-0.31075463761605004,-1.2948320115694334
2023-01-03T10:37:59.876000,2023-01-03T10:37:30.000000,1,3967.0,3972.0,3961.0,3966.0,3965.0,264,3964.0,226,3963.0,139,3962.0,273,3961.0,224,3966.0,122,3967.0,172,3968.0,204,3969.0,159,3970.0,178,m2305,2023-01-03T10:37:59.876000,2023-01-03,-1.0,11.0,-0.09090909090909091,5.0,5.0,-1.0,0.45454545454545453,0.45454545454545453,-0.09090909090909091,1961,0.13462519122896482,0.062213156552779196,0.11524732279449261,0.08771035186129526,0.07088220295767465,0.10402855685874554,0.13921468638449772,0.08108108108108109,0.11422743498215196,0.09077001529831719,3965.683937823834,3965.7035175879396,0.01957976410540141,4.0,4.0,0.00025217500945656286,1126,835,0.1483936766955635,1689.6374298827131,2275.5588985211625,-0.0005042864453817799,-0.000504413629862683,-0.0005041593250221109,-0.0005040322687352213,-0.00044352891677289685,-0.0005402918150544479,0.8106166943621415,0.8115684707123104,0.0,0.0,0.8199636030405447,0.8384956115672021,1.0394388610372773,-1.0121251098890955,-1.0007998493635868
2023-01-03T10:38:29.978000,2023-01-03T10:38:00.000000,1,3965.0,3971.0,3958.0,3963.0,3963.0,134,3962.0,330,3961.0,246,3960.0,322,3959.0,99,3964.0,89,3965.0,218,3966.0,198,3967.0,144,3968.0,170,m2305,2023-01-03T10:38:29.978000,2023-01-03,-2.0,13.0,-0.15384615384615385,6.0,5.0,-3.0,0.46153846153846156,0.38461538461538464,-0.23076923076923078,1950,0.06871794871794872,0.045641025641025644,0.16923076923076924,0.1117948717948718,0.12615384615384614,0.10153846153846154,0.16512820512820514,0.07384615384615385,0.05076923076923077,0.08717948717948718,3963.6008968609867,3963.806569343066,0.2056724820790805,4.0,4.0,0.00025230225810521004,1131,819,0.16,1665.7651282051281,2297.4199999999996,-0.0005045408785133857,-0.0005046681913823427,-0.000504413629862683,-0.0005042864453817799,-0.000525404511048498,-0.00047845283258729943,0.6265285235155563,0.6275476071007878,0.0,0.0,0.6299838104706237,0.6623910527374702,1.0528854319314038,-1.0293472080605193,-0.9943696668020732
2023-01-03T10:38:59.981000,2023-01-03T10:38:30.000000,1,3963.0,3969.0,3958.0,3963.0,3963.0,138,3962.0,360,3961.0,231,3960.0,337,3959.0,98,3964.0,139,3965.0,217,3966.0,197,3967.0,143,3968.0,168,m2305,2023-01-03T10:38:59.981000,2023-01-03,0.0,11.0,0.0,6.0,5.0,-1.0,0.5454545454545454,0.45454545454545453,-0.09090909090909091,2028,0.06804733727810651,0.06854043392504931,0.17751479289940827,0.10700197238658778,0.11390532544378698,0.09714003944773175,0.16617357001972385,0.07051282051282051,0.048323471400394474,0.08284023668639054,3963.4981949458484,3963.8717504332753,0.37355548742698375,4.0,4.0,0.00025230225810521004,1164,864,0.14792899408284024,1689.6489151873766,2273.5241617357,0.0,0.0,0.0,0.0,-0.000025911601193535286,0.00001644392912562605,0.601147349956637,0.6021625244263343,0.0,0.0,0.5963045742964929,0.6424848687167706,0.973908664457723,-0.9505556694832537,-0.842525497440723
2023-01-03T10:39:29.788000,2023-01-03T10:39:00.000000,1,3963.0,3978.0,3959.0,3973.0,3972.0,207,3971.0,188,3970.0,204,3969.0,130,3968.0,115,3973.0,121,3974.0,177,3975.0,345,3976.0,261,3977.0,181,m2305,2023-01-03T10:39:29.788000,2023-01-03,10.0,19.0,0.5263157894736842,5.0,4.0,9.0,0.2631578947368421,0.21052631578947367,0.47368421052631576,1929,0.10730948678071539,0.06272680145152928,0.09745982374287196,0.09175738724727839,0.1057542768273717,0.17884914463452567,0.06739243131156039,0.13530326594090203,0.05961638154484189,0.09383100051840332,3972.631097560976,3972.545205479452,0.08589208152397987,4.0,4.0,0.0002517306482064191,844,1085,-0.12493519958527735,2235.914463452566,1737.1290824261275,0.0022684319746282657,0.002269003872755178,0.002267860364720269,0.0022672890428139065,0.0023016022824753207,0.0021857365981239967,1.3182807830284176,1.3187427846806474,0.0,0.0,1.3238035692716517,1.333025814998934,-0.19194288865412884,0.22376701602681878,-1.0142699930372878
2023-01-03T10:39:59.999000,2023-01-03T10:39:30.000000,1,3973.0,3977.0,3964.0,3971.0,3971.0,61,3970.0,183,3969.0,171,3968.0,204,3967.0,131,3972.0,193,3973.0,145,3974.0,219,3975.0,363,3976.0,259,m2305,2023-01-03T10:39:59.999000,2023-01-03,-2.0,13.0,-0.15384615384615385,4.0,7.0,1.0,0.3076923076923077,0.5384615384615384,0.07692307692307693,1929,0.03162260238465526,0.10005184033177812,0.09486780715396578,0.0751684810782789,0.08864696734059098,0.11353032659409021,0.1057542768273717,0.18818040435458788,0.06791083462934162,0.13426645930533956,3971.240157480315,3971.673780487805,0.43362300749004135,4.0,4.0,0.0002517940324814302,750,1179,-0.2223950233281493,2429.0803525142564,1543.0736132711247,-0.0002517940338117541,-0.00025185745001541504,-0.00025173064953573117,-0.0002516672971632423,-0.00035019200342475195,-0.000219385945095785,1.1963661217415875,1.196835203888977,0.0,0.0,1.169692525397004,1.2206335108022013,-0.5883291041372745,0.6130931055058573,-1.0057904594350024
2023-01-03T10:40:29.954000,2023-01-03T10:40:00.000000,1,3971.0,3976.0,3961.0,3966.0,3965.0,449,3964.0,419,3963.0,223,3962.0,325,3961.0,243,3966.0,55,3967.0,478,3968.0,221,3969.0,172,3970.0,755,m2305,2023-01-03T10:40:29.954000,2023-01-03,-5.0,15.0,-0.3333333333333333,5.0,5.0,-5.0,0.3333333333333333,0.3333333333333333,-0.3333333333333333,3340,0.1344311377245509,0.016467065868263474,0.1254491017964072,0.14311377245508983,0.06676646706586827,0.06616766467065868,0.09730538922155689,0.05149700598802395,0.07275449101796407,0.22604790419161677,3965.8908730158732,3965.401337792642,0.489535223231087,4.0,4.0,0.00025217500945656286,1659,1681,-0.006586826347305389,1997.3958083832335,1968.5997005988024,-0.0015120970623030599,-0.0015124782313575135,-0.0015117160853219673,-0.001511335300268802,-0.0013479140646166434,-0.0015805429348880401,0.6596529633174276,0.6605161744405311,0.0,0.0,0.6886589464359605,0.6607926604737805,0.3368193047590685,-0.3166953941059108,1.6556626407264627
2023-01-03T10:40:59.989000,2023-01-03T10:40:30.000000,1,3966.0,3972.0,3961.0,3966.0,3966.0,108,3965.0,474,3964.0,421,3963.0,239,3962.0,335,3967.0,165,3968.0,192,3969.0,174,3970.0,762,3971.0,147,m2305,2023-01-03T10:40:59.989000,2023-01-03,0.0,11.0,0.0,6.0,5.0,-1.0,0.5454545454545454,0.45454545454545453,-0.09090909090909091,3017,0.035797149486244614,0.05469008949287372,0.15710971163407358,0.06363937686443487,0.13954259197878688,0.0576731852833941,0.079217765992708,0.2525687769307259,0.11103745442492542,0.048723897911832945,3966.3956043956046,3967.135135135135,0.7395307395304371,4.0,4.0,0.00025211143325349803,1577,1440,0.04540934703347697,1894.562147828969,2071.9287371561154,0.00025217501079288996,0.00025223861906979283,0.00025211143458885444,0.0002520478904332736,0.0001272599979462437,0.0004371356818890081,0.7223758783858678,0.7231373837970232,0.0,0.0,0.7080249054479267,0.7878031102018749,0.5596794178832274,-0.5376125441899887,1.0142614768416038
2023-01-03T10:41:29.900000,2023-01-03T10:41:00.000000,1,3966.0,3971.0,3961.0,3966.0,3965.0,357,3964.0,419,3963.0,239,3962.0,336,3961.0,215,3966.0,116,3967.0,149,3968.0,186,3969.0,167,3970.0,769,m2305,2023-01-03T10:41:29.900000,2023-01-03,0.0,10.0,0.0,5.0,5.0,0.0,0.5,0.5,0.0,2953,0.12089400609549611,0.039282086014222825,0.14188960379275314,0.05045716220792414,0.08093464273620048,0.06298679309177108,0.11378259397223163,0.05655265831357941,0.07280731459532679,0.2604131391804944,3965.754756871036,3966.2130281690143,0.4582712979781718,4.0,4.0,0.00025217500945656286,1566,1387,0.06061632238401626,1864.18557399255,2101.735523196749,-0.0002521750107929297,-0.0002522386190697134,-0.0002521114345888523,-0.00025204789043326606,-0.00016158229402507914,-0.0002324635075360929,0.6080700504517518,0.6089124537406684,0.0,0.0,0.6261207669814388,0.6810667662950568,0.6226961365833107,-0.6027018111054385,0.8733867600924187
2023-01-03T10:41:59.971000,2023-01-03T10:41:30.000000,1,3966.0,3970.0,3958.0,3963.0,3962.0,312,3961.0,217,3960.0,311,3959.0,83,3958.0,199,3963.0,53,3964.0,162,3965.0,151,3966.0,224,3967.0,146,m2305,2023-01-03T10:41:59.971000,2023-01-03,-3.0,12.0,-0.25,4.0,5.0,-2.0,0.3333333333333333,0.4166666666666667,-0.16666666666666666,1858,0.16792249730893433,0.02852529601722282,0.11679224973089343,0.08719052744886975,0.16738428417653392,0.08127018299246501,0.044671689989235736,0.12055974165769645,0.10710441334768568,0.07857911733046287,3962.854794520548,3962.717678100264,0.13711642028374627,4.0,4.0,0.0002523659305993691,1122,736,0.2077502691065662,1570.7685683530676,2391.539289558665,-0.0007569068104521194,-0.0007570978279619785,-0.0007567158893062838,-0.0007565250644515309,-0.0007315185496296679,-0.0008816700321040553,0.30188784292046833,0.30309179733261976,0.0,0.0,0.3300007447225701,0.3297708424434635,1.2202549334588115,-1.2042765232456034,-1.1401314232555928
2023-01-03T10:42:29.994000,2023-01-03T10:42:00.000000,1,3963.0,3968.0,3954.0,3959.0,3958.0,219,3957.0,150,3956.0,115,3955.0,159,3954.0,82,3960.0,778,3961.0,160,3962.0,170,3963.0,994,3964.0,167,m2305,2023-01-03T10:42:29.994000,2023-01-03,-4.0,14.0,-0.2857142857142857,5.0,5.0,-4.0,0.35714285714285715,0.35714285714285715,-0.2857142857142857,2994,0.07314629258517034,0.25985303941215765,0.050100200400801605,0.053440213760855046,0.038410153640614564,0.05678022712090848,0.0531062124248497,0.331997327989312,0.02738810955243821,0.055778223112892454,3958.4393179538615,3958.935483870968,0.496165917106282,4.0,4.0,0.0005051780752715333,725,2269,-0.5156980627922512,3002.4682698730794,958.0377421509687,-0.001010101095985194,-0.0010103562364923173,-0.0007572889419088022,-0.0007570978279619785,-0.0011148372882788967,-0.0009549003066298699,-0.018145193733799,-0.11364388304524371,0.0,0.0,-0.1271065094122427,-0.06535648336611886,-1.7699570673554825,1.7571020141875535,0.9489212308055558
2023-01-03T10:42:59.951000,2023-01-03T10:42:30.000000,1,3959.0,3965.0,3954.0,3960.0,3960.0,57,3959.0,183,3958.0,377,3957.0,150,3956.0,160,3961.0,192,3962.0,184,3963.0,995,3964.0,190,3965.0,221,m2305,2023-01-03T10:42:59.951000,2023-01-03,1.0,11.0,0.09090909090909091,5.0,5.0,1.0,0.45454545454545453,0.45454545454545453,0.09090909090909091,2709,0.021040974529346623,0.07087486157253599,0.06755260243632337,0.067921742340347,0.1391657438169066,0.3672942045035068,0.05537098560354374,0.07013658176448874,0.05906238464377999,0.08157991878922112,3960.2289156626507,3960.4959128065393,0.2669971438886023,4.0,4.0,0.0002524933720489837,927,1782,-0.31561461794019935,2606.9139904023623,1354.3348098929496,0.0005051780860151107,0.0005053057207063089,0.00025249337339033423,0.00025242963657961176,0.00045199462496981786,0.00039407600813864464,0.050927739003032275,0.054227968321355624,0.0,0.0,0.01911391698437733,0.059378064759252884,-0.9134280368253455,0.9085244200528333,0.4559772311989486
2023-01-03T10:43:29.994000,2023-01-03T10:43:00.000000,1,3960.0,3965.0,3953.0,3958.0,3957.0,98,3956.0,146,3955.0,212,3954.0,104,3953.0,125,3958.0,177,3959.0,196,3960.0,121,3961.0,193,3962.0,203,m2305,2023-01-03T10:43:29.994000,2023-01-03,-2.0,12.0,-0.16666666666666666,5.0,5.0,-2.0,0.4166666666666667,0.4166666666666667,-0.16666666666666666,1575,0.06222222222222222,0.11238095238095239,0.0926984126984127,0.12444444444444444,0.1346031746031746,0.07682539682539682,0.06603174603174604,0.12253968253968255,0.07936507936507936,0.1288888888888889,3957.3563636363638,3957.280701754386,0.07566188197779411,4.0,4.0,0.00025268477574226153,685,890,-0.13015873015873017,2237.745396825397,1720.1034920634922,-0.0007578628631019169,-0.0007580543635278997,-0.0007576714594056635,-0.0007574801523656427,-0.0007256131891206597,-0.0008121500227643276,-0.2852395815373449,-0.28122000417530396,0.0,0.0,-0.30388953024518267,-0.2984076722460277,-0.13379448592838492,0.12715508963761576,-1.6079743019942656
2023-01-03T10:43:59.999000,2023-01-03T10:43:30.000000,1,3958.0,3963.0,3953.0,3959.0,3958.0,65,3957.0,412,3956.0,165,3955.0,171,3954.0,106,3959.0,182,3960.0,123,3961.0,197,3962.0,230,3963.0,996,m2305,2023-01-03T10:43:59.999000,2023-01-03,1.0,10.0,0.1,4.0,5.0,2.0,0.4,0.5,0.2,2647,0.02455610124669437,0.06875708349074423,0.1556479032867397,0.04646769928220627,0.062334718549301095,0.07442387608613525,0.0646014355874575,0.08689081979599547,0.04004533434076313,0.376275028333963,3958.2631578947367,3959.3102803738316,1.0471224790949236,4.0,4.0,0.00025262094227611467,919,1728,-0.3056290139780884,2586.4537211938045,1373.525878352852,0.0002526847770868482,0.00025274864282154763,0.00025262094361965085,0.00025255714239554304,0.00022911517156005718,0.0005127405643394745,-0.2125531952744974,-0.2085375017828977,0.0,0.0,-0.24084922003780848,-0.11732179754998463,-0.8332037430261453,0.8260968976101893,0.38171101195284124
2023-01-03T10:44:29.999000,2023-01-03T10:44:00.000000,1,3958.0,3963.0,3953.0,3959.0,3958.0,125,3957.0,435,3956.0,185,3955.0,185,3954.0,111,3959.0,68,3960.0,134,3961.0,198,3962.0,231,3963.0,995,m2305,2023-01-03T10:44:29.999000,2023-01-03,1.0,10.0,0.1,4.0,5.0,2.0,0.4,0.5,0.2,2667,0.046869141357330335,0.0254968128983877,0.16310461192350956,0.050243719535058115,0.06936632920884889,0.07424071991001124,0.06936632920884889,0.08661417322834646,0.04161979752530934,0.37307836520434945,3958.647668393782,3959.293497363796,0.6458289700140085,4.0,4.0,0.00025262094227611467,1041,1626,-0.21934758155230596,2415.649418822647,1544.2347206599175,0.0,0.0,0.0,0.0,0.00009713649876436337,-4.238881122561704e-6,-0.24107311889060257,-0.23687316779171064,0.0,0.0,-0.2273475094751012,-0.1462595461565194,-0.45884839634214214,0.45354081272995544,0.44625239340692535
2023-01-03T10:44:59.973000,2023-01-03T10:44:30.000000,1,3959.0,3966.0,3954.0,3961.0,3961.0,20,3960.0,166,3959.0,163,3958.0,224,3957.0,454,3962.0,235,3963.0,1004,3964.0,177,3965.0,239,3966.0,203,m2305,2023-01-03T10:44:59.973000,2023-01-03,2.0,12.0,0.16666666666666666,5.0,5.0,2.0,0.4166666666666667,0.4166666666666667,0.16666666666666666,2885,0.006932409012131715,0.08145580589254767,0.057538994800693244,0.34800693240901215,0.05649913344887349,0.061351819757365686,0.07764298093587521,0.08284228769497401,0.15736568457538994,0.07036395147313691,3961.078431372549,3960.425641025641,0.6527903469077501,4.0,4.0,0.0002524296352391771,1027,1858,-0.2880415944540728,2552.6110918544196,1409.000693240901,0.0007576714594055963,0.0007578628631020225,0.0007574801523656365,0.0007572889419087576,0.0006138502833241534,0.0002859050049058982,0.06156462900407954,0.06513188754012018,0.0,0.0,0.011904703573894202,-0.04894827677096644,-0.7230786330082253,0.7194038484194121,0.8924825233664362
2023-01-03T10:45:29.999000,2023-01-03T10:45:00.000000,1,3962.0,3966.0,3953.0,3958.0,3957.0,299,3956.0,145,3955.0,206,3954.0,111,3953.0,124,3958.0,110,3959.0,206,3960.0,184,3961.0,209,3962.0,213,m2305,2023-01-03T10:45:29.999000,2023-01-03,-4.0,13.0,-0.3076923076923077,4.0,5.0,-3.0,0.3076923076923077,0.38461538461538464,-0.23076923076923078,1807,0.16546762589928057,0.06087437742114001,0.08024349750968456,0.1140011068068622,0.1140011068068622,0.1018262313226342,0.061427780852241286,0.11566131710016603,0.06862202545655784,0.11787493082457111,3957.7310513447433,3957.2393162393164,0.49173510542686927,4.0,4.0,0.00025268477574226153,885,922,-0.020475926950747094,2020.6579966795796,1937.2213613724405,-0.0010103562364923173,-0.0010106115059235032,-0.001010101095985194,-0.0010098460843043474,-0.000845425119644053,-0.000804864811919498,-0.4092952058900557,-0.40442884044551863,0.0,0.0,-0.3859118394427193,-0.4269595412555804,0.3915958009964927,-0.3970332040903408,-1.1517278436245648
2023-01-03T10:45:59.964000,2023-01-03T10:45:30.000000,1,3958.0,3963.0,3952.0,3957.0,3956.0,133,3955.0,234,3954.0,122,3953.0,141,3952.0,339,3957.0,117,3958.0,177,3959.0,195,3960.0,195,3961.0,194,m2305,2023-01-03T10:45:59.964000,2023-01-03,-1.0,11.0,-0.09090909090909091,5.0,5.0,-1.0,0.45454545454545453,0.45454545454545453,-0.09090909090909091,1847,0.07200866269626421,0.06334596643205198,0.12669193286410396,0.09583107742284785,0.0660530590146183,0.10557661072008663,0.07634001082837033,0.10557661072008663,0.18354087709799674,0.10503519220357337,3956.532,3956.70802919708,0.1760291970799699,4.0,4.0,0.0002527486414760521,969,878,0.049269085002707096,1882.0649702219814,2074.2322685435843,-0.00025274864282154747,-0.00025281254084847564,-0.00025268477708670535,-0.00025262094361962314,-0.00030301023510042815,-0.00013426600401650988,-0.5398136144261146,-0.5345092771377762,0.0,0.0,-0.5403647305042217,-0.5045902195000186,0.6899046453463892,-0.697475471158452,-1.0487611280157494
2023-01-03T10:46:29.907000,2023-01-03T10:46:00.000000,1,3957.0,3961.0,3951.0,3957.0,3956.0,152,3955.0,292,3954.0,137,3953.0,179,3952.0,340,3957.0,90,3958.0,164,3959.0,212,3960.0,191,3961.0,195,m2305,2023-01-03T10:46:29.907000,2023-01-03,0.0,10.0,0.0,4.0,6.0,2.0,0.4,0.6,0.2,1952,0.0778688524590164,0.04610655737704918,0.14959016393442623,0.08401639344262295,0.0701844262295082,0.10860655737704918,0.09170081967213115,0.09784836065573771,0.17418032786885246,0.09989754098360656,3956.628099173554,3956.9210526315787,0.2929534580248401,4.0,4.0,0.0002527486414760521,1100,852,0.12704918032786885,1728.1275614754097,2228.0414959016393,0.0,0.0,0.0,0.0,0.000024288444149770458,0.00005383710364677913,-0.5571216288039411,-0.5516720452209409,0.0,0.0,-0.5455657307930959,-0.4955950613226542,1.062284432706326,-1.0691385889922245,-0.8210566265163108
2023-01-03T10:46:59.944000,2023-01-03T10:46:30.000000,1,3956.0,3962.0,3950.0,3957.0,3956.0,165,3955.0,237,3954.0,183,3953.0,196,3952.0,358,3957.0,106,3958.0,163,3959.0,193,3960.0,188,3961.0,169,m2305,2023-01-03T10:46:59.944000,2023-01-03,1.0,12.0,0.08333333333333333,5.0,6.0,2.0,0.4166666666666667,0.5,0.16666666666666666,1958,0.08426966292134831,0.054136874361593465,0.12104187946884576,0.08324821246169561,0.09346271705822268,0.09856996935648621,0.10010214504596528,0.09601634320735444,0.18283963227783454,0.08631256384065372,3956.608856088561,3956.7775,0.168643911439176,4.0,4.0,0.0002527486414760521,1139,819,0.1634320735444331,1656.0633299284984,2299.9290091930543,0.0,0.0,0.0,0.0,-4.863517951492544e-6,-0.000036279529890988194,-0.5784426800687824,-0.5728035528057192,0.0,0.0,-0.5676921962030894,-0.5329275438604798,1.2272504964554867,-1.2344212553115628,-0.7941992562163502
2023-01-03T10:47:29.996000,2023-01-03T10:47:00.000000,1,3957.0,3962.0,3950.0,3955.0,3955.0,81,3954.0,230,3953.0,209,3952.0,373,3951.0,442,3956.0,120,3957.0,184,3958.0,183,3959.0,179,3960.0,189,m2305,2023-01-03T10:47:29.996000,2023-01-03,-2.0,12.0,-0.16666666666666666,5.0,5.0,-2.0,0.4166666666666667,0.4166666666666667,-0.16666666666666666,2190,0.036986301369863014,0.0547945205479452,0.1050228310502283,0.08401826484018265,0.0954337899543379,0.08356164383561644,0.17031963470319636,0.0817351598173516,0.20182648401826483,0.0863013698630137,3955.402985074627,3955.6666666666665,0.26368159203957475,4.0,4.0,0.0002528125395019593,1335,855,0.2191780821917808,1545.3073059360731,2409.310502283105,-0.00025281254084847564,-0.0002528764711920382,-0.00025274864282154747,-0.00025268477708670535,-0.00030482032825004794,-0.0002807813406915505,-0.7255019101544105,-0.7192177414437612,0.0,0.0,-0.7386086355823329,-0.6922477296811674,1.4439108487708538,-1.4535472351472176,-0.35764195189335624
2023-01-03T10:47:59.996000,2023-01-03T10:47:30.000000,1,3955.0,3960.0,3947.0,3952.0,3952.0,170,3951.0,257,3950.0,416,3949.0,125,3948.0,124,3953.0,92,3954.0,212,3955.0,871,3956.0,129,3957.0,127,m2305,2023-01-03T10:47:59.996000,2023-01-03,-3.0,13.0,-0.23076923076923078,5.0,5.0,-3.0,0.38461538461538464,0.38461538461538464,-0.23076923076923078,2523,0.06738010305192231,0.0364645263575109,0.10186286167261197,0.08402695204122076,0.16488307570352756,0.3452239397542608,0.04954419342053112,0.05112960760998811,0.049147839873166864,0.05033690051525961,3952.648854961832,3952.643923240938,0.004931720894091995,4.0,4.0,0.0002530044275774826,1092,1431,-0.13436385255648037,2243.1993658343245,1709.720174395561,-0.0007588213339958443,-0.0007590133191714863,-0.0007586294459171952,-0.0007584376548620417,-0.0006965382321350153,-0.0007644473591587413,-1.1110556865934478,-1.1033446015865958,0.0,0.0,-1.0934672457027101,-1.08022703576214,-0.05036009496833111,0.030251690076280847,0.26698194158811606
2023-01-03T10:48:29.967000,2023-01-03T10:48:00.000000,1,3952.0,3958.0,3947.0,3953.0,3952.0,160,3951.0,221,3950.0,468,3949.0,129,3948.0,145,3953.0,52,3954.0,216,3955.0,895,3956.0,110,3957.0,135,m2305,2023-01-03T10:48:29.967000,2023-01-03,1.0,11.0,0.09090909090909091,5.0,5.0,1.0,0.45454545454545453,0.45454545454545453,0.09090909090909091,2531,0.06321612011062822,0.020545239035954167,0.08731726590280521,0.08534176214934808,0.1849071513235875,0.35361517186882657,0.050967996839193994,0.043461082576056895,0.057289608850256815,0.053338601343342555,3952.754716981132,3952.5171624713957,0.23755450973612824,4.0,4.0,0.0002530044275774826,1123,1408,-0.1126037139470565,2200.1975503753456,1752.6558672461476,0.0,0.0,0.0,0.0,0.000026782192292239706,-0.000032070382419498205,-1.16595960587461,-1.1575920012912873,0.0,0.0,-1.1349083714205335,-1.1508052776641227,0.049033333207318154,-0.06928760962237279,0.26337138449692976
2023-01-03T10:48:59.753000,2023-01-03T10:48:30.000000,1,3952.0,3958.0,3948.0,3954.0,3953.0,48,3952.0,234,3951.0,247,3950.0,434,3949.0,133,3954.0,154,3955.0,901,3956.0,111,3957.0,148,3958.0,205,m2305,2023-01-03T10:48:59.753000,2023-01-03,2.0,10.0,0.2,4.0,4.0,2.0,0.4,0.4,0.2,2615,0.01835564053537285,0.05889101338432123,0.08948374760994264,0.3445506692160612,0.09445506692160612,0.04244741873804971,0.16596558317399618,0.05659655831739962,0.050860420650095606,0.07839388145315487,3953.237623762376,3952.618502202643,0.6191215597332302,4.0,4.0,0.0002529404325281396,1096,1519,-0.16175908221797322,2297.71051625239,1655.8034416826004,0.00025300442892716915,0.00025306845636778705,0.00025294043387678194,0.000252876471191991,0.00012216221848741326,0.000025638960683759117,-1.1013863795448884,-1.0926873684446212,0.0,0.0,-1.1362375714477333,-1.1997479945391059,-0.14922669735767602,0.12933764654798446,0.4088831556019963
2023-01-03T10:49:29.738000,2023-01-03T10:49:00.000000,1,3954.0,3958.0,3947.0,3952.0,3952.0,88,3951.0,198,3950.0,470,3949.0,190,3948.0,207,3953.0,245,3954.0,144,3955.0,902,3956.0,134,3957.0,135,m2305,2023-01-03T10:49:29.738000,2023-01-03,-2.0,11.0,-0.18181818181818182,4.0,5.0,-1.0,0.36363636363636365,0.45454545454545453,-0.09090909090909091,2713,0.03243641725027645,0.0903059343899742,0.07298193881312201,0.05307777368227055,0.17323995576852194,0.33247327681533356,0.07003317360855142,0.049391817176557315,0.07629929966826392,0.04976041282712864,3952.264264264264,3952.7368421052633,0.4725778409992927,4.0,4.0,0.0002530044275774826,1153,1560,-0.15001842978252858,2274.0766678953187,1678.6288241798748,-0.00025300442892703775,-0.00025306845636768253,-0.00025294043387667244,-0.0002528764711920382,-0.00024624862957910957,0.000029939173503210326,-1.2725475185454054,-1.2627713768354587,0.0,0.0,-1.3003585067110288,-1.225608751265842,-0.08812965928533333,0.06639398791955034,0.573021597093589
2023-01-03T10:49:59.991000,2023-01-03T10:49:30.000000,1,3952.0,3959.0,3948.0,3953.0,3952.0,198,3951.0,291,3950.0,438,3949.0,191,3948.0,210,3953.0,125,3954.0,195,3955.0,896,3956.0,132,3957.0,151,m2305,2023-01-03T10:49:59.991000,2023-01-03,1.0,11.0,0.09090909090909091,6.0,4.0,-1.0,0.5454545454545454,0.36363636363636365,-0.09090909090909091,2827,0.07003891050583658,0.04421648390519986,0.10293597453130528,0.06897771489211178,0.1549345596038203,0.3169437566324726,0.06756278740714539,0.04669260700389105,0.07428369296073577,0.05341351255748143,3952.6130030959753,3952.796296296296,0.18329320032080432,4.0,4.0,0.0002530044275774826,1328,1499,-0.06048814998231341,2097.1114255394414,1855.5627874071456,0.0,0.0,0.0,0.0,0.00008823383846254745,0.000015041159145791806,-1.2921959193556436,-1.2821433624522551,0.0,0.0,-1.2763174559306452,-1.2388552825779846,0.2951776455178615,-0.316029328830376,0.7646345853769989
2023-01-03T10:50:29.701000,2023-01-03T10:50:00.000000,1,3952.0,3959.0,3948.0,3954.0,3953.0,225,3952.0,226,3951.0,210,3950.0,461,3949.0,174,3954.0,143,3955.0,798,3956.0,178,3957.0,147,3958.0,231,m2305,2023-01-03T10:50:29.701000,2023-01-03,2.0,11.0,0.18181818181818182,5.0,4.0,1.0,0.45454545454545453,0.36363636363636365,0.09090909090909091,2793,0.08055853920515575,0.05119942713927676,0.08091657715717866,0.2857142857142857,0.07518796992481203,0.06373075546007877,0.16505549588256355,0.05263157894736842,0.06229860365198711,0.08270676691729323,3953.6114130434785,3952.662109375,0.9493036684784784,4.0,4.0,0.0002529404325281396,1296,1497,-0.0719656283566058,2120.1779448621555,1833.2842821339061,0.00025300442892716915,0.00025306845636778705,0.00025294043387678194,0.000252876471191991,0.00025256301877097227,-0.0000339479165970973,-1.1893325474396996,-1.179404003977522,0.0,0.0,-1.1727927984374702,-1.2845524089610842,0.24755785294682636,-0.2670113677760316,0.6734754208458907
2023-01-03T10:50:59.946000,2023-01-03T10:50:30.000000,1,3954.0,3961.0,3949.0,3955.0,3954.0,195,3953.0,204,3952.0,207,3951.0,209,3950.0,451,3955.0,3,3956.0,136,3957.0,146,3958.0,231,3959.0,181,m2305,2023-01-03T10:50:59.946000,2023-01-03,1.0,12.0,0.08333333333333333,6.0,5.0,0.0,0.5,0.4166666666666667,0.0,1963,0.09933774834437085,0.0015282730514518594,0.10392256749872644,0.06928171166581763,0.1054508405501783,0.07437595517065716,0.10646968925114621,0.11767702496179318,0.22975038206826287,0.09220580743759552,3954.9848484848485,3954.8,0.18484848484831673,4.0,4.0,0.00025287646984448094,1266,697,0.2898624554253693,1405.2368823229751,2548.5048395313297,0.00025294043387678194,0.00025300442892716915,0.000252876471191991,0.00025281254084838376,0.00034732723981830153,0.0005407273907910527,-1.0885860571780515,-1.0787386313518468,0.0,0.0,-1.020397981514417,-1.0316486976831767,1.7449401834860538,-1.7586567237531006,-0.9346570412947944
2023-01-03T10:51:29.918000,2023-01-03T10:51:00.000000,1,3955.0,3959.0,3950.0,3955.0,3954.0,232,3953.0,187,3952.0,188,3951.0,159,3950.0,454,3955.0,71,3956.0,159,3957.0,146,3958.0,229,3959.0,182,m2305,2023-01-03T10:51:29.918000,2023-01-03,0.0,9.0,0.0,4.0,5.0,1.0,0.4444444444444444,0.5555555555555556,0.1111111111111111,2007,0.11559541604384654,0.03537618335824614,0.0931738913801694,0.07922272047832586,0.09367214748380667,0.07274539113104135,0.07922272047832586,0.11410064773293473,0.22620827105132038,0.09068261086198307,3954.7656765676566,3954.621387283237,0.14428928441975586,4.0,4.0,0.00025287646984448094,1220,787,0.21574489287493773,1551.794220229198,2402.104633781764,0.0,0.0,0.0,0.0,-0.0000554181618128194,-0.00004516454694921726,-1.1124887713541938,-1.1022752198200654,0.0,0.0,-1.075251253733546,-1.0844806862086553,1.3786087766815107,-1.3921773075620385,-0.8422883236882768
2023-01-03T10:51:59.739000,2023-01-03T10:51:30.000000,1,3955.0,3960.0,3948.0,3954.0,3953.0,141,3952.0,218,3951.0,159,3950.0,454,3949.0,121,3954.0,111,3955.0,253,3956.0,187,3957.0,141,3958.0,233,m2305,2023-01-03T10:51:59.739000,2023-01-03,-1.0,12.0,-0.08333333333333333,5.0,6.0,0.0,0.4166666666666667,0.5,0.0,2018,0.06987115956392467,0.055004955401387515,0.10802775024777007,0.12537165510406342,0.07879088206144698,0.09266600594648167,0.22497522299306244,0.06987115956392467,0.0599603567888999,0.11546085232903865,3953.559523809524,3953.388535031847,0.1709887776769392,4.0,4.0,0.0002529404325281396,1093,925,0.08325074331020813,1813.3954410307235,2139.864717542121,-0.00025294043387667244,-0.00025300442892703775,-0.0002528764711920382,-0.00025281254084847564,-0.00030503367955269376,-0.00031179835976158203,-1.2674739335458411,-1.2563472632925594,0.0,0.0,-1.2557442991713412,-1.2729708228989425,0.8044519361668698,-0.8211789259778801,-0.8138556751284819
2023-01-03T10:52:29.772000,2023-01-03T10:52:00.000000,1,3954.0,3958.0,3947.0,3952.0,3952.0,60,3951.0,220,3950.0,413,3949.0,123,3948.0,197,3953.0,113,3954.0,144,3955.0,258,3956.0,187,3957.0,139,m2305,2023-01-03T10:52:29.772000,2023-01-03,-2.0,11.0,-0.18181818181818182,4.0,5.0,-1.0,0.36363636363636365,0.45454545454545453,-0.09090909090909091,1854,0.032362459546925564,0.06094929881337648,0.1186623516720604,0.07766990291262135,0.22276159654800431,0.13915857605177995,0.06634304207119741,0.10086299892125135,0.10625674217907227,0.0749730312837109,3952.3468208092486,3952.813186813187,0.46636600393821936,4.0,4.0,0.0002530044275774826,1013,841,0.09277238403451996,1794.0938511326863,2158.1299892125135,-0.00025300442892703775,-0.00025306845636768253,-0.00025294043387667244,-0.0002528764711920382,-0.0003067840566089958,-0.00014554352138166293,-1.4101539260650746,-1.3983074060374827,0.0,0.0,-1.4282537175601069,-1.3604008547875563,0.8153830954637965,-0.8337156065425186,-1.1093727270981006
2023-01-03T10:52:59.994000,2023-01-03T10:52:30.000000,1,3953.0,3957.0,3943.0,3949.0,3949.0,26,3948.0,223,3947.0,274,3946.0,134,3945.0,277,3950.0,2247,3951.0,93,3952.0,164,3953.0,168,3954.0,140,m2305,2023-01-03T10:52:59.994000,2023-01-03,-4.0,14.0,-0.2857142857142857,4.0,6.0,-2.0,0.2857142857142857,0.42857142857142855,-0.14285714285714285,3746,0.0069407367859049655,0.5998398291510945,0.0595301655098772,0.024826481580352375,0.07314468766684463,0.04378003203416978,0.03577148958889482,0.044847837693539776,0.07394554191137213,0.03737319807794982,3949.011438627365,3950.1170886075947,1.1056499802298276,4.0,4.0,0.000253196607165464,934,2812,-0.5013347570742125,2965.5325680726105,984.0056059797117,-0.0007593975811089613,-0.0007595898580185669,-0.0007592054015179521,-0.0007590133191714863,-0.0008442554483624278,-0.0006823034535865244,-1.8099038504630303,-1.7963628455438683,0.0,0.0,-1.8689170672394233,-1.7282663098880735,-1.6104961436299134,1.5771920226006715,2.3427000695665674
2023-01-03T10:53:29.962000,2023-01-03T10:53:00.000000,1,3950.0,3955.0,3942.0,3950.0,3949.0,212,3948.0,242,3947.0,240,3946.0,149,3945.0,312,3950.0,102,3951.0,208,3952.0,145,3953.0,155,3954.0,161,m2305,2023-01-03T10:53:29.962000,2023-01-03,0.0,13.0,0.0,5.0,8.0,3.0,0.38461538461538464,0.6153846153846154,0.23076923076923078,1926,0.11007268951194185,0.0529595015576324,0.1256490134994808,0.10799584631360332,0.12461059190031153,0.07528556593977155,0.07736240913811007,0.08047767393561786,0.16199376947040497,0.08359293873312565,3949.6751592356686,3949.6133333333332,0.06182590233538576,4.0,4.0,0.000253196607165464,1155,771,0.19937694704049844,1582.064901349948,2366.914849428868,0.0,0.0,0.0,0.0,0.00016805847444198622,-0.00012753733305765255,-1.7909900424500769,-1.7867075207353822,0.0,0.0,-1.7619855601726462,-1.7925196092689528,1.2047518029215762,-1.2270385894686853,-0.9427799141318408
2023-01-03T10:53:59.973000,2023-01-03T10:53:30.000000,1,3950.0,3956.0,3944.0,3952.0,3951.0,182,3950.0,925,3949.0,196,3948.0,271,3947.0,172,3952.0,185,3953.0,139,3954.0,169,3955.0,251,3956.0,205,m2305,2023-01-03T10:53:59.973000,2023-01-03,2.0,12.0,0.16666666666666666,4.0,6.0,4.0,0.3333333333333333,0.5,0.3333333333333333,2695,0.06753246753246753,0.0686456400742115,0.3432282003710575,0.05157699443413729,0.07272727272727272,0.062708719851577,0.10055658627087198,0.09313543599257885,0.06382189239332096,0.07606679035250463,3951.4959128065393,3952.6080827067667,1.1121699002274,4.0,4.0,0.00025306845501708213,1746,949,0.29573283858998145,1392.3925788497215,2558.674582560297,0.0005063291247413282,0.0005064573417954385,0.0005062009725908393,0.0005060728852947277,0.0004608819595218452,0.0007579513048635853,-1.5111478483172562,-1.5071704901118537,0.0,0.0,-1.5099463546561604,-1.3763808330529934,1.5337464797962672,-1.5489200203470377,0.44193996488312803
2023-01-03T10:54:29.738000,2023-01-03T10:54:00.000000,1,3952.0,3956.0,3947.0,3951.0,3951.0,72,3950.0,932,3949.0,198,3948.0,276,3947.0,171,3952.0,234,3953.0,161,3954.0,170,3955.0,254,3956.0,206,m2305,2023-01-03T10:54:29.738000,2023-01-03,-1.0,9.0,-0.1111111111111111,4.0,4.0,-1.0,0.4444444444444444,0.4444444444444444,-0.1111111111111111,2674,0.02692595362752431,0.087509349289454,0.34854151084517576,0.060209424083769635,0.07404637247569185,0.06357516828721017,0.10321615557217652,0.09498878085265519,0.06394913986537024,0.07703814510097233,3951.235294117647,3952.558096980787,1.3228028631401685,4.0,4.0,0.00025306845501708213,1649,1025,0.23335826477187735,1515.6645474943905,2435.437172774869,0.0,0.0,0.0,0.0,-0.0000659566122553676,-0.000012646344135973908,-1.5111478483172562,-1.5071704901118537,0.0,0.0,-1.5425257122156644,-1.3895286982804202,1.2456760452036106,-1.261404819920368,0.40055843955775733
2023-01-03T10:54:59.957000,2023-01-03T10:54:30.000000,1,3952.0,3956.0,3945.0,3950.0,3950.0,107,3949.0,190,3948.0,306,3947.0,182,3946.0,200,3951.0,177,3952.0,439,3953.0,163,3954.0,168,3955.0,253,m2305,2023-01-03T10:54:59.957000,2023-01-03,-2.0,11.0,-0.18181818181818182,4.0,5.0,-1.0,0.36363636363636365,0.45454545454545453,-0.09090909090909091,2185,0.04897025171624714,0.08100686498855836,0.08695652173913043,0.20091533180778032,0.140045766590389,0.07459954233409612,0.08329519450800915,0.07688787185354691,0.09153318077803203,0.11578947368421053,3950.3767605633802,3949.906200317965,0.47056024541507213,4.0,4.0,0.00025313251487153526,985,1200,-0.09839816933638444,2170.929519450801,1779.6805491990845,-0.0002531325162231551,-0.0002531966085181148,-0.00025306845636768253,-0.00025300442892703775,-0.00021730592484266208,-0.0006711569107055486,-1.5960071652104946,-1.5921335583470124,0.0,0.0,-1.605318478549155,-1.6989783794338842,-0.00941543837014118,-0.015355178651598324,-0.4561374285089267
2023-01-03T10:55:29.757000,2023-01-03T10:55:00.000000,1,3950.0,3956.0,3946.0,3951.0,3950.0,177,3949.0,216,3948.0,302,3947.0,184,3946.0,180,3951.0,93,3952.0,460,3953.0,145,3954.0,166,3955.0,264,m2305,2023-01-03T10:55:29.757000,2023-01-03,1.0,10.0,0.1,5.0,4.0,0.0,0.5,0.4,0.0,2187,0.08093278463648834,0.04252400548696845,0.09876543209876543,0.21033379058070417,0.13808870598994055,0.06630086877000457,0.08413351623228166,0.07590306355738455,0.0823045267489712,0.12071330589849108,3950.6555555555556,3949.958579881657,0.696975673898578,4.0,4.0,0.00025313251487153526,1059,1128,-0.03155006858710562,2038.8806584362142,1911.732053040695,0.0,0.0,0.0,0.0,0.00007057178888432341,0.000013260876014914962,-1.5346555004965274,-1.5310514645565174,0.0,0.0,-1.5079156546510037,-1.6230666179579556,0.25363550905674637,-0.27642278235427514,-0.4705276328936271
2023-01-03T10:55:59.979000,2023-01-03T10:55:30.000000,1,3951.0,3957.0,3946.0,3953.0,3952.0,148,3951.0,223,3950.0,176,3949.0,183,3948.0,303,3953.0,58,3954.0,196,3955.0,266,3956.0,216,3957.0,138,m2305,2023-01-03T10:55:59.979000,2023-01-03,2.0,11.0,0.18181818181818182,4.0,5.0,3.0,0.36363636363636365,0.45454545454545453,0.2727272727272727,1907,0.07760880964866282,0.030414263240692185,0.11693759832197169,0.10277923439958049,0.09229155742003146,0.13948610382800208,0.09596224436287362,0.11326691137912952,0.1588883062401678,0.0723649711588883,3952.7184466019417,3952.596658711217,0.1217878907245904,4.0,4.0,0.0002530044275774826,1033,874,0.08337703198741479,1812.7163083377031,2139.52805453592,0.0005062009725908393,0.0005063291247413282,0.0005060728852947277,0.0005059448628037495,0.0005220279573433661,0.0006676521322300656,-1.2240299186307941,-1.2208211150827222,0.0,0.0,-1.1917580757792108,-1.2234138583841578,0.7828902504813714,-0.798258198625139,-0.9691872607576648
2023-01-03T10:56:29.982000,2023-01-03T10:56:00.000000,1,3953.0,3957.0,3946.0,3950.0,3950.0,180,3949.0,219,3948.0,304,3947.0,192,3946.0,178,3951.0,116,3952.0,226,3953.0,199,3954.0,170,3955.0,269,m2305,2023-01-03T10:56:29.982000,2023-01-03,-3.0,11.0,-0.2727272727272727,4.0,4.0,-3.0,0.36363636363636365,0.36363636363636365,-0.2727272727272727,2053,0.08767657087189479,0.0565026790063322,0.10667316122747199,0.1100828056502679,0.1480759863614223,0.09693132001948368,0.09352167559668777,0.08280565026790063,0.08670238675109596,0.13102776424744278,3950.608108108108,3950.476404494382,0.1317036137256764,4.0,4.0,0.00025313251487153526,1073,980,0.04529956161714564,1887.0871894788115,2063.436434486118,-0.0005062009725908441,-0.0005063291247412658,-0.000506072885294811,-0.0005059448628038228,-0.0005340380482522529,-0.000536564511234231,-1.440943550190568,-1.4377268702055188,0.0,0.0,-1.4238382128344924,-1.45902723858242,0.6052580318972279,-0.6246428551997121,-0.7016862371803044
2023-01-03T10:56:59.767000,2023-01-03T10:56:30.000000,1,3950.0,3956.0,3946.0,3951.0,3950.0,66,3949.0,213,3948.0,310,3947.0,186,3946.0,177,3951.0,101,3952.0,133,3953.0,168,3954.0,169,3955.0,273,m2305,2023-01-03T10:56:59.767000,2023-01-03,1.0,10.0,0.1,5.0,4.0,0.0,0.5,0.4,0.0,1796,0.036748329621380846,0.05623608017817372,0.11859688195991092,0.07405345211581292,0.17260579064587972,0.0935412026726058,0.10356347438752785,0.09409799554565701,0.09855233853006681,0.1520044543429844,3950.395209580838,3950.8468208092486,0.45161122841045653,4.0,4.0,0.00025313251487153526,952,844,0.060133630289532294,1857.857461024499,2092.5952115812916,0.0,0.0,0.0,0.0,-0.00005389151700381726,0.00009376057770975788,-1.3876163154674257,-1.3845969623901673,0.0,0.0,-1.3982547039860624,-1.3575768466919094,0.6530218468912595,-0.6713949182998444,-1.1362035498985252
2023-01-03T10:57:29.827000,2023-01-03T10:57:00.000000,1,3951.0,3957.0,3946.0,3953.0,3952.0,157,3951.0,169,3950.0,267,3949.0,192,3948.0,296,3953.0,110,3954.0,178,3955.0,278,3956.0,212,3957.0,171,m2305,2023-01-03T10:57:29.827000,2023-01-03,2.0,11.0,0.18181818181818182,4.0,5.0,3.0,0.36363636363636365,0.45454545454545453,0.2727272727272727,2030,0.07733990147783251,0.054187192118226604,0.0832512315270936,0.08768472906403942,0.1315270935960591,0.13694581280788176,0.09458128078817735,0.10443349753694581,0.1458128078817734,0.08423645320197044,3952.5880149812733,3952.4610951008644,0.12691988040887736,4.0,4.0,0.0002530044275774826,1081,949,0.06502463054187192,1848.9906403940886,2103.275369458128,0.0005062009725908393,0.0005063291247413282,0.0005060728852947277,0.0005059448628037495,0.0005549310670160006,0.0004085059904638971,-1.0880671752483742,-1.0853174571954876,0.0,0.0,-1.0749253268736259,-1.1049656079309602,0.6625117618948229,-0.6762999483913094,-0.7076905145215061
2023-01-03T10:57:59.720000,2023-01-03T10:57:30.000000,1,3953.0,3958.0,3948.0,3953.0,3953.0,69,3952.0,184,3951.0,153,3950.0,261,3949.0,143,3954.0,126,3955.0,322,3956.0,215,3957.0,168,3958.0,216,m2305,2023-01-03T10:57:59.720000,2023-01-03,0.0,10.0,0.0,5.0,5.0,0.0,0.5,0.5,0.0,1857,0.03715670436187399,0.06785137318255251,0.0990845449649973,0.17339795368874528,0.08239095315024232,0.1157781367797523,0.14054927302100162,0.09046849757673667,0.07700592353257943,0.11631663974151858,3953.353846153846,3953.090909090909,0.2629370629369987,4.0,4.0,0.0002529404325281396,810,1047,-0.12762520193861066,2230.4566505115777,1723.2552504038772,0.00025300442892716915,0.00025306845636778705,0.00025294043387678194,0.000252876471191991,0.00019373559492835756,0.0001593346020727654,-0.9294300184978541,-0.9268278513411686,0.0,0.0,-0.9460705595183535,-0.9922963694987852,-0.15908096334774685,0.14239436947171408,-1.0026342952472391
2023-01-03T10:58:29.848000,2023-01-03T10:58:00.000000,1,3953.0,3962.0,3948.0,3957.0,3956.0,119,3955.0,321,3954.0,167,3953.0,155,3952.0,149,3957.0,13,3958.0,220,3959.0,164,3960.0,206,3961.0,276,m2305,2023-01-03T10:58:29.848000,2023-01-03,4.0,14.0,0.2857142857142857,5.0,5.0,4.0,0.35714285714285715,0.35714285714285715,0.2857142857142857,1790,0.0664804469273743,0.007262569832402235,0.1793296089385475,0.12290502793296089,0.09329608938547486,0.09162011173184358,0.08659217877094973,0.11508379888268157,0.08324022346368715,0.15418994413407822,3956.901515151515,3956.7800369685765,0.12147818293851742,4.0,4.0,0.0002527486414760521,911,879,0.017877094972067038,1944.3983240223465,2012.4022346368715,0.0007586294459172175,0.0007588213339958703,0.00075843765486218,0.0007582459607567071,0.0008969796987556603,0.0009327909823856642,-0.5220276909285472,-0.5196372605901989,0.0,0.0,-0.4702416543224858,-0.49088330882568215,0.448277400952712,-0.45341842405490834,-1.1062851336834734
2023-01-03T10:58:59.955000,2023-01-03T10:58:30.000000,1,3957.0,3961.0,3951.0,3957.0,3956.0,112,3955.0,466,3954.0,161,3953.0,160,3952.0,139,3957.0,155,3958.0,251,3959.0,187,3960.0,214,3961.0,278,m2305,2023-01-03T10:58:59.955000,2023-01-03,0.0,10.0,0.0,4.0,6.0,2.0,0.4,0.6,0.2,2123,0.0527555346208196,0.0730098916627414,0.21950070654733866,0.11822892133772962,0.07583608101742817,0.08808290155440414,0.07536504945831371,0.10080075365049458,0.06547338671691004,0.13094677343382008,3956.4194756554307,3956.949790794979,0.5303151395482928,4.0,4.0,0.0002527486414760521,1038,1085,-0.022138483278379653,2023.4215732454074,1933.3509185115402,0.0,0.0,0.0,0.0,-0.00012182988589504191,0.00004290109218359368,-0.5032573876442723,-0.500892866159722,0.0,0.0,-0.5139458749442958,-0.4515303294972334,0.25514300333771534,-0.2615918260304434,-0.48389806474110825
2023-01-03T10:59:29.972000,2023-01-03T10:59:00.000000,1,3957.0,3961.0,3952.0,3956.0,3956.0,38,3955.0,440,3954.0,287,3953.0,162,3952.0,111,3957.0,159,3958.0,266,3959.0,191,3960.0,205,3961.0,280,m2305,2023-01-03T10:59:29.972000,2023-01-03,-1.0,9.0,-0.1111111111111111,4.0,4.0,-1.0,0.4444444444444444,0.4444444444444444,-0.1111111111111111,2139,0.017765310892940627,0.07433380084151472,0.20570359981299674,0.12435717625058439,0.13417484805984103,0.08929406264609631,0.07573632538569425,0.09583917718560075,0.051893408134642355,0.13090229079008883,3956.192893401015,3956.869688385269,0.6767949842537746,4.0,4.0,0.0002527486414760521,1038,1101,-0.029453015427769985,2037.8868630201027,1918.8330995792426,0.0,0.0,0.0,0.0,-0.00005727116252107618,-0.00002024367877574247,-0.484622315281864,-0.48228121779598426,0.0,0.0,-0.5244156683276825,-0.4456399724353292,0.18880310562644437,-0.19588794432965376,-0.45422720958823815
2023-01-03T10:59:59.776000,2023-01-03T10:59:30.000000,1,3956.0,3961.0,3951.0,3955.0,3955.0,328,3954.0,312,3953.0,163,3952.0,112,3951.0,122,3956.0,189,3957.0,181,3958.0,260,3959.0,191,3960.0,207,m2305,2023-01-03T10:59:59.776000,2023-01-03,-1.0,10.0,-0.1,5.0,4.0,-2.0,0.5,0.4,-0.2,2065,0.15883777239709443,0.09152542372881356,0.15108958837772396,0.08765133171912833,0.07893462469733656,0.12590799031476999,0.05423728813559322,0.09249394673123487,0.05907990314769976,0.10024213075060533,3955.634429400387,3955.898580121704,0.2641507213170371,4.0,4.0,0.0002528125395019593,1037,1028,0.0043583535108958835,1970.3970944309926,1985.4106537530265,-0.00025281254084847564,-0.0002528764711920382,-0.00025274864282154747,-0.00025268477708670535,-0.00014117193886329637,-0.0002454534836576568,-0.5939098964534121,-0.5915564818231227,0.0,0.0,-0.5766254517380411,-0.5546138523745476,0.311996736904865,-0.32033285993202104,-0.5869139468037377
2023-01-03T11:00:29.757000,2023-01-03T11:00:00.000000,1,3955.0,3964.0,3951.0,3957.0,3956.0,94,3955.0,295,3954.0,249,3953.0,198,3952.0,115,3957.0,173,3958.0,134,3959.0,254,3960.0,259,3961.0,298,m2305,2023-01-03T11:00:29.757000,2023-01-03,2.0,13.0,0.15384615384615385,7.0,4.0,-1.0,0.5384615384615384,0.3076923076923077,-0.07692307692307693,2069,0.04543257612373127,0.08361527307878203,0.14258095698405027,0.06476558724021267,0.12034799420009666,0.12276462058965684,0.09569840502658289,0.125181246979217,0.055582406959884,0.14403093281778637,3956.3520599250937,3957.062937062937,0.710877137843454,4.0,4.0,0.0002527486414760521,951,1118,-0.08071532141130981,2139.457225712905,1817.4523924601256,0.00025281254084838376,0.000252876471191991,0.00025274864282154763,0.0002526847770868482,0.00018140337515551853,0.00029429106842193085,-0.43930431975252304,-0.4369917367775039,0.0,0.0,-0.4589852334281197,-0.3781975569649707,-0.10887363150686806,0.10044129545178086,-0.5671915657096431
2023-01-03T11:00:59.883000,2023-01-03T11:00:30.000000,1,3957.0,3962.0,3951.0,3956.0,3955.0,322,3954.0,222,3953.0,216,3952.0,113,3951.0,127,3956.0,145,3957.0,211,3958.0,210,3959.0,241,3960.0,260,m2305,2023-01-03T11:00:59.883000,2023-01-03,-1.0,11.0,-0.09090909090909091,5.0,5.0,-1.0,0.45454545454545453,0.45454545454545453,-0.09090909090909091,2067,0.15578132559264635,0.07014997581035316,0.10740203193033382,0.10208030962747944,0.10449927431059507,0.10159651669085631,0.05466860183841316,0.1165940977261732,0.06144170295113691,0.12578616352201258,3955.6895074946465,3955.538106235566,0.1514012590805578,4.0,4.0,0.0002528125395019593,1000,1067,-0.0324141267537494,2043.273343009192,1912.6748911465893,-0.00025281254084847564,-0.0002528764711920382,-0.00025274864282154747,-0.00025268477708670535,-0.00016747951242427584,-0.00038541835684705955,-0.5463433643350972,-0.5439896727746311,0.0,0.0,-0.5209251895382917,-0.5562375841015956,0.12847941662145734,-0.1366835525250474,-0.5688446805702259
2023-01-03T11:01:29.805000,2023-01-03T11:01:00.000000,1,3956.0,3960.0,3947.0,3951.0,3951.0,157,3950.0,248,3949.0,142,3948.0,256,3947.0,195,3952.0,99,3953.0,196,3954.0,295,3955.0,146,3956.0,146,m2305,2023-01-03T11:01:29.805000,2023-01-03,-5.0,13.0,-0.38461538461538464,4.0,4.0,-5.0,0.3076923076923077,0.3076923076923077,-0.38461538461538464,1880,0.08351063829787234,0.052659574468085106,0.13191489361702127,0.10425531914893617,0.07553191489361702,0.15691489361702127,0.13617021276595745,0.07765957446808511,0.10372340425531915,0.07765957446808511,3951.61328125,3951.675675675676,0.06239442567584774,4.0,4.0,0.00025306845501708213,998,882,0.06170212765957447,1855.0382978723405,2096.2861702127657,-0.0010118897903635552,-0.001012145835394629,-0.0010116338748442624,-0.0010113780887387421,-0.0010310030397529253,-0.000976938520600189,-1.0577439954354548,-1.0553898107993966,0.0,0.0,-1.0427276975694622,-1.0529423981918957,0.5834366800637624,-0.5982525843079289,-0.902170702479194
2023-01-03T11:01:59.922000,2023-01-03T11:01:30.000000,1,3951.0,3960.0,3947.0,3955.0,3954.0,211,3953.0,198,3952.0,118,3951.0,294,3950.0,444,3955.0,83,3956.0,147,3957.0,178,3958.0,239,3959.0,257,m2305,2023-01-03T11:01:59.922000,2023-01-03,4.0,13.0,0.3076923076923077,5.0,4.0,3.0,0.38461538461538464,0.3076923076923077,0.23076923076923078,2169,0.09727985246657446,0.03826648224988474,0.0912863070539419,0.0677731673582296,0.054402950668510835,0.08206546795758414,0.1355463347164592,0.11018902720147533,0.20470262793914246,0.11848778238819732,3954.71768707483,3954.721739130435,0.0040520556049159495,4.0,4.0,0.00025287646984448094,1265,904,0.16643614568925771,1649.4089442139234,2304.6187183033658,0.0007590133191715234,0.0007592054015180059,0.0007588213339958703,0.0007586294459172175,0.0007852962383702695,0.0007705313673616596,-0.6208182323408372,-0.6185153832297843,0.0,0.0,-0.5919058431529541,-0.6073539632702293,1.062261963874886,-1.066051968383917,-0.39276838777375167
2023-01-03T11:02:29.652000,2023-01-03T11:02:00.000000,1,3955.0,3959.0,3947.0,3954.0,3954.0,106,3953.0,262,3952.0,201,3951.0,204,3950.0,439,3955.0,201,3956.0,164,3957.0,170,3958.0,241,3959.0,269,m2305,2023-01-03T11:02:29.652000,2023-01-03,-1.0,12.0,-0.08333333333333333,4.0,7.0,2.0,0.3333333333333333,0.5833333333333334,0.16666666666666666,2257,0.046964997784669914,0.08905626938413824,0.11608329641116526,0.07266282676118742,0.08905626938413824,0.07532122286220647,0.09038546743464776,0.10677891005759858,0.1945059813912273,0.11918475852902083,3954.345276872964,3954.845070422535,0.4997935495712227,4.0,4.0,0.00025287646984448094,1212,1045,0.07399202481169695,1832.2011519716439,2121.9388568896766,0.0,0.0,0.0,0.0,-0.00009417302753531422,0.00003118534682859764,-0.5953896182299784,-0.5931002493845656,0.0,0.0,-0.6178687606442788,-0.5649547204151265,0.5921159934411213,-0.598917121547793,-0.220240245212038
2023-01-03T11:02:59.993000,2023-01-03T11:02:30.000000,1,3954.0,3959.0,3949.0,3953.0,3953.0,200,3952.0,235,3951.0,196,3950.0,425,3949.0,131,3954.0,51,3955.0,189,3956.0,159,3957.0,171,3958.0,242,m2305,2023-01-03T11:02:59.993000,2023-01-03,-1.0,10.0,-0.1,5.0,4.0,-2.0,0.5,0.4,-0.2,1999,0.10005002501250625,0.025512756378189096,0.11755877938969485,0.0945472736368184,0.09804902451225612,0.07953976988494248,0.21260630315157578,0.08554277138569284,0.0655327663831916,0.12106053026513257,3953.796812749004,3953.6627358490564,0.13407689994755856,4.0,4.0,0.0002529404325281396,1187,812,0.1875937968984492,1607.1215607803902,2346.0655327663835,-0.00025294043387667244,-0.00025300442892703775,-0.0002528764711920382,-0.00025281254084847564,-0.00013870871783126096,-0.0002990032029430306,-0.7096547381012196,-0.7074059494684273,0.0,0.0,-0.6690474029567822,-0.705886808579972,1.1082529413414475,-1.1125654588416023,-0.6703849454892664
2023-01-03T11:03:29.824000,2023-01-03T11:03:00.000000,1,3953.0,3959.0,3949.0,3954.0,3953.0,176,3952.0,218,3951.0,192,3950.0,437,3949.0,132,3954.0,153,3955.0,140,3956.0,163,3957.0,171,3958.0,242,m2305,2023-01-03T11:03:29.824000,2023-01-03,1.0,10.0,0.1,5.0,4.0,0.0,0.5,0.4,0.0,2024,0.08695652173913043,0.07559288537549406,0.10770750988142293,0.0691699604743083,0.09486166007905138,0.08053359683794467,0.2159090909090909,0.08448616600790514,0.06521739130434782,0.11956521739130435,3953.5349544072947,3953.8268156424583,0.29186123516365114,4.0,4.0,0.0002529404325281396,1155,869,0.14130434782608695,1698.603260869565,2254.5820158102765,0.0,0.0,0.0,0.0,-0.00006623178324007357,0.000041499844510003205,-0.6859021140934115,-0.6836601204948185,0.0,0.0,-0.6822896647625281,-0.6582637382433331,0.859819336425727,-0.8661894180126157,-0.6025689459927375
2023-01-03T11:03:59.996000,2023-01-03T11:03:30.000000,1,3954.0,3959.0,3948.0,3953.0,3953.0,188,3952.0,173,3951.0,193,3950.0,426,3949.0,132,3954.0,81,3955.0,173,3956.0,162,3957.0,173,3958.0,242,m2305,2023-01-03T11:03:59.996000,2023-01-03,-1.0,11.0,-0.09090909090909091,5.0,5.0,-1.0,0.45454545454545453,0.45454545454545453,-0.09090909090909091,1943,0.09675759135357695,0.041688111168296446,0.08903757076685538,0.08903757076685538,0.09933093154915079,0.08337622233659289,0.21924858466289243,0.08903757076685538,0.06793618116314977,0.12454966546577458,3953.6988847583643,3953.5,0.19888475836432917,4.0,4.0,0.0002529404325281396,1112,831,0.14462171899125065,1692.103962943901,2261.1276376737005,0.0,0.0,0.0,0.0,0.000041463387684640425,-0.00008266147340667661,-0.6602805709672561,-0.658054775235137,0.0,0.0,-0.6325340736718175,-0.6812421989319652,0.8475466274589448,-0.8536504314501312,-0.7231590404654964
2023-01-03T11:04:29.809000,2023-01-03T11:04:00.000000,1,3953.0,3958.0,3949.0,3953.0,3953.0,110,3952.0,176,3951.0,192,3950.0,433,3949.0,132,3954.0,143,3955.0,166,3956.0,160,3957.0,173,3958.0,238,m2305,2023-01-03T11:04:29.809000,2023-01-03,0.0,9.0,0.0,5.0,4.0,-1.0,0.5555555555555556,0.4444444444444444,-0.1111111111111111,1923,0.05720228809152366,0.07436297451898076,0.09152366094643785,0.08632345293811752,0.0998439937597504,0.08320332813312532,0.2251690067602704,0.08996359854394176,0.0686427457098284,0.12376495059802392,3953.4347826086955,3953.5438596491226,0.10907704042710975,4.0,4.0,0.0002529404325281396,1043,880,0.08476339053562143,1810.4404576183047,2142.7935517420697,0.0,0.0,0.0,0.0,-0.00006680098272706739,0.000011093817082911749,-0.6355485557034438,-0.6333283846903792,0.0,0.0,-0.6478007577685098,-0.6499988253975134,0.5208321257226505,-0.5289611851155739,-0.7339758006790892
2023-01-03T11:04:59.654000,2023-01-03T11:04:30.000000,1,3953.0,3959.0,3949.0,3954.0,3954.0,154,3953.0,248,3952.0,175,3951.0,185,3950.0,436,3955.0,97,3956.0,172,3957.0,167,3958.0,238,3959.0,278,m2305,2023-01-03T11:04:59.654000,2023-01-03,1.0,10.0,0.1,5.0,4.0,0.0,0.5,0.4,0.0,2150,0.07162790697674419,0.045116279069767444,0.11534883720930232,0.08,0.08139534883720931,0.07767441860465116,0.08604651162790698,0.11069767441860465,0.2027906976744186,0.12930232558139534,3954.613545816733,3954.7714285714287,0.15788275469549262,4.0,4.0,0.00025287646984448094,1198,952,0.1144186046511628,1752.3218604651163,2201.858139534884,0.00025294043387678194,0.00025300442892716915,0.000252876471191991,0.00025281254084838376,0.0002981173528064505,0.0003104501748922447,-0.45452694555846146,-0.4521922841774066,0.0,0.0,-0.4389578366564487,-0.43194150190899216,0.6487884467509434,-0.6533259235886885,-0.27893527545391505
2023-01-03T11:05:29.899000,2023-01-03T11:05:00.000000,1,3954.0,3962.0,3950.0,3957.0,3956.0,131,3955.0,153,3954.0,174,3953.0,173,3952.0,155,3957.0,107,3958.0,301,3959.0,277,3960.0,232,3961.0,298,m2305,2023-01-03T11:05:29.899000,2023-01-03,3.0,12.0,0.25,5.0,4.0,2.0,0.4166666666666667,0.3333333333333333,0.16666666666666666,2001,0.06546726636681659,0.05347326336831584,0.07646176911544228,0.1504247876061969,0.08695652173913043,0.13843078460769614,0.0864567716141929,0.11594202898550725,0.07746126936531735,0.1489255372313843,3956.5504201680674,3956.011013215859,0.5394069522085374,4.0,4.0,0.0002527486414760521,786,1215,-0.2143928035982009,2404.046976511744,1553.111444277861,0.0005056890120404386,0.0005058169050686605,0.0005055611836700614,0.000505433419908285,0.0004896559844698188,0.0003133911629342664,-0.10017938910992419,-0.0974845686712222,0.0,0.0,-0.0945158620986015,-0.2012808058906731,-1.0918451060774184,1.08646279440198,-0.5453812991954294
2023-01-03T11:05:59.948000,2023-01-03T11:05:30.000000,1,3957.0,3962.0,3952.0,3958.0,3957.0,197,3956.0,136,3955.0,172,3954.0,173,3953.0,206,3958.0,134,3959.0,305,3960.0,234,3961.0,299,3962.0,179,m2305,2023-01-03T11:05:59.948000,2023-01-03,1.0,10.0,0.1,4.0,5.0,2.0,0.4,0.5,0.2,2035,0.09680589680589681,0.06584766584766585,0.06683046683046683,0.14987714987714987,0.08452088452088452,0.11498771498771498,0.08501228501228501,0.14692874692874694,0.10122850122850123,0.08796068796068796,3957.595166163142,3956.925170068027,0.6699960951150388,4.0,4.0,0.00025268477574226153,884,1151,-0.1312039312039312,2239.8250614250614,1718.0171990171991,0.00025274864282154763,0.00025281254084838376,0.0002526847770868482,0.00025262094361965085,0.00026401990960287083,0.00023105376691057955,0.11143060756863575,0.11449171684444204,0.0,0.0,0.12349289724930791,-0.011036149767156831,-0.7076019707763581,0.7075845861350375,-0.45007792384163603
2023-01-03T11:06:29.981000,2023-01-03T11:06:00.000000,1,3958.0,3962.0,3953.0,3957.0,3957.0,150,3956.0,136,3955.0,179,3954.0,175,3953.0,200,3958.0,122,3959.0,329,3960.0,241,3961.0,297,3962.0,181,m2305,2023-01-03T11:06:29.981000,2023-01-03,-1.0,9.0,-0.1111111111111111,4.0,4.0,-1.0,0.4444444444444444,0.4444444444444444,-0.1111111111111111,2010,0.07462686567164178,0.06069651741293532,0.06766169154228856,0.16368159203980098,0.0890547263681592,0.11990049751243781,0.08706467661691543,0.14776119402985075,0.09950248756218906,0.09004975124378109,3957.551470588235,3956.877419354839,0.6740512333963125,4.0,4.0,0.00025268477574226153,840,1170,-0.16417910447761194,2305.1174129353235,1652.7666666666669,0.0,0.0,0.0,0.0,-0.00001104100199595396,-0.000012067703900633617,0.15326042267793008,0.15653591278519022,0.0,0.0,0.15816473743092221,0.01887999314749915,-0.911330667189457,0.9121017977231983,-0.4801751298961063
2023-01-03T11:06:59.827000,2023-01-03T11:06:30.000000,1,3957.0,3963.0,3952.0,3958.0,3957.0,155,3956.0,214,3955.0,398,3954.0,177,3953.0,196,3958.0,107,3959.0,301,3960.0,247,3961.0,307,3962.0,182,m2305,2023-01-03T11:06:59.827000,2023-01-03,1.0,11.0,0.09090909090909091,5.0,5.0,1.0,0.45454545454545453,0.45454545454545453,0.09090909090909091,2284,0.06786339754816112,0.046847635726795095,0.09369527145359019,0.1317863397548161,0.17425569176882663,0.10814360770577934,0.07749562171628721,0.13441330998248688,0.08581436077057793,0.0796847635726795,3957.591603053435,3957.2466019417475,0.34500111168745207,4.0,4.0,0.00025268477574226153,1140,1144,-0.0017513134851138354,1983.5359019264447,1974.0170753064797,0.0,0.0,0.0,0.0,0.000010140679663544429,0.0000932971447459227,0.18191727384336195,0.1853293185801273,0.0,0.0,0.19580299687600644,0.1129737380538094,0.021654345642178868,-0.018823027046073748,0.12254445258630565
2023-01-03T11:07:29.998000,2023-01-03T11:07:00.000000,1,3958.0,3962.0,3952.0,3956.0,3956.0,66,3955.0,406,3954.0,178,3953.0,189,3952.0,188,3957.0,182,3958.0,185,3959.0,306,3960.0,242,3961.0,299,m2305,2023-01-03T11:07:29.998000,2023-01-03,-2.0,10.0,-0.2,4.0,4.0,-2.0,0.4,0.4,-0.2,2241,0.029451137884872823,0.08121374386434628,0.18116912092815707,0.0825524319500223,0.07942882641677822,0.13654618473895583,0.08433734939759036,0.10798750557786703,0.08389112003569835,0.13342257920571174,3956.266129032258,3957.060913705584,0.7947846733259212,4.0,4.0,0.0002527486414760521,1027,1214,-0.08344489067380634,2144.8090138331104,1812.0174029451139,-0.00025274864282154747,-0.00025281254084847564,-0.00025268477708670535,-0.00025262094361962314,-0.0003349754515290526,-0.00004692469576915007,0.02932532577566759,0.032639953341724634,0.0,0.0,-0.019205472789328378,0.11633194865583643,-0.43860170449795205,0.4383521594989023,0.007497350970828148
2023-01-03T11:07:59.704000,2023-01-03T11:07:30.000000,1,3956.0,3961.0,3951.0,3955.0,3955.0,330,3954.0,152,3953.0,193,3952.0,179,3951.0,151,3956.0,133,3957.0,144,3958.0,159,3959.0,314,3960.0,236,m2305,2023-01-03T11:07:59.704000,2023-01-03,-1.0,10.0,-0.1,5.0,4.0,-2.0,0.5,0.4,-0.2,1991,0.16574585635359115,0.06680060271220492,0.07634354595680562,0.07232546459065796,0.09693621295831241,0.07985936715218483,0.08990457056755399,0.15770969362129583,0.07584128578603717,0.1185334003013561,3955.7127429805614,3955.5405405405404,0.17220244002101026,4.0,4.0,0.0002528125395019593,1005,986,0.009542943244600702,1960.303365143144,1995.5278754394776,-0.00025281254084847564,-0.0002528764711920382,-0.00025274864282154747,-0.00025268477708670535,-0.0001398856244564469,-0.0003842916119422504,-0.13741477968545857,-0.1343235399434868,0.0,0.0,-0.09765351224787411,-0.15029346311586278,0.10274662715554908,-0.10358245814269228,-0.5707801948756225
2023-01-03T11:08:29.867000,2023-01-03T11:08:00.000000,1,3955.0,3961.0,3951.0,3956.0,3956.0,91,3955.0,341,3954.0,182,3953.0,195,3952.0,178,3957.0,168,3958.0,167,3959.0,314,3960.0,228,3961.0,296,m2305,2023-01-03T11:08:29.867000,2023-01-03,1.0,10.0,0.1,5.0,4.0,0.0,0.5,0.4,0.0,2160,0.04212962962962963,0.07777777777777778,0.15787037037037038,0.07731481481481481,0.08425925925925926,0.14537037037037037,0.09027777777777778,0.10555555555555556,0.0824074074074074,0.13703703703703704,3956.3513513513512,3957.013779527559,0.6624281762078681,4.0,4.0,0.0002527486414760521,987,1173,-0.08611111111111111,2150.103703703704,1806.7453703703702,0.00025281254084838376,0.000252876471191991,0.00025274864282154763,0.0002526847770868482,0.00016142649113113231,0.0003723801302206708,0.08880780959146818,0.09241722951948794,0.0,0.0,0.056171915320374445,0.17002875112150106,-0.42253870983855846,0.42283091488683855,-0.18938681573922986
2023-01-03T11:08:59.885000,2023-01-03T11:08:30.000000,1,3956.0,3961.0,3951.0,3956.0,3955.0,344,3954.0,170,3953.0,199,3952.0,189,3951.0,152,3956.0,85,3957.0,207,3958.0,168,3959.0,314,3960.0,231,m2305,2023-01-03T11:08:59.885000,2023-01-03,0.0,10.0,0.0,5.0,5.0,0.0,0.5,0.5,0.0,2059,0.16707139388052453,0.0412821758135017,0.0825643516270034,0.10053423992229238,0.09664885866925692,0.08159300631374454,0.09179213210296261,0.1525012141816416,0.07382224380767363,0.11219038368139873,3955.8018648018647,3955.3527851458884,0.44907965597622024,4.0,4.0,0.0002528125395019593,1054,1005,0.023797960174842158,1932.0976202039828,2023.7139388052453,-0.00025281254084847564,-0.0002528764711920382,-0.00025274864282154747,-0.00025268477708670535,-0.000138896842707268,-0.00041984768842375425,-0.09063272899122733,-0.0873462244698347,0.0,0.0,-0.03083146978818986,-0.14254730340860933,0.22306939212251795,-0.22268878867184724,-0.42480410450755435
2023-01-03T11:09:29.784000,2023-01-03T11:09:00.000000,1,3956.0,3962.0,3951.0,3957.0,3957.0,121,3956.0,139,3955.0,261,3954.0,163,3953.0,212,3958.0,172,3959.0,318,3960.0,229,3961.0,296,3962.0,178,m2305,2023-01-03T11:09:29.784000,2023-01-03,1.0,11.0,0.09090909090909091,5.0,5.0,1.0,0.45454545454545453,0.45454545454545453,0.09090909090909091,2089,0.05792245093346099,0.0823360459550024,0.0665390138822403,0.15222594542843465,0.12494016275730015,0.10962182862613691,0.07802776448061273,0.14169459071325993,0.10148396361895644,0.0852082336045955,3957.4129692832767,3956.9124726477025,0.500496635574109,4.0,4.0,0.00025268477574226153,896,1193,-0.1421732886548588,2261.4983245572043,1696.2537099090473,0.0005055611836700614,0.0005056890120404386,0.000505433419908285,0.0005053057207063089,0.00040719341947673343,0.00039424550901631704,0.4259952575660019,0.43124189609824004,0.0,0.0,0.4038771561958139,0.2647791321203588,-0.7344796621003485,0.7373047208553807,-0.36268852900171045
2023-01-03T11:09:59.765000,2023-01-03T11:09:30.000000,1,3957.0,3962.0,3951.0,3955.0,3955.0,275,3954.0,194,3953.0,209,3952.0,178,3951.0,164,3956.0,55,3957.0,182,3958.0,159,3959.0,305,3960.0,239,m2305,2023-01-03T11:09:59.765000,2023-01-03,-2.0,11.0,-0.18181818181818182,5.0,4.0,-3.0,0.45454545454545453,0.36363636363636365,-0.2727272727272727,1960,0.14030612244897958,0.02806122448979592,0.09897959183673469,0.09285714285714286,0.10663265306122449,0.08112244897959184,0.09081632653061225,0.1556122448979592,0.0836734693877551,0.12193877551020409,3955.8333333333335,3955.5478723404253,0.2854609929081562,4.0,4.0,0.0002528125395019593,1020,940,0.04081632653061224,1898.4750000000001,2057.294897959184,-0.0005055611836700228,-0.0005056890120404947,-0.0005054334199083321,-0.0005053057207063008,-0.0003992384188528888,-0.00034492440058059726,0.022372437814629793,0.026965501582477302,0.0,0.0,0.10575593938627038,0.010608526682834634,0.3014489518154396,-0.29970977946629673,-0.6645021949754251
2023-01-03T11:10:29.881000,2023-01-03T11:10:00.000000,1,3955.0,3960.0,3950.0,3955.0,3954.0,146,3953.0,214,3952.0,182,3951.0,164,3950.0,474,3955.0,329,3956.0,175,3957.0,170,3958.0,157,3959.0,310,m2305,2023-01-03T11:10:29.881000,2023-01-03,0.0,10.0,0.0,5.0,5.0,0.0,0.5,0.5,0.0,2321,0.06290392072382593,0.14174924601464886,0.09220163722533391,0.07539853511417492,0.07841447651874192,0.07324429125376992,0.07065919862128393,0.06764325721671693,0.20422231796639378,0.13356311934510987,3954.3073684210526,3954.650385604113,0.34301718306051043,4.0,4.0,0.00025287646984448094,1180,1141,0.01680310211115898,1945.2309349418356,2008.941835415769,-0.0002528764711920382,-0.00025294043387667244,-0.00025281254084847564,-0.00025274864282154747,-0.00038582497802401144,-0.0002269188990963496,-0.21054833373563567,-0.20685706525482642,0.0,0.0,-0.2702829833259583,-0.19301794290009736,0.1561557485628401,-0.15899894552931293,0.22847543110731003
2023-01-03T11:10:59.730000,2023-01-03T11:10:30.000000,1,3955.0,3961.0,3950.0,3955.0,3955.0,200,3954.0,503,3953.0,200,3952.0,186,3951.0,164,3956.0,125,3957.0,186,3958.0,154,3959.0,311,3960.0,239,m2305,2023-01-03T11:10:59.730000,2023-01-03,0.0,11.0,0.0,6.0,5.0,-1.0,0.5454545454545454,0.45454545454545453,-0.09090909090909091,2268,0.08818342151675485,0.05511463844797178,0.22178130511463845,0.082010582010582,0.08818342151675485,0.06790123456790123,0.082010582010582,0.1371252204585538,0.07231040564373897,0.10537918871252204,3955.6153846153848,3956.190130624093,0.574746008708189,4.0,4.0,0.0002528125395019593,1253,1015,0.10493827160493827,1771.4828042328043,2184.0820105820103,0.000252876471191991,0.00025294043387678194,0.00025281254084838376,0.00025274864282154763,0.00033072793429045686,0.00038927470128236703,0.14268389747010243,0.14897675405915684,0.0,0.0,0.17446582417469136,0.3304287455368252,0.6675565736974914,-0.6640578060011056,0.13282830189668862
2023-01-03T11:11:29.997000,2023-01-03T11:11:00.000000,1,3955.0,3960.0,3950.0,3955.0,3954.0,397,3953.0,194,3952.0,184,3951.0,165,3950.0,474,3955.0,246,3956.0,81,3957.0,175,3958.0,156,3959.0,361,m2305,2023-01-03T11:11:29.997000,2023-01-03,0.0,10.0,0.0,5.0,5.0,0.0,0.5,0.5,0.0,2433,0.1631730374023839,0.10110974106041924,0.07973695026715988,0.03329223181257707,0.07562679819153309,0.07192766132346896,0.06781750924784218,0.06411837237977805,0.19482120838471023,0.14837648993012742,3954.617418351477,3955.1163636363635,0.49894528488630385,4.0,4.0,0.00025287646984448094,1414,1019,0.16235100698725852,1657.4138923140158,2296.7542129058775,-0.0002528764711920382,-0.00025294043387667244,-0.00025281254084847564,-0.00025274864282154747,-0.0002523228567502944,-0.000271451243887985,-0.12909944442024496,-0.12431787536762319,0.0,0.0,-0.09329166822750767,0.05519284986405499,0.9840149707321625,-0.9827917874192591,0.5929347165348091
2023-01-03T11:11:59.922000,2023-01-03T11:11:30.000000,1,3955.0,3959.0,3950.0,3955.0,3954.0,409,3953.0,197,3952.0,183,3951.0,165,3950.0,479,3955.0,157,3956.0,101,3957.0,174,3958.0,158,3959.0,345,m2305,2023-01-03T11:11:59.922000,2023-01-03,0.0,9.0,0.0,4.0,5.0,1.0,0.4444444444444444,0.5555555555555556,0.1111111111111111,2368,0.1727195945945946,0.06630067567567567,0.08319256756756757,0.04265202702702703,0.0772804054054054,0.07347972972972973,0.06967905405405406,0.06672297297297297,0.2022804054054054,0.14569256756756757,3954.7226148409895,3954.98322147651,0.2606066355206167,4.0,4.0,0.00025287646984448094,1433,935,0.21030405405405406,1562.5962837837837,2391.5152027027025,0.0,0.0,0.0,0.0,0.000026600573265804817,-0.00003366383910422622,-0.08779578565891301,-0.08237406007440887,0.0,0.0,-0.008503349289690244,0.057613498721694016,1.2620288009109213,-1.2589650285959908,0.4022015867069295
2023-01-03T11:12:29.988000,2023-01-03T11:12:00.000000,1,3955.0,3961.0,3950.0,3955.0,3955.0,75,3954.0,425,3953.0,230,3952.0,185,3951.0,163,3956.0,198,3957.0,193,3958.0,155,3959.0,358,3960.0,243,m2305,2023-01-03T11:12:29.988000,2023-01-03,0.0,11.0,0.0,6.0,5.0,-1.0,0.5454545454545454,0.45454545454545453,-0.09090909090909091,2225,0.033707865168539325,0.08898876404494382,0.19101123595505617,0.08674157303370786,0.10337078651685393,0.0696629213483146,0.08314606741573034,0.16089887640449438,0.07325842696629213,0.10921348314606742,3955.2747252747254,3956.0631067961167,0.7883815213913294,4.0,4.0,0.0002528125395019593,1078,1147,-0.031011235955056178,2040.485842696629,1915.2350561797753,0.000252876471191991,0.00025294043387678194,0.00025281254084838376,0.00025274864282154763,0.00013959813408082305,0.00027300695293726746,0.3223391179288537,0.3223391179256239,0.0,0.0,0.22641073587834082,0.49886214254302946,-0.19736472808323668,0.19984852933152755,0.060384278485658555
2023-01-03T11:12:59.920000,2023-01-03T11:12:30.000000,1,3955.0,3960.0,3951.0,3956.0,3955.0,122,3954.0,413,3953.0,197,3952.0,182,3951.0,164,3956.0,206,3957.0,204,3958.0,152,3959.0,362,3960.0,241,m2305,2023-01-03T11:12:59.920000,2023-01-03,1.0,9.0,0.1111111111111111,4.0,4.0,1.0,0.4444444444444444,0.4444444444444444,0.1111111111111111,2243,0.05439144003566652,0.09184128399465002,0.18412839946500223,0.09094962104324565,0.08782880071333037,0.06776638430673206,0.08114132857779759,0.1613909942041908,0.07311636201515827,0.10744538564422648,3955.371951219512,3956.0081037277146,0.6361525082024855,4.0,4.0,0.0002528125395019593,1078,1165,-0.03878733838609006,2055.8617922425324,1899.9023629068215,0.0,0.0,0.0,0.0,0.00002458103585409361,-0.000013903582750781374,0.3707956397891281,0.3707956397850789,0.0,0.0,0.30795542967056494,0.5284972353732308,-0.2846373101603097,0.28748925219559984,0.13332199470840145
2023-01-03T11:13:29.685000,2023-01-03T11:13:00.000000,1,3956.0,3960.0,3950.0,3954.0,3954.0,391,3953.0,186,3952.0,208,3951.0,175,3950.0,482,3955.0,207,3956.0,167,3957.0,189,3958.0,152,3959.0,363,m2305,2023-01-03T11:13:29.685000,2023-01-03,-2.0,10.0,-0.2,4.0,4.0,-2.0,0.4,0.4,-0.2,2520,0.15515873015873016,0.08214285714285714,0.07380952380952381,0.06626984126984127,0.08253968253968254,0.075,0.06944444444444445,0.06031746031746032,0.19126984126984126,0.14404761904761904,3954.653846153846,3954.5807365439096,0.07310960993663684,4.0,4.0,0.00025287646984448094,1442,1078,0.14444444444444443,1692.8345238095237,2261.3543650793654,-0.0002528764711920382,-0.00025294043387667244,-0.00025281254084847564,-0.00025274864282154747,-0.0001815683250685143,-0.00036087508227681967,-0.01364817391183417,-0.013648173911681808,0.0,0.0,0.035887721879246395,-0.03463638772320406,0.8751916765676822,-0.8736904458481785,0.8797499535579604
2023-01-03T11:13:59.859000,2023-01-03T11:13:30.000000,1,3954.0,3959.0,3950.0,3954.0,3954.0,326,3953.0,200,3952.0,206,3951.0,175,3950.0,481,3955.0,231,3956.0,158,3957.0,186,3958.0,153,3959.0,364,m2305,2023-01-03T11:13:59.859000,2023-01-03,0.0,9.0,0.0,5.0,4.0,-1.0,0.5555555555555556,0.4444444444444444,-0.1111111111111111,2480,0.1314516129032258,0.09314516129032258,0.08064516129032258,0.06370967741935483,0.08306451612903226,0.075,0.07056451612903226,0.06169354838709677,0.1939516129032258,0.14677419354838708,3954.585278276481,3954.6759776536314,0.09069937715048582,4.0,4.0,0.00025287646984448094,1388,1092,0.11935483870967742,1742.461693548387,2211.7302419354837,0.0,0.0,0.0,0.0,-0.000017338678547508494,0.00002408345389912831,0.013969414362434736,0.013969414362271884,0.0,0.0,0.03358172508707432,0.03745250061884653,0.688499456958918,-0.6875857657492875,0.7801566973361943
2023-01-03T11:14:29.951000,2023-01-03T11:14:00.000000,1,3954.0,3959.0,3950.0,3954.0,3954.0,324,3953.0,212,3952.0,182,3951.0,174,3950.0,482,3955.0,249,3956.0,160,3957.0,185,3958.0,157,3959.0,362,m2305,2023-01-03T11:14:29.951000,2023-01-03,0.0,9.0,0.0,5.0,4.0,-1.0,0.5555555555555556,0.4444444444444444,-0.1111111111111111,2487,0.13027744270205066,0.10012062726176116,0.08524326497788501,0.06433453960595094,0.0731805388017692,0.07438681141938078,0.06996381182147166,0.06312826698833937,0.19380780056292723,0.145556895858464,3954.565445026178,3954.7096774193546,0.1442323931764804,4.0,4.0,0.00025287646984448094,1374,1113,0.10494571773220748,1770.9545637314031,2183.2609569762767,0.0,0.0,0.0,0.0,-5.015266745278975e-6,8.521462271010184e-6,0.04297922183483,0.04297922183430472,0.0,0.0,0.05514478635183147,0.08724644702771266,0.5662124272066104,-0.5654649966822096,0.8164953691556469
2023-01-03T11:14:59.623000,2023-01-03T11:14:30.000000,1,3954.0,3959.0,3950.0,3954.0,3954.0,58,3953.0,223,3952.0,182,3951.0,173,3950.0,482,3955.0,246,3956.0,157,3957.0,181,3958.0,153,3959.0,346,m2305,2023-01-03T11:14:59.623000,2023-01-03,0.0,9.0,0.0,5.0,4.0,-1.0,0.5555555555555556,0.4444444444444444,-0.1111111111111111,2201,0.026351658337119492,0.11176737846433439,0.10131758291685597,0.07133121308496138,0.08268968650613358,0.08223534756928669,0.07860063607451158,0.06951385733757383,0.2189913675601999,0.15720127214902316,3954.190789473684,3954.7605263157893,0.5697368421051578,4.0,4.0,0.00025287646984448094,1118,1083,0.01590186278964107,1947.127214902317,2007.059518400727,0.0,0.0,0.0,0.0,-0.0000947444937397338,0.000012857725012116287,0.10162538724417017,0.10162538724269932,0.0,0.0,-0.06064229867087316,0.16079709469439243,-0.08285979016095185,0.08255387751692922,0.0215959614929187
2023-01-03T11:15:29.986000,2023-01-03T11:15:00.000000,1,3954.0,3959.0,3949.0,3953.0,3953.0,201,3952.0,210,3951.0,178,3950.0,486,3949.0,136,3954.0,174,3955.0,210,3956.0,149,3957.0,180,3958.0,155,m2305,2023-01-03T11:15:29.986000,2023-01-03,-1.0,10.0,-0.1,5.0,4.0,-2.0,0.5,0.4,-0.2,2079,0.09668109668109669,0.0836940836940837,0.10101010101010101,0.10101010101010101,0.08561808561808562,0.07166907166907167,0.23376623376623376,0.08658008658008658,0.06541606541606541,0.07455507455507455,3953.536,3953.5,0.03600000000005821,4.0,4.0,0.0002529404325281396,1211,868,0.16498316498316498,1651.6305916305917,2301.3540163540165,-0.00025294043387667244,-0.00025300442892703775,-0.0002528764711920382,-0.00025281254084847564,-0.00016560751088470784,-0.00031878725347249387,-0.34259349076816914,-0.34259349076303297,0.0,0.0,-0.33792182460847947,-0.40555290813093015,0.9514427406054771,-0.9543271244462069,-0.36175020553241577
2023-01-03T11:15:59.497000,2023-01-03T11:15:30.000000,1,3954.0,3959.0,3949.0,3954.0,3953.0,143,3952.0,185,3951.0,177,3950.0,504,3949.0,137,3954.0,174,3955.0,242,3956.0,149,3957.0,176,3958.0,154,m2305,2023-01-03T11:15:59.497000,2023-01-03,0.0,10.0,0.0,5.0,5.0,0.0,0.5,0.5,0.0,2041,0.07006369426751592,0.08525232729054386,0.09064184223419892,0.11856932876041157,0.08672219500244978,0.07300342969132778,0.24693777560019597,0.08623223909848114,0.06712395884370406,0.07545320921117099,3953.4511041009464,3953.2997658079626,0.15133829298383716,4.0,4.0,0.0002529404325281396,1146,895,0.12297893189612935,1734.6957373836356,2218.294463498285,0.0,0.0,0.0,0.0,-0.00002147364044974724,-0.00005064860575984051,-0.3217277901179539,-0.32172779011304853,0.0,0.0,-0.3569430021873723,-0.47784676876376503,0.6427382768512698,-0.6457852375058794,-0.4905547061100093
2023-01-03T11:16:29.913000,2023-01-03T11:16:00.000000,1,3954.0,3958.0,3948.0,3953.0,3952.0,193,3951.0,214,3950.0,492,3949.0,137,3948.0,278,3953.0,121,3954.0,115,3955.0,228,3956.0,149,3957.0,178,m2305,2023-01-03T11:16:29.913000,2023-01-03,-1.0,10.0,-0.1,4.0,5.0,0.0,0.4,0.5,0.0,2105,0.09168646080760096,0.057482185273159146,0.1016627078384798,0.05463182897862233,0.233729216152019,0.10831353919239906,0.065083135391924,0.07078384798099763,0.1320665083135392,0.0845605700712589,3952.6146496815286,3952.951367781155,0.3367180996265233,4.0,4.0,0.0002530044275774826,1314,791,0.2484560570071259,1486.2484560570072,2465.6565320665086,-0.00025300442892703775,-0.00025306845636768253,-0.00025294043387667244,-0.0002528764711920382,-0.00021159814466219825,-0.00008813229459734797,-0.7766562188917562,-0.7766562188798093,0.0,0.0,-0.7284934479950099,-0.6194232995379698,1.4894372549338672,-1.494425865757109,-0.30410195398193923
2023-01-03T11:16:59.986000,2023-01-03T11:16:30.000000,1,3953.0,3957.0,3947.0,3952.0,3952.0,107,3951.0,193,3950.0,528,3949.0,137,3948.0,280,3953.0,118,3954.0,148,3955.0,213,3956.0,153,3957.0,182,m2305,2023-01-03T11:16:59.986000,2023-01-03,-1.0,10.0,-0.1,4.0,5.0,0.0,0.4,0.5,0.0,2059,0.0519669742593492,0.05730937348227295,0.09373482272948033,0.0718795531811559,0.25643516270033995,0.10344827586206896,0.06653715395823215,0.07430791646430306,0.1359883438562409,0.08839242350655659,3952.4755555555557,3952.697947214076,0.22239165852033693,4.0,4.0,0.0002530044275774826,1245,814,0.2093249150072851,1563.6245750364255,2388.2758620689656,0.0,0.0,0.0,0.0,-0.00003519102815424307,-0.00006411125944715787,-0.7495018707665819,-0.7495018707549239,0.0,0.0,-0.7676541467690048,-0.7154167039022937,1.2052236288741138,-1.2101349562425128,-0.4518328921292688
2023-01-03T11:17:29.984000,2023-01-03T11:17:00.000000,1,3952.0,3957.0,3946.0,3950.0,3950.0,165,3949.0,170,3948.0,280,3947.0,197,3946.0,164,3951.0,153,3952.0,139,3953.0,157,3954.0,148,3955.0,205,m2305,2023-01-03T11:17:29.984000,2023-01-03,-2.0,11.0,-0.18181818181818182,5.0,4.0,-3.0,0.45454545454545453,0.36363636363636365,-0.2727272727272727,1778,0.09280089988751405,0.0860517435320585,0.09561304836895389,0.078177727784027,0.15748031496062992,0.08830146231721035,0.1107986501687289,0.08323959505061868,0.0922384701912261,0.11529808773903262,3950.5188679245284,3950.650485436893,0.13161751236475538,4.0,4.0,0.00025313251487153526,976,802,0.09786276715410573,1783.1377952755906,2167.1670416197976,-0.0005062009725908441,-0.0005063291247412658,-0.000506072885294811,-0.0005059448628038228,-0.0004951762752597988,-0.0005181251568078225,-1.6535042434210734,-1.653504243396434,0.0,0.0,-1.6400450759816407,-1.6422363459227334,0.45113350983104206,-0.4628684835668136,-1.2772631602740647
2023-01-03T11:17:59.950000,2023-01-03T11:17:30.000000,1,3950.0,3955.0,3944.0,3949.0,3949.0,107,3948.0,293,3947.0,205,3946.0,164,3945.0,375,3950.0,161,3951.0,160,3952.0,140,3953.0,155,3954.0,144,m2305,2023-01-03T11:17:59.950000,2023-01-03,-1.0,11.0,-0.09090909090909091,5.0,5.0,-1.0,0.45454545454545453,0.45454545454545453,-0.09090909090909091,1904,0.05619747899159664,0.08455882352941177,0.15388655462184875,0.08403361344537816,0.10766806722689076,0.07352941176470588,0.0861344537815126,0.08140756302521009,0.19695378151260504,0.07563025210084033,3949.3992537313434,3949.9403973509934,0.541143619650029,4.0,4.0,0.000253196607165464,1144,760,0.20168067226890757,1577.4585084033613,2371.3030462184875,-0.0002531966085181148,-0.0002532607332772212,-0.0002531325162231551,-0.00025306845636768253,-0.0002834495708536606,-0.0001797556912759293,-2.040265222285226,-2.040265222256828,0.0,0.0,-2.0707564951844453,-1.9060825873926812,1.1362865215110998,-1.1513168318528926,-0.8652796462664344
2023-01-03T11:18:29.740000,2023-01-03T11:18:00.000000,1,3949.0,3954.0,3944.0,3950.0,3949.0,157,3948.0,385,3947.0,217,3946.0,173,3945.0,381,3950.0,176,3951.0,172,3952.0,136,3953.0,170,3954.0,143,m2305,2023-01-03T11:18:29.740000,2023-01-03,1.0,10.0,0.1,4.0,5.0,2.0,0.4,0.5,0.2,2110,0.07440758293838863,0.08341232227488152,0.18246445497630331,0.08151658767772511,0.10284360189573459,0.06445497630331753,0.08199052132701422,0.08056872037914692,0.18056872037914692,0.06777251184834124,3949.4714714714714,3950.0736086175943,0.6021371461229137,4.0,4.0,0.000253196607165464,1313,797,0.24454976303317535,1492.7374407582938,2456.0071090047395,0.0,0.0,0.0,0.0,0.00001828558603947761,0.00003372431150440389,-1.9565199041664258,-1.9565199041408592,0.0,0.0,-1.950475060058592,-1.7821381740624636,1.3852622075020191,-1.3987305158071957,-0.21964541666160506
2023-01-03T11:18:59.981000,2023-01-03T11:18:30.000000,1,3950.0,3955.0,3945.0,3949.0,3949.0,173,3948.0,380,3947.0,218,3946.0,177,3945.0,389,3950.0,115,3951.0,179,3952.0,136,3953.0,163,3954.0,143,m2305,2023-01-03T11:18:59.981000,2023-01-03,-1.0,10.0,-0.1,5.0,4.0,-2.0,0.5,0.4,-0.2,2073,0.08345393150024119,0.05547515677761698,0.18330921369995176,0.08634828750602991,0.10516160154365653,0.06560540279787747,0.085383502170767,0.07863000482392668,0.18765074770863482,0.06898215147129763,3949.6006944444443,3950.0393559928443,0.4386615483999776,4.0,4.0,0.000253196607165464,1337,736,0.28991799324650264,1403.141341051616,2545.542691751085,0.0,0.0,0.0,0.0,0.0000327185194083599,-8.671426574243245e-6,-1.8680936642614967,-1.868093664238609,0.0,0.0,-1.8139309720493209,-1.7371697302869085,1.6389680504136626,-1.650720394759514,-0.3099432289464517
2023-01-03T11:19:29.765000,2023-01-03T11:19:00.000000,1,3949.0,3957.0,3945.0,3952.0,3951.0,88,3950.0,401,3949.0,166,3948.0,346,3947.0,206,3952.0,97,3953.0,159,3954.0,143,3955.0,183,3956.0,142,m2305,2023-01-03T11:19:29.765000,2023-01-03,3.0,12.0,0.25,5.0,4.0,2.0,0.4166666666666667,0.3333333333333333,0.16666666666666666,1931,0.04557224236147074,0.050233039875712066,0.20766442257897463,0.08234075608493009,0.0859658208182289,0.07405489383738996,0.17918177110305541,0.09476954945624029,0.10668047643707923,0.0735370274469187,3951.4756756756756,3952.1482142857144,0.6725386100388278,4.0,4.0,0.00025306845501708213,1207,724,0.2501294665976178,1482.5530813050234,2468.286897980321,0.0005063291247413282,0.0005064573417954385,0.0005062009725908393,0.0005060728852947277,0.0004746141357444619,0.0005337403912977991,-0.9829543071780322,-0.982954307166134,0.0,0.0,-0.9962891372680858,-0.7939899969402141,1.3246857676189776,-1.32948727950767,-0.7260986044315284
2023-01-03T11:19:59.923000,2023-01-03T11:19:30.000000,1,3951.0,3956.0,3946.0,3951.0,3951.0,91,3950.0,399,3949.0,145,3948.0,353,3947.0,209,3952.0,107,3953.0,159,3954.0,144,3955.0,184,3956.0,146,m2305,2023-01-03T11:19:59.923000,2023-01-03,0.0,10.0,0.0,5.0,5.0,0.0,0.5,0.5,0.0,1937,0.04697986577181208,0.055240061951471346,0.20598864223025296,0.08208569953536396,0.0748580278781621,0.0743417656169334,0.18224057821373257,0.09499225606608157,0.10789881259679918,0.07537429013939081,3951.459595959596,3952.1451612903224,0.6855653307266039,4.0,4.0,0.00025306845501708213,1197,740,0.23593185338151781,1510.6159008776458,2440.2493546721735,0.0,0.0,0.0,0.0,-4.069302234399486e-6,-7.724904041421526e-7,-0.9703037429623085,-0.9703037429507019,0.0,0.0,-0.9887340125813329,-0.7880424569012139,1.1846188860275497,-1.1894621952661968,-0.6842955048706969
2023-01-03T11:20:29.983000,2023-01-03T11:20:00.000000,1,3951.0,3957.0,3944.0,3949.0,3948.0,306,3947.0,213,3946.0,183,3945.0,382,3944.0,164,3949.0,75,3950.0,144,3951.0,149,3952.0,108,3953.0,154,m2305,2023-01-03T11:20:29.983000,2023-01-03,-2.0,13.0,-0.15384615384615385,6.0,5.0,-3.0,0.46153846153846156,0.38461538461538464,-0.23076923076923078,1878,0.16293929712460065,0.039936102236421724,0.1134185303514377,0.07667731629392971,0.09744408945686901,0.07933972310969116,0.20340788072417465,0.05750798722044728,0.08732694355697551,0.08200212992545261,3948.803149606299,3948.7899159663866,0.013233639912414219,4.0,4.0,0.0002532607319235153,1248,630,0.329073482428115,1325.4802981895632,2622.323216187434,-0.0007595898580185669,-0.0007597822323204889,-0.0007593975811089613,-0.0007592054015179521,-0.0006724957229815291,-0.0008493287168726942,-2.1386854462972233,-2.1386854462737372,0.0,0.0,-2.01173692418007,-2.1547517914783674,1.7395302494100306,-1.7513233419662857,-0.8575760829952147
2023-01-03T11:20:59.941000,2023-01-03T11:20:30.000000,1,3948.0,3955.0,3944.0,3950.0,3950.0,85,3949.0,184,3948.0,301,3947.0,223,3946.0,173,3951.0,124,3952.0,142,3953.0,178,3954.0,141,3955.0,185,m2305,2023-01-03T11:20:59.941000,2023-01-03,2.0,11.0,0.18181818181818182,5.0,4.0,1.0,0.45454545454545453,0.36363636363636365,0.09090909090909091,1736,0.048963133640553,0.07142857142857142,0.10599078341013825,0.08179723502304148,0.17338709677419356,0.10253456221198157,0.1284562211981567,0.08122119815668202,0.09965437788018433,0.10656682027649769,3950.406698564593,3950.693251533742,0.2865529691489428,4.0,4.0,0.00025313251487153526,966,770,0.11290322580645161,1753.416474654378,2196.7471198156686,0.0005064573417954385,0.0005065856238024143,0.0005063291247413282,0.0005062009725908393,0.0004060023752104292,0.0004818886410235663,-1.2666435772699034,-1.2666435772563893,0.0,0.0,-1.305407046332352,-1.3001862902062475,0.31034835674824773,-0.32032612058394355,-1.3127323034616565
2023-01-03T11:21:29.388000,2023-01-03T11:21:00.000000,1,3950.0,3955.0,3945.0,3950.0,3949.0,124,3948.0,308,3947.0,222,3946.0,167,3945.0,381,3950.0,70,3951.0,138,3952.0,158,3953.0,153,3954.0,141,m2305,2023-01-03T11:21:29.388000,2023-01-03,0.0,10.0,0.0,5.0,5.0,0.0,0.5,0.5,0.0,1862,0.06659505907626208,0.03759398496240601,0.16541353383458646,0.07411385606874328,0.11922663802363051,0.08485499462943072,0.08968850698174007,0.08216970998925886,0.2046186895810956,0.0757250268528464,3949.639175257732,3950.0717488789237,0.43257362119175014,4.0,4.0,0.000253196607165464,1202,660,0.29108485499462944,1400.9006444683137,2547.7556390977443,-0.0002531966085181148,-0.0002532607332772212,-0.0002531325162231551,-0.00025306845636768253,-0.00019430857023742282,-0.00015732720972404813,-1.6061585774564067,-1.6061585774400526,0.0,0.0,-1.551736399795105,-1.5003166510288652,1.5079989313288982,-1.5166291636575624,-0.8754881651645784
2023-01-03T11:21:59.936000,2023-01-03T11:21:30.000000,1,3949.0,3955.0,3945.0,3950.0,3950.0,108,3949.0,168,3948.0,316,3947.0,225,3946.0,164,3951.0,139,3952.0,159,3953.0,151,3954.0,142,3955.0,204,m2305,2023-01-03T11:21:59.936000,2023-01-03,1.0,10.0,0.1,5.0,4.0,0.0,0.5,0.4,0.0,1776,0.060810810810810814,0.07826576576576577,0.0945945945945946,0.08952702702702703,0.17792792792792791,0.08502252252252253,0.1266891891891892,0.07995495495495496,0.09234234234234234,0.11486486486486487,3950.4372469635628,3950.5412844036696,0.10403744010682203,4.0,4.0,0.00025313251487153526,981,795,0.10472972972972973,1769.5653153153155,2180.641328828829,0.00025319660851803096,0.00025326073327714793,0.0002531325162232701,0.00025306845636778705,0.00020204151602917983,0.00011886052976408993,-1.1721607019638771,-1.17216070195225,0.0,0.0,-1.1984347182185646,-1.2699931049876318,0.2407065418055442,-0.25016173191104907,-1.1384718492903505
2023-01-03T11:22:29.978000,2023-01-03T11:22:00.000000,1,3950.0,3958.0,3946.0,3953.0,3953.0,61,3952.0,234,3951.0,507,3950.0,232,3949.0,173,3954.0,190,3955.0,232,3956.0,153,3957.0,139,3958.0,188,m2305,2023-01-03T11:22:29.978000,2023-01-03,3.0,12.0,0.25,5.0,4.0,2.0,0.4166666666666667,0.3333333333333333,0.16666666666666666,2109,0.028923660502607872,0.09009009009009009,0.11095305832147938,0.11000474158368895,0.24039829302987198,0.07254623044096728,0.11000474158368895,0.06590801327643434,0.0820293978188715,0.08914177335229967,3953.2430278884462,3953.50643776824,0.26340987979392594,4.0,4.0,0.0002529404325281396,1207,902,0.14461830251303937,1691.8990042674254,2261.0881934566146,0.0007592054015180059,0.0007593975811089245,0.0007590133191715234,0.0007588213339958703,0.0007099935587412973,0.0007502873484306851,0.006593464597035188,0.006593464596969569,0.0,0.0,-0.102188803905829,-0.07282798976032039,0.5108193022938925,-0.5094384265628957,-0.048309207371719766
2023-01-03T11:22:59.966000,2023-01-03T11:22:30.000000,1,3953.0,3959.0,3949.0,3955.0,3954.0,127,3953.0,202,3952.0,209,3951.0,537,3950.0,222,3955.0,45,3956.0,185,3957.0,141,3958.0,191,3959.0,333,m2305,2023-01-03T11:22:59.966000,2023-01-03,2.0,10.0,0.2,4.0,4.0,2.0,0.4,0.4,0.2,2192,0.05793795620437956,0.02052919708029197,0.09215328467153285,0.0843978102189781,0.09534671532846715,0.06432481751824817,0.24498175182481752,0.08713503649635036,0.10127737226277372,0.15191605839416059,3954.7383720930234,3954.5658914728683,0.17248062015505639,4.0,4.0,0.00025287646984448094,1297,895,0.18339416058394162,1615.9201642335765,2338.1473540145985,0.00025294043387678194,0.00025300442892716915,0.000252876471191991,0.00025281254084838376,0.0003781860747430209,0.0002679423421682808,0.3769367793532777,0.3769367793493517,0.0,0.0,0.4604259685235741,0.33272313242967005,0.8065775835107319,-0.7977052320274349,0.44789337486045133
2023-01-03T11:23:29.785000,2023-01-03T11:23:00.000000,1,3955.0,3959.0,3950.0,3955.0,3954.0,142,3953.0,188,3952.0,223,3951.0,542,3950.0,220,3955.0,100,3956.0,222,3957.0,141,3958.0,191,3959.0,333,m2305,2023-01-03T11:23:29.785000,2023-01-03,0.0,9.0,0.0,4.0,5.0,1.0,0.4444444444444444,0.5555555555555556,0.1111111111111111,2302,0.06168549087749783,0.043440486533449174,0.08166811468288444,0.09643788010425716,0.09687228496959166,0.061251086012163336,0.23544743701129453,0.08297132927888792,0.09556907037358818,0.14465682015638576,3954.586776859504,3954.3756097560977,0.21116710340629652,4.0,4.0,0.00025287646984448094,1315,987,0.1424847958297133,1696.7827975673329,2257.328410078193,0.0,0.0,0.0,0.0,-0.00003833329157237595,-0.00004811812472702976,0.35117747277412936,0.35117747277028416,0.0,0.0,0.37388887836297696,0.22709698689085334,0.49548212033577066,-0.4892885956461351,0.9381092568558728
2023-01-03T11:23:59.925000,2023-01-03T11:23:30.000000,1,3955.0,3959.0,3949.0,3953.0,3953.0,100,3952.0,234,3951.0,547,3950.0,223,3949.0,163,3954.0,164,3955.0,208,3956.0,154,3957.0,144,3958.0,191,m2305,2023-01-03T11:23:59.925000,2023-01-03,-2.0,10.0,-0.2,4.0,4.0,-2.0,0.4,0.4,-0.2,2128,0.046992481203007516,0.07706766917293233,0.1099624060150376,0.09774436090225563,0.25704887218045114,0.07236842105263158,0.10479323308270677,0.06766917293233082,0.07659774436090226,0.08975563909774437,3953.378787878788,3953.5882352941176,0.20944741532957778,4.0,4.0,0.0002529404325281396,1267,861,0.19078947368421054,1600.613721804511,2352.350563909775,-0.00025294043387667244,-0.00025300442892703775,-0.0002528764711920382,-0.00025281254084847564,-0.00030551195000094993,-0.00019913456358930756,-0.07626071324922702,-0.07626071324837885,0.0,0.0,-0.13809703755565675,-0.11357355205383583,0.9050249939663458,-0.9004218743033091,0.17106383985255616
2023-01-03T11:24:29.950000,2023-01-03T11:24:00.000000,1,3953.0,3958.0,3949.0,3954.0,3953.0,134,3952.0,251,3951.0,544,3950.0,262,3949.0,163,3954.0,145,3955.0,227,3956.0,142,3957.0,144,3958.0,204,m2305,2023-01-03T11:24:29.950000,2023-01-03,1.0,9.0,0.1111111111111111,4.0,4.0,1.0,0.4444444444444444,0.4444444444444444,0.1111111111111111,2216,0.06046931407942238,0.06543321299638989,0.11326714801444043,0.10243682310469314,0.24548736462093862,0.06407942238267147,0.11823104693140794,0.06498194945848375,0.07355595667870037,0.09205776173285199,3953.4802867383514,3953.5753138075315,0.09502706918010517,4.0,4.0,0.0002529404325281396,1354,862,0.22202166064981949,1538.8569494584838,2414.0726534296027,0.0,0.0,0.0,0.0,0.00002567362301806552,-3.268298804192642e-6,-0.09076742529278227,-0.09076742529175641,0.0,0.0,-0.1125084664829608,-0.12656971597397174,1.1594881097569507,-1.1533747515035768,0.7102554710618648
2023-01-03T11:24:59.989000,2023-01-03T11:24:30.000000,1,3954.0,3959.0,3949.0,3954.0,3953.0,213,3952.0,243,3951.0,206,3950.0,263,3949.0,152,3954.0,106,3955.0,314,3956.0,189,3957.0,137,3958.0,208,m2305,2023-01-03T11:24:59.989000,2023-01-03,0.0,10.0,0.0,5.0,5.0,0.0,0.5,0.5,0.0,2031,0.10487444608567208,0.052191038897095025,0.11964549483013294,0.15460364352535697,0.10142786804529788,0.0930576070901034,0.1294928606597735,0.06745445593303791,0.07483998030526834,0.10241260462826195,3953.667711598746,3953.3087971274686,0.35891447127733045,4.0,4.0,0.0002529404325281396,1077,954,0.060561299852289516,1858.2230428360413,2095.189069423929,0.0,0.0,0.0,0.0,0.00004740643793918512,-0.00006741383240845168,-0.11349157798042443,-0.11349157797909683,0.0,0.0,-0.05796730697603194,-0.27068638564630065,-0.16367313795664792,0.16158044365779123,-0.29277386379099857
2023-01-03T11:25:29.995000,2023-01-03T11:25:00.000000,1,3954.0,3961.0,3949.0,3957.0,3956.0,131,3955.0,195,3954.0,338,3953.0,209,3952.0,221,3957.0,116,3958.0,237,3959.0,342,3960.0,205,3961.0,292,m2305,2023-01-03T11:25:29.995000,2023-01-03,3.0,12.0,0.25,4.0,5.0,4.0,0.3333333333333333,0.4166666666666667,0.3333333333333333,2286,0.05730533683289589,0.05074365704286964,0.08530183727034121,0.1036745406824147,0.14785651793525809,0.14960629921259844,0.09142607174103237,0.08967629046369203,0.09667541557305337,0.12773403324584426,3956.5303643724696,3956.3541666666665,0.17619770580313343,4.0,4.0,0.0002527486414760521,1094,1192,-0.04286964129483815,2064.500437445319,1892.1618547681542,0.0007586294459172175,0.0007588213339958703,0.00075843765486218,0.0007582459607567071,0.0007237879181284451,0.000770037788871522,1.127324296999005,1.1273242969855863,0.0,0.0,1.1261049812738488,1.0287037684910958,-1.0026322841499353,1.0063688443400356,1.0935243323516697
2023-01-03T11:25:59.988000,2023-01-03T11:25:30.000000,1,3957.0,3961.0,3949.0,3953.0,3953.0,94,3952.0,263,3951.0,218,3950.0,262,3949.0,157,3954.0,155,3955.0,187,3956.0,180,3957.0,144,3958.0,232,m2305,2023-01-03T11:25:59.988000,2023-01-03,-4.0,12.0,-0.3333333333333333,4.0,4.0,-4.0,0.3333333333333333,0.3333333333333333,-0.3333333333333333,1892,0.049682875264270614,0.08192389006342495,0.13900634249471458,0.09883720930232558,0.11522198731501057,0.09513742071881606,0.13847780126849896,0.07610993657505286,0.08298097251585623,0.1226215644820296,3953.377510040161,3953.7533333333336,0.37582329317274343,4.0,4.0,0.0002529404325281396,994,898,0.0507399577167019,1877.6950317124736,2075.6707188160676,-0.0007586294459171952,-0.0007588213339958443,-0.0007584376548620417,-0.0007582459607567756,-0.0007971912061027156,-0.0006575974920839769,-0.16455202410409653,-0.16455202410212524,0.0,0.0,-0.2296108361862954,-0.13446051677433435,-0.2383895795746466,0.23493313816310243,-1.056068060364186
2023-01-03T11:26:29.991000,2023-01-03T11:26:00.000000,1,3954.0,3958.0,3948.0,3953.0,3952.0,110,3951.0,226,3950.0,274,3949.0,155,3948.0,254,3953.0,110,3954.0,167,3955.0,166,3956.0,191,3957.0,138,m2305,2023-01-03T11:26:29.991000,2023-01-03,-1.0,10.0,-0.1,4.0,5.0,0.0,0.4,0.5,0.0,1791,0.06141820212171971,0.06141820212171971,0.12618648799553323,0.09324399776661083,0.15298715801228363,0.0926856504745952,0.08654383026242322,0.10664433277498604,0.14182021217197097,0.07705192629815745,3952.5,3952.7251908396947,0.22519083969473286,4.0,4.0,0.0002530044275774826,1019,772,0.13791178112786154,1704.824120603015,2247.254606365159,-0.00025300442892703775,-0.00025306845636768253,-0.00025294043387667244,-0.0002528764711920382,-0.00022198928395992994,-0.000260075960818872,-0.6174539964263694,-0.6174539964187276,0.0,0.0,-0.6285852184553702,-0.6206533514104895,0.45843785661217545,-0.46139342269805766,-1.5505105876135303
2023-01-03T11:26:59.867000,2023-01-03T11:26:30.000000,1,3953.0,3958.0,3947.0,3953.0,3953.0,99,3952.0,185,3951.0,201,3950.0,310,3949.0,155,3954.0,40,3955.0,230,3956.0,192,3957.0,130,3958.0,222,m2305,2023-01-03T11:26:59.867000,2023-01-03,0.0,11.0,0.0,5.0,6.0,1.0,0.45454545454545453,0.5454545454545454,0.09090909090909091,1764,0.05612244897959184,0.022675736961451247,0.10487528344671201,0.13038548752834467,0.11394557823129252,0.10884353741496598,0.17573696145124718,0.07369614512471655,0.08786848072562359,0.12585034013605442,3953.7122302158273,3953.3373493975905,0.3748808182367611,4.0,4.0,0.0002529404325281396,950,814,0.07709750566893424,1825.6507936507935,2127.6717687074834,0.00025300442892716915,0.00025306845636778705,0.00025294043387678194,0.000252876471191991,0.0003066525891358485,0.00015485801079955077,-0.20732210629756231,-0.207322106294888,0.0,0.0,-0.12762648158644957,-0.36820659546707635,-0.038276238927684746,0.036012152441631765,-1.6840832821729956
2023-01-03T11:27:29.845000,2023-01-03T11:27:00.000000,1,3953.0,3960.0,3948.0,3955.0,3955.0,97,3954.0,162,3953.0,158,3952.0,184,3951.0,194,3956.0,229,3957.0,160,3958.0,224,3959.0,236,3960.0,201,m2305,2023-01-03T11:27:29.845000,2023-01-03,2.0,12.0,0.16666666666666666,5.0,5.0,2.0,0.4166666666666667,0.4166666666666667,0.16666666666666666,1845,0.05257452574525745,0.12411924119241192,0.08780487804878048,0.08672086720867209,0.08563685636856369,0.12140921409214092,0.0997289972899729,0.12791327913279132,0.1051490514905149,0.10894308943089431,3955.29754601227,3955.509316770186,0.21177075791638345,4.0,4.0,0.0002528125395019593,795,1050,-0.13821138211382114,2252.5311653116532,1703.2081300813009,0.0005058169050686605,0.0005059448628037495,0.0005056890120404386,0.0005055611836700614,0.0004008885720280731,0.0005492501040611783,0.6589330188719479,0.6589330188634226,0.0,0.0,0.5573017463711325,0.6129908658416929,-1.7203338050306052,1.7135505550926857,-1.2216892175132092
2023-01-03T11:27:59.755000,2023-01-03T11:27:30.000000,1,3955.0,3960.0,3950.0,3955.0,3954.0,177,3953.0,149,3952.0,184,3951.0,193,3950.0,300,3955.0,96,3956.0,231,3957.0,147,3958.0,224,3959.0,238,m2305,2023-01-03T11:27:59.755000,2023-01-03,0.0,10.0,0.0,5.0,5.0,0.0,0.5,0.5,0.0,1939,0.09128416709644147,0.04951005673027334,0.07684373388344508,0.11913357400722022,0.09489427539969056,0.07581227436823104,0.09953584321815369,0.11552346570397112,0.15471892728210418,0.12274368231046931,3954.6483516483518,3954.176315789474,0.4720358588779163,4.0,4.0,0.00025287646984448094,1003,936,0.03455389375966993,1910.27797833935,2044.128932439402,-0.0002528764711920382,-0.00025294043387667244,-0.00025281254084847564,-0.00025274864282154747,-0.0001641463478449028,-0.0003370553661058518,0.20732210629756886,0.2073221062948833,0.0,0.0,0.25902267668808165,-0.012470440773720457,-0.37690270176880647,0.37582575625732656,-0.7402843124151818
2023-01-03T11:28:29.977000,2023-01-03T11:28:00.000000,1,3955.0,3959.0,3950.0,3955.0,3954.0,119,3953.0,134,3952.0,187,3951.0,191,3950.0,322,3955.0,226,3956.0,224,3957.0,141,3958.0,222,3959.0,236,m2305,2023-01-03T11:28:29.977000,2023-01-03,0.0,9.0,0.0,4.0,5.0,1.0,0.4444444444444444,0.5555555555555556,0.1111111111111111,2002,0.05944055944055944,0.11288711288711288,0.06693306693306693,0.11188811188811189,0.09340659340659341,0.07042957042957043,0.09540459540459541,0.1108891108891109,0.16083916083916083,0.11788211788211789,3954.344927536232,3954.122905027933,0.22202250829877812,4.0,4.0,0.00025287646984448094,953,1049,-0.04795204795204795,2073.382117882118,1881.0154845154843,0.0,0.0,0.0,0.0,-0.00007672888357802905,-0.000013507521668088097,0.22436866197839503,0.22436866197543598,0.0,0.0,0.14496806896687614,-0.01691355117913293,-1.0326079043663627,1.026104215641951,-0.43389791208597756
2023-01-03T11:28:59.831000,2023-01-03T11:28:30.000000,1,3955.0,3959.0,3948.0,3953.0,3952.0,85,3951.0,116,3950.0,234,3949.0,91,3948.0,182,3953.0,105,3954.0,147,3955.0,174,3956.0,178,3957.0,118,m2305,2023-01-03T11:28:59.831000,2023-01-03,-2.0,11.0,-0.18181818181818182,4.0,5.0,-1.0,0.36363636363636365,0.45454545454545453,-0.09090909090909091,1430,0.05944055944055944,0.07342657342657342,0.08111888111888112,0.1027972027972028,0.16363636363636364,0.12167832167832168,0.06363636363636363,0.12447552447552447,0.12727272727272726,0.08251748251748252,3952.4473684210525,3952.3231939163497,0.12417450470275071,4.0,4.0,0.0002530044275774826,708,722,-0.009790209790209791,1996.8999999999999,1955.5461538461539,-0.0005059448628038228,-0.000506072885294811,-0.0005058169050687579,-0.0005056890120404947,-0.000479982040904281,-0.0004552516061310306,-0.6479250074455232,-0.6479250074368911,0.0,0.0,-0.6851893950974507,-0.833597002572824,-0.7300798524822316,0.718687306246074,-3.147316179774117
2023-01-03T11:29:29.974000,2023-01-03T11:29:00.000000,1,3953.0,3958.0,3947.0,3953.0,3953.0,88,3952.0,137,3951.0,103,3950.0,233,3949.0,84,3954.0,76,3955.0,119,3956.0,119,3957.0,102,3958.0,105,m2305,2023-01-03T11:29:29.974000,2023-01-03,0.0,11.0,0.0,5.0,6.0,1.0,0.45454545454545453,0.5454545454545454,0.09090909090909091,1166,0.07547169811320754,0.06518010291595197,0.11749571183533447,0.10205831903945112,0.08833619210977701,0.10205831903945112,0.1998284734133791,0.08747855917667238,0.07204116638078903,0.09005145797598628,3953.5365853658536,3953.60546875,0.06888338414637474,4.0,4.0,0.0002529404325281396,645,521,0.10634648370497427,1767.6818181818182,2185.5120068610636,0.00025300442892716915,0.00025306845636778705,0.00025294043387678194,0.000252876471191991,0.0002755424139636811,0.0003243831052889557,-0.17528183446269371,-0.1752818344603127,0.0,0.0,-0.17231910261793748,-0.20300548621914752,0.1948908578807598,-0.19532452501379888,-3.7893125926824887
2023-01-03T11:29:59.950000,2023-01-03T11:29:30.000000,1,3953.0,3960.0,3949.0,3955.0,3954.0,69,3953.0,104,3952.0,32,3951.0,38,3950.0,165,3955.0,20,3956.0,33,3957.0,63,3958.0,81,3959.0,161,m2305,2023-01-03T11:29:59.950000,2023-01-03,2.0,11.0,0.18181818181818182,5.0,4.0,1.0,0.45454545454545453,0.36363636363636365,0.09090909090909091,766,0.09007832898172324,0.02610966057441253,0.13577023498694518,0.04308093994778068,0.04177545691906005,0.08224543080939947,0.04960835509138381,0.10574412532637076,0.2154046997389034,0.21018276762402088,3954.775280898876,3955.2773722627735,0.502091363897307,4.0,4.0,0.00025287646984448094,408,358,0.06527415143603134,1849.78590078329,2104.817232375979,0.00025294043387678194,0.00025300442892716915,0.000252876471191991,0.00025281254084838376,0.00031326421216051003,0.00042279132749530583,0.29075757782104095,0.29075757781706424,0.0,0.0,0.4028463101008827,0.6087202827688918,-0.14643247293547293,0.14903835253590306,-4.406645593113659
2023-01-03T11:30:00.004000,2023-01-03T11:30:00.000000,1,3955.0,3959.0,3950.0,3955.0,3954.0,68,3953.0,103,3952.0,23,3951.0,38,3950.0,165,3955.0,20,3956.0,29,3957.0,62,3958.0,81,3959.0,161,m2305,2023-01-03T11:30:00.004000,2023-01-03,0.0,9.0,0.0,4.0,5.0,1.0,0.4444444444444444,0.5555555555555556,0.1111111111111111,750,0.09066666666666667,0.02666666666666667,0.13733333333333334,0.03866666666666667,0.030666666666666665,0.08266666666666667,0.050666666666666665,0.108,0.22,0.21466666666666667,3954.7727272727275,3955.340909090909,0.5681818181815288,4.0,4.0,0.00025287646984448094,397,353,0.058666666666666666,1862.8733333333334,2091.753333333333,0.0,0.0,0.0,0.0,-6.457072252131335e-7,0.0000160636819719861,0.3097336895803606,0.30973368957603226,0.0,0.0,0.41774907398075345,0.6632766494544826,-0.22272052623120883,0.22502313571931035,-3.8011692078013204
2023-01-03T13:30:29.990000,2023-01-03T13:30:00.000000,0,3955.0,3965.0,3951.0,3957.0,3957.0,149,3956.0,113,3955.0,102,3954.0,80,3953.0,252,3958.0,15,3959.0,158,3960.0,154,3961.0,301,3962.0,136,m2305,2023-01-03T13:30:29.990000,2023-01-03,2.0,14.0,0.14285714285714285,8.0,4.0,-2.0,0.5714285714285714,0.2857142857142857,-0.14285714285714285,1460,0.10205479452054794,0.010273972602739725,0.0773972602739726,0.10821917808219178,0.06986301369863014,0.10547945205479452,0.0547945205479452,0.20616438356164385,0.1726027397260274,0.09315068493150686,3957.9085365853657,3957.250922509225,0.6576140761408169,4.0,4.0,0.00025268477574226153,696,764,-0.04657534246575343,2072.482876712329,1885.2787671232877,0.00075843765486218,0.0007586294459172175,0.0007582459607567071,0.000758054363527857,0.0007926035113094133,0.0004827782087244807,1.656239189382209,1.6562391893598754,0.0,0.0,1.8133742227661709,1.5600802775156033,-1.0855855626403852,1.0935806348780641,-1.5948602313848304
2023-01-03T13:30:59.969000,2023-01-03T13:30:30.000000,1,3957.0,3964.0,3951.0,3956.0,3956.0,2,3955.0,230,3954.0,59,3953.0,106,3952.0,110,3957.0,149,3958.0,120,3959.0,192,3960.0,222,3961.0,282,m2305,2023-01-03T13:30:59.969000,2023-01-03,-1.0,13.0,-0.07692307692307693,7.0,5.0,-3.0,0.5384615384615384,0.38461538461538464,-0.23076923076923078,1472,0.001358695652173913,0.10122282608695653,0.15625,0.08152173913043478,0.04008152173913043,0.13043478260869565,0.07201086956521739,0.15081521739130435,0.07472826086956522,0.19157608695652173,3956.0132450331125,3956.9714285714285,0.9581835383160069,4.0,4.0,0.0002527486414760521,507,965,-0.3111413043478261,2595.654211956522,1361.8111413043478,-0.00025274864282154747,-0.00025281254084847564,-0.00025268477708670535,-0.00025262094361962314,-0.0004789765784367818,-0.0000706308025006628,1.1605345449915732,1.160534544975885,0.0,0.0,0.9226038076260716,1.3751563390770594,-2.972888297771185,2.963828694135174,-1.510518423171508
2023-01-03T13:31:29.964000,2023-01-03T13:31:00.000000,1,3956.0,3961.0,3950.0,3956.0,3955.0,130,3954.0,190,3953.0,128,3952.0,100,3951.0,115,3956.0,76,3957.0,147,3958.0,127,3959.0,200,3960.0,214,m2305,2023-01-03T13:31:29.964000,2023-01-03,0.0,11.0,0.0,5.0,6.0,1.0,0.45454545454545453,0.5454545454545454,0.09090909090909091,1427,0.09110021023125438,0.053258584442887176,0.13314646110721795,0.10301331464611072,0.08969866853538892,0.0889978976874562,0.0700770847932726,0.1401541695865452,0.0805886475122635,0.14996496145760335,3955.631067961165,3955.691394658754,0.0603266975886072,4.0,4.0,0.0002528125395019593,663,764,-0.07077785564120533,2119.299929922915,1836.6916608269096,-0.00025281254084847564,-0.0002528764711920382,-0.00025274864282154747,-0.00025268477708670535,-0.00009661128764774953,-0.00032354062151690737,0.695299759264478,0.6952997592551373,0.0,0.0,0.7392469426624856,0.750183287472232,-1.102539721448644,1.1021901046720919,-1.5737586394242276
2023-01-03T13:31:59.988000,2023-01-03T13:31:30.000000,1,3956.0,3960.0,3948.0,3954.0,3954.0,1,3953.0,146,3952.0,156,3951.0,111,3950.0,201,3955.0,181,3956.0,232,3957.0,156,3958.0,128,3959.0,200,m2305,2023-01-03T13:31:59.988000,2023-01-03,-2.0,12.0,-0.16666666666666666,4.0,6.0,0.0,0.3333333333333333,0.5,0.0,1512,0.0006613756613756613,0.11970899470899471,0.09656084656084656,0.15343915343915343,0.10317460317460317,0.10317460317460317,0.07341269841269842,0.08465608465608465,0.13293650793650794,0.13227513227513227,3954.0054945054944,3954.15873015873,0.1532356532356971,4.0,4.0,0.00025287646984448094,615,897,-0.1865079365079365,2347.462301587301,1607.2189153439153,-0.0002528764711920382,-0.00025294043387667244,-0.00025281254084847564,-0.00025274864282154747,-0.0004110362001388316,-0.00038753313780159204,0.24184339452676595,0.24184339452351705,0.0,0.0,0.005987484739555166,0.023367515897650907,-1.8884711704166033,1.87752291715921,-1.2855872771177592
2023-01-03T13:32:29.757000,2023-01-03T13:32:00.000000,1,3954.0,3958.0,3946.0,3951.0,3951.0,23,3950.0,311,3949.0,143,3948.0,168,3947.0,166,3952.0,146,3953.0,188,3954.0,131,3955.0,161,3956.0,200,m2305,2023-01-03T13:32:29.757000,2023-01-03,-3.0,12.0,-0.25,4.0,5.0,-2.0,0.3333333333333333,0.4166666666666667,-0.16666666666666666,1637,0.014050091631032376,0.08918753817959682,0.18998167379352474,0.1148442272449603,0.08735491753207086,0.08002443494196701,0.10262675626145389,0.09835064141722663,0.10140500916310324,0.12217470983506414,3951.1360946745563,3951.869739478958,0.7336448044015924,4.0,4.0,0.00025306845501708213,811,826,-0.00916310323762981,1995.1649358582772,1956.320097739768,-0.0007590133191714863,-0.0007592054015179521,-0.0007588213339958443,-0.0007586294459171952,-0.0007259578907185331,-0.0005790494563789706,-1.0924247230580644,-1.0924247230437096,0.0,0.0,-1.2557252260630083,-1.0475087863738402,-0.5698714340611187,0.5571382780600146,-0.910772661872309
2023-01-03T13:32:59.633000,2023-01-03T13:32:30.000000,1,3951.0,3956.0,3946.0,3952.0,3951.0,82,3950.0,292,3949.0,124,3948.0,189,3947.0,221,3952.0,186,3953.0,200,3954.0,129,3955.0,178,3956.0,207,m2305,2023-01-03T13:32:59.633000,2023-01-03,1.0,10.0,0.1,4.0,5.0,2.0,0.4,0.5,0.2,1808,0.04535398230088496,0.10287610619469026,0.16150442477876106,0.11061946902654868,0.06858407079646017,0.0713495575221239,0.10453539823008849,0.09845132743362832,0.12223451327433628,0.11449115044247787,3951.305970149254,3951.7804878048782,0.47451765562436776,4.0,4.0,0.00025306845501708213,908,900,0.004424778761061947,1968.2632743362833,1983.1399336283184,0.0,0.0,0.0,0.0,0.000042993159160154084,-0.000022584925070521442,-1.0671803898788712,-1.0671803898651437,0.0,0.0,-1.150266665589143,-1.0632641325503889,-0.4533988006724613,0.4413657591311806,-0.42297734462375497
2023-01-03T13:33:29.970000,2023-01-03T13:33:00.000000,1,3952.0,3956.0,3946.0,3951.0,3950.0,298,3949.0,130,3948.0,250,3947.0,221,3946.0,135,3951.0,231,3952.0,281,3953.0,127,3954.0,130,3955.0,183,m2305,2023-01-03T13:33:29.970000,2023-01-03,-1.0,10.0,-0.1,4.0,5.0,0.0,0.4,0.5,0.0,1986,0.1500503524672709,0.1163141993957704,0.06545820745216516,0.14149043303121853,0.12588116817724068,0.06394763343403827,0.11127895266868076,0.06545820745216516,0.06797583081570997,0.09214501510574018,3950.563327032136,3949.9489051094893,0.6144219226466703,4.0,4.0,0.00025313251487153526,1034,952,0.041289023162134945,1894.7678751258811,2055.622860020141,-0.0002531325162231551,-0.0002531966085181148,-0.00025306845636768253,-0.00025300442892703775,-0.00018796643968018136,-0.00046359034512991515,-1.4622959218126554,-1.4622959217945861,0.0,0.0,-1.4293917635625755,-1.840049998189445,-0.17073582143373633,0.15717905003246738,0.07111380150995499
2023-01-03T13:33:59.723000,2023-01-03T13:33:30.000000,1,3950.0,3957.0,3946.0,3952.0,3952.0,1,3951.0,336,3950.0,368,3949.0,125,3948.0,299,3953.0,157,3954.0,159,3955.0,187,3956.0,217,3957.0,148,m2305,2023-01-03T13:33:59.723000,2023-01-03,2.0,11.0,0.18181818181818182,5.0,4.0,1.0,0.45454545454545453,0.36363636363636365,0.09090909090909091,1997,0.000500751126690035,0.0786179268903355,0.16825237856785177,0.07961942914371557,0.1842764146219329,0.09364046069103656,0.06259389083625438,0.10866299449173761,0.14972458688032048,0.07411116675012519,3952.006329113924,3953.0363636363636,1.0300345224395642,4.0,4.0,0.0002530044275774826,1129,868,0.13069604406609914,1719.0686029043563,2232.9318978467704,0.0005062009725908393,0.0005063291247413282,0.0005060728852947277,0.0005059448628037495,0.0003651981977035062,0.0007813398554991673,-0.5804327780037263,-0.5804327779965998,0.0,0.0,-0.789079259672114,-0.42869029671635045,0.48586504106377604,-0.4885249001312785,0.09833411567113066
2023-01-03T13:34:29.838000,2023-01-03T13:34:00.000000,1,3952.0,3957.0,3946.0,3952.0,3952.0,140,3951.0,200,3950.0,304,3949.0,129,3948.0,270,3953.0,206,3954.0,152,3955.0,185,3956.0,223,3957.0,147,m2305,2023-01-03T13:34:29.838000,2023-01-03,0.0,11.0,0.0,5.0,6.0,1.0,0.45454545454545453,0.5454545454545454,0.09090909090909091,1956,0.07157464212678936,0.10531697341513292,0.10224948875255624,0.07770961145194274,0.1554192229038855,0.09458077709611452,0.06595092024539877,0.1140081799591002,0.13803680981595093,0.07515337423312883,3952.4046242774566,3952.7045454545455,0.29992117708889054,4.0,4.0,0.0002530044275774826,1043,913,0.06646216768916155,1846.047034764826,2106.166155419223,0.0,0.0,0.0,0.0,0.00010077794948115417,-0.00008394360144824717,-0.5647742264477725,-0.5647742264408795,0.0,0.0,-0.6000131968236342,-0.563125841615604,0.01862262423708283,-0.023820119630102443,-0.006937492244090559
2023-01-03T13:34:59.878000,2023-01-03T13:34:30.000000,1,3952.0,3957.0,3947.0,3952.0,3951.0,317,3950.0,211,3949.0,130,3948.0,270,3947.0,185,3952.0,118,3953.0,248,3954.0,182,3955.0,182,3956.0,216,m2305,2023-01-03T13:34:59.878000,2023-01-03,0.0,10.0,0.0,5.0,5.0,0.0,0.5,0.5,0.0,2059,0.15395823215152987,0.05730937348227295,0.1024769305488101,0.12044681884409908,0.06313744536182612,0.08839242350655659,0.13113161728994657,0.08839242350655659,0.08984944147644487,0.10490529383195726,3951.728735632184,3951.37908496732,0.3496506648639297,4.0,4.0,0.00025306845501708213,1113,946,0.0811073336571151,1816.7139388052453,2134.745993200583,-0.00025306845636768253,-0.0002531325162231551,-0.00025300442892703775,-0.00025294043387667244,-0.00017102156963801795,-0.0003353862538975365,-0.966756643372684,-0.9667566433608491,0.0,0.0,-0.8614784766573439,-1.1265163332879862,0.09261221756782238,-0.09999202199050422,0.27795353903670644
2023-01-03T13:35:29.957000,2023-01-03T13:35:00.000000,1,3952.0,3956.0,3946.0,3950.0,3950.0,183,3949.0,159,3948.0,270,3947.0,186,3946.0,143,3951.0,162,3952.0,170,3953.0,236,3954.0,145,3955.0,185,m2305,2023-01-03T13:35:29.957000,2023-01-03,-2.0,10.0,-0.2,4.0,4.0,-2.0,0.4,0.4,-0.2,1839,0.09951060358890701,0.08809135399673736,0.0864600326264274,0.09244154431756389,0.1468189233278956,0.12833061446438282,0.10114192495921696,0.07884719956498097,0.07775965198477433,0.10059815116911365,3950.5304347826086,3950.449848024316,0.0805867582926112,4.0,4.0,0.00025313251487153526,941,898,0.023382272974442633,1930.2963567156064,2020.1854268624252,-0.0002531325162231551,-0.0002531966085181148,-0.00025306845636768253,-0.00025300442892703775,-0.0003032805765840866,-0.00023519540986460555,-1.3625523007225762,-1.3625523007057474,0.0,0.0,-1.3417774019178277,-1.4942618778464747,-0.3786318642255932,0.36429217843031714,-0.32701131873516776
2023-01-03T13:35:59.917000,2023-01-03T13:35:30.000000,1,3950.0,3955.0,3944.0,3950.0,3949.0,118,3948.0,234,3947.0,206,3946.0,166,3945.0,223,3950.0,129,3951.0,146,3952.0,172,3953.0,177,3954.0,148,m2305,2023-01-03T13:35:59.917000,2023-01-03,0.0,11.0,0.0,5.0,6.0,1.0,0.45454545454545453,0.5454545454545454,0.09090909090909091,1719,0.06864456079115765,0.07504363001745201,0.13612565445026178,0.08493310063990692,0.1198371146015125,0.10005817335660268,0.09656777196044211,0.10296684118673648,0.12972658522396743,0.08609656777196044,3949.477732793522,3949.8473684210526,0.36963562753044243,4.0,4.0,0.000253196607165464,947,772,0.10180337405468295,1774.8766724840025,2174.326352530541,-0.0002531966085181148,-0.0002532607332772212,-0.0002531325162231551,-0.00025306845636768253,-0.000266506558724228,-0.00015252074394806167,-1.741960533603959,-1.741960533582646,0.0,0.0,-1.7423298275437902,-1.6995384684100805,0.20253305306072394,-0.21760458855894774,-0.6461370341064082
2023-01-03T13:36:29.980000,2023-01-03T13:36:00.000000,1,3950.0,3954.0,3944.0,3949.0,3948.0,174,3947.0,214,3946.0,171,3945.0,241,3944.0,146,3949.0,151,3950.0,222,3951.0,154,3952.0,156,3953.0,181,m2305,2023-01-03T13:36:29.980000,2023-01-03,-1.0,10.0,-0.1,4.0,5.0,0.0,0.4,0.5,0.0,1810,0.09613259668508287,0.08342541436464089,0.11823204419889503,0.12265193370165746,0.09447513812154697,0.08508287292817679,0.13314917127071824,0.0861878453038674,0.08066298342541436,0.1,3948.535384615385,3948.47247706422,0.06290755116469882,4.0,4.0,0.0002532607319235153,946,864,0.045303867403314914,1885.9988950276245,2062.4005524861877,-0.0002532607332772212,-0.0002533248905251337,-0.0002531966085181148,-0.0002531325162231551,-0.00023862917637653121,-0.00034814780804434973,-2.091279067955249,-2.091279067930455,0.0,0.0,-2.068452477908994,-2.203770039375575,-0.26008526567060913,0.2390650930630201,-0.3734070124777879
2023-01-03T13:36:59.915000,2023-01-03T13:36:30.000000,1,3949.0,3953.0,3943.0,3948.0,3948.0,90,3947.0,333,3946.0,173,3945.0,249,3944.0,167,3949.0,200,3950.0,225,3951.0,150,3952.0,153,3953.0,182,m2305,2023-01-03T13:36:59.915000,2023-01-03,-1.0,10.0,-0.1,4.0,5.0,0.0,0.4,0.5,0.0,1922,0.046826222684703434,0.1040582726326743,0.1732570239334027,0.11706555671175858,0.09001040582726327,0.07804370447450572,0.1295525494276795,0.07960457856399583,0.08688865764828303,0.09469302809573361,3948.310344827586,3948.7903225806454,0.4799777530593019,4.0,4.0,0.0002532607319235153,1012,910,0.053069719042663895,1870.6045785639958,2077.6701352757545,0.0,0.0,0.0,0.0,-0.00005699485479890593,0.00008049510942214908,-1.9954944721293204,-1.9954944721067136,0.0,0.0,-2.0591317958365054,-1.977295079266409,-0.21883915072083762,0.19795059376336926,-0.04537291693327692
2023-01-03T13:37:29.971000,2023-01-03T13:37:00.000000,1,3948.0,3954.0,3944.0,3949.0,3948.0,182,3947.0,346,3946.0,221,3945.0,261,3944.0,167,3949.0,6,3950.0,281,3951.0,244,3952.0,153,3953.0,243,m2305,2023-01-03T13:37:29.971000,2023-01-03,1.0,10.0,0.1,5.0,4.0,0.0,0.5,0.4,0.0,2104,0.08650190114068441,0.0028517110266159697,0.1644486692015209,0.1335551330798479,0.10503802281368821,0.11596958174904944,0.12404942965779468,0.07271863117870722,0.07937262357414449,0.11549429657794677,3948.968085106383,3948.6555023923447,0.312582714038399,4.0,4.0,0.0002532607319235153,1177,927,0.1188212927756654,1740.9329847908743,2207.4890684410643,0.0,0.0,0.0,0.0,0.00016657391179847434,-0.000034142732043175534,-1.900281785125436,-1.9002817851050438,0.0,0.0,-1.7064386875300908,-1.9357407598599878,0.3047932153589101,-0.32107173093956476,0.4609476350788345
2023-01-03T13:37:59.992000,2023-01-03T13:37:30.000000,1,3949.0,3954.0,3944.0,3949.0,3949.0,43,3948.0,282,3947.0,342,3946.0,218,3945.0,260,3950.0,146,3951.0,176,3952.0,160,3953.0,243,3954.0,152,m2305,2023-01-03T13:37:59.992000,2023-01-03,0.0,10.0,0.0,5.0,5.0,0.0,0.5,0.5,0.0,2022,0.02126607319485658,0.0722057368941642,0.1394658753709199,0.08704253214638971,0.16913946587537093,0.0791295746785361,0.10781404549950543,0.1201780415430267,0.12858555885262116,0.0751730959446093,3949.227513227513,3949.8471615720523,0.6196483445392005,4.0,4.0,0.000253196607165464,1145,877,0.13254203758654798,1714.1360039564786,2234.8887240356084,0.00025326073327714793,0.0002533248905250335,0.00025319660851803096,0.0002531325162232701,0.00006569301000291122,0.0003017430618049474,-1.4353686281390077,-1.4353686281237157,0.0,0.0,-1.5420025161062514,-1.3899302563839846,0.39468489426810277,-0.4075989083004724,0.23760726526165427
2023-01-03T13:38:29.971000,2023-01-03T13:38:00.000000,1,3949.0,3954.0,3941.0,3946.0,3946.0,93,3945.0,294,3944.0,194,3943.0,169,3942.0,221,3947.0,191,3948.0,146,3949.0,175,3950.0,166,3951.0,205,m2305,2023-01-03T13:38:29.971000,2023-01-03,-3.0,13.0,-0.23076923076923078,5.0,5.0,-3.0,0.38461538461538464,0.38461538461538464,-0.23076923076923078,1854,0.05016181229773463,0.10302049622437973,0.15857605177993528,0.07874865156418555,0.104638619201726,0.09439050701186623,0.09115426105717368,0.0895361380798274,0.1192017259978425,0.11057173678532901,3946.3274647887324,3947.0045454545457,0.6770806658132642,4.0,4.0,0.0002533890789306981,971,883,0.04746494066882417,1880.8063646170444,2065.5302049622437,-0.0007599747040887804,-0.0007601672733976061,-0.0007597822323204889,-0.0007595898580185669,-0.0007346028435672173,-0.000719936588845055,-2.5002455733440416,-2.500245573320045,0.0,0.0,-2.553645507498737,-2.4238169882246474,-0.32191424286296927,0.29367766777175436,-0.22641413297860086
2023-01-03T13:38:59.883000,2023-01-03T13:38:30.000000,1,3947.0,3954.0,3942.0,3949.0,3948.0,109,3947.0,367,3946.0,179,3945.0,303,3944.0,176,3949.0,88,3950.0,209,3951.0,230,3952.0,158,3953.0,252,m2305,2023-01-03T13:38:59.883000,2023-01-03,2.0,12.0,0.16666666666666666,5.0,5.0,2.0,0.4166666666666667,0.4166666666666667,0.16666666666666666,2071,0.05263157894736842,0.04249154997585707,0.17720907774022213,0.10091743119266056,0.08643167551907291,0.1110574601641719,0.14630613230323516,0.07629164654756157,0.08498309995171414,0.12168034765813616,3948.5532994923856,3948.9114583333335,0.3581588409479082,4.0,4.0,0.0002532607319235153,1134,937,0.0951231289232255,1787.7180106228875,2160.644133268952,0.0005067139708114992,0.0005068423828726033,0.0005065856238024143,0.0005064573417954385,0.0005638678604744534,0.0004830124623784663,-1.6579779313322982,-1.657977931316336,0.0,0.0,-1.6262529610957854,-1.5966000816668429,0.04800289319051915,-0.06528183644579137,0.3865496675200548
2023-01-03T13:39:29.976000,2023-01-03T13:39:00.000000,1,3948.0,3953.0,3943.0,3948.0,3948.0,133,3947.0,433,3946.0,174,3945.0,309,3944.0,160,3949.0,184,3950.0,213,3951.0,225,3952.0,144,3953.0,261,m2305,2023-01-03T13:39:29.976000,2023-01-03,0.0,10.0,0.0,5.0,5.0,0.0,0.5,0.5,0.0,2236,0.059481216457960645,0.08228980322003578,0.193649373881932,0.09525939177101968,0.0778175313059034,0.10062611806797854,0.1381932021466905,0.06440071556350627,0.07155635062611806,0.1167262969588551,3948.4195583596215,3949.010835913313,0.5912775536912704,4.0,4.0,0.0002532607319235153,1209,1027,0.08139534883720931,1814.7415026833633,2133.6243291592127,0.0,0.0,0.0,0.0,-0.000033871493592328903,0.00002516549955353299,-1.5936117408717112,-1.5936117408568247,0.0,0.0,-1.6157151911437722,-1.4981352467289575,-0.07520053599880276,0.05770059102251755,0.8340611608569167
2023-01-03T13:39:59.754000,2023-01-03T13:39:30.000000,1,3948.0,3953.0,3943.0,3948.0,3947.0,235,3946.0,177,3945.0,321,3944.0,163,3943.0,199,3948.0,83,3949.0,163,3950.0,213,3951.0,241,3952.0,144,m2305,2023-01-03T13:39:59.754000,2023-01-03,0.0,10.0,0.0,5.0,5.0,0.0,0.5,0.5,0.0,1939,0.12119649303764828,0.042805569881382156,0.09128416709644147,0.08406395048994326,0.16554925219185146,0.10985043837029397,0.08406395048994326,0.12429087158329036,0.10263022176379577,0.07426508509541001,3947.738993710692,3947.5617647058825,0.17722900480930548,4.0,4.0,0.000253324889170361,1095,844,0.1294481691593605,1719.4430118617843,2227.8808664259927,-0.0002533248905251337,-0.00025338908028651173,-0.0002532607332772212,-0.0002531966085181148,-0.0001723786689760819,-0.0003670127020886088,-1.891634396220326,-1.8916343962037059,0.0,0.0,-1.796420312245848,-1.973185209856873,0.3203511761707461,-0.3395204604007358,0.019214199163399465
2023-01-03T13:40:29.922000,2023-01-03T13:40:00.000000,1,3948.0,3954.0,3943.0,3949.0,3948.0,315,3947.0,282,3946.0,183,3945.0,308,3944.0,163,3949.0,276,3950.0,282,3951.0,246,3952.0,157,3953.0,273,m2305,2023-01-03T13:40:29.922000,2023-01-03,1.0,11.0,0.09090909090909091,5.0,5.0,1.0,0.45454545454545453,0.45454545454545453,0.09090909090909091,2485,0.1267605633802817,0.11106639839034205,0.11348088531187123,0.11348088531187123,0.07364185110663984,0.09899396378269618,0.12394366197183099,0.06317907444668008,0.06559356136820925,0.10985915492957747,3948.532994923858,3948.5,0.03299492385804115,4.0,4.0,0.0002532607319235153,1251,1234,0.006841046277665996,1961.932796780684,1986.6092555331988,0.0002533248905250335,0.0002533890802865442,0.00025326073327714793,0.00025319660851803096,0.00020110786887409202,0.00023764639297191412,-1.4528943068760292,-1.452894306863525,0.0,0.0,-1.4387081249360412,-1.550912896223493,-0.7159620538751448,0.6965023416896577,1.5356256132129174
2023-01-03T13:40:59.993000,2023-01-03T13:40:30.000000,1,3949.0,3953.0,3944.0,3948.0,3948.0,276,3947.0,249,3946.0,193,3945.0,322,3944.0,165,3949.0,243,3950.0,274,3951.0,238,3952.0,160,3953.0,275,m2305,2023-01-03T13:40:59.993000,2023-01-03,-1.0,9.0,-0.1111111111111111,4.0,4.0,-1.0,0.4444444444444444,0.4444444444444444,-0.1111111111111111,2395,0.11524008350730688,0.10146137787056367,0.10396659707724426,0.11440501043841336,0.08058455114822546,0.09937369519832985,0.13444676409185805,0.06680584551148225,0.06889352818371608,0.11482254697286012,3948.5317919075146,3948.4282982791588,0.10349362835586362,4.0,4.0,0.0002532607319235153,1205,1190,0.006263048016701462,1963.1064718162838,1985.4192066805845,0.0,0.0,0.0,0.0,-3.046743001281526e-7,-0.000018159395181281585,-1.3991462616641854,-1.3991462616524861,0.0,0.0,-1.3864462532650996,-1.5182672381696336,-0.6980450776537424,0.6790971844676175,1.2888405441676984
2023-01-03T13:41:29.921000,2023-01-03T13:41:00.000000,1,3948.0,3953.0,3942.0,3949.0,3948.0,197,3947.0,219,3946.0,199,3945.0,321,3944.0,165,3949.0,252,3950.0,259,3951.0,221,3952.0,160,3953.0,276,m2305,2023-01-03T13:41:29.921000,2023-01-03,1.0,11.0,0.09090909090909091,4.0,6.0,3.0,0.36363636363636365,0.5454545454545454,0.2727272727272727,2269,0.0868223887174967,0.11106214191273689,0.09651828999559277,0.11414720141031291,0.0877038342882327,0.09739973556632878,0.14147201410312912,0.07051564565888056,0.07271925958572058,0.12163948876156898,3948.4387527839644,3948.374476987448,0.06427579651654014,4.0,4.0,0.0002532607319235153,1101,1168,-0.029528426619656236,2033.8109299250773,1914.7236668135743,0.0,0.0,0.0,0.0,-0.000023563244418341155,-0.000013631160165329703,-1.3486434618414853,-1.3486434618304868,0.0,0.0,-1.3703556227794425,-1.4808478988556375,-0.9723649111283346,0.9522956814830096,0.9450800903273038
2023-01-03T13:41:59.991000,2023-01-03T13:41:30.000000,1,3948.0,3954.0,3944.0,3949.0,3948.0,250,3947.0,161,3946.0,181,3945.0,324,3944.0,167,3949.0,93,3950.0,222,3951.0,226,3952.0,160,3953.0,277,m2305,2023-01-03T13:41:59.991000,2023-01-03,1.0,10.0,0.1,5.0,4.0,0.0,0.5,0.4,0.0,2061,0.121300339640951,0.04512372634643377,0.07811741872877244,0.10771470160116449,0.08782144590004852,0.1096555070354197,0.1572052401746725,0.07763221737020863,0.08102862688015526,0.1344007763221737,3948.728862973761,3948.261096605744,0.4677663680167825,4.0,4.0,0.0002532607319235153,1083,978,0.050946142649199416,1875.004366812227,2073.518195050946,0.0,0.0,0.0,0.0,0.00007347195957913493,-0.00002871612363393907,-1.3040330204995234,-1.304033020488982,0.0,0.0,-1.2198364750540573,-1.4732107381635937,-0.29481154998277176,0.27906262894802203,0.3684900052917964
2023-01-03T13:42:29.859000,2023-01-03T13:42:00.000000,1,3948.0,3953.0,3943.0,3947.0,3947.0,51,3946.0,199,3945.0,317,3944.0,166,3943.0,207,3948.0,186,3949.0,202,3950.0,246,3951.0,219,3952.0,160,m2305,2023-01-03T13:42:29.859000,2023-01-03,-1.0,10.0,-0.1,5.0,4.0,-2.0,0.5,0.4,-0.2,1953,0.026113671274961597,0.09523809523809523,0.10189452124935997,0.10343061955965181,0.16231438812083973,0.1259600614439324,0.08499743983614952,0.11213517665130568,0.10599078341013825,0.0819252432155658,3947.215189873418,3947.488778054863,0.2735881814451204,4.0,4.0,0.000253324889170361,940,1013,-0.037378392217101895,2048.804403481823,1898.6282642089093,-0.0002533248905251337,-0.00025338908028651173,-0.0002532607332772212,-0.0002531966085181148,-0.00038340522900225056,-0.00019562893090698872,-1.615738311987946,-1.6157383119751976,0.0,0.0,-1.7164686443256634,-1.7009421380807221,-1.0615680907022245,1.0381564187102812,0.0769878687901257
2023-01-03T13:42:59.973000,2023-01-03T13:42:30.000000,1,3947.0,3952.0,3942.0,3946.0,3946.0,192,3945.0,329,3944.0,172,3943.0,214,3942.0,217,3947.0,20,3948.0,150,3949.0,179,3950.0,223,3951.0,229,m2305,2023-01-03T13:42:59.973000,2023-01-03,-1.0,10.0,-0.1,5.0,4.0,-2.0,0.5,0.4,-0.2,1925,0.09974025974025974,0.01038961038961039,0.1709090909090909,0.07792207792207792,0.08935064935064935,0.09298701298701299,0.11116883116883117,0.11584415584415585,0.11272727272727273,0.11896103896103896,3946.9056603773583,3947.0605427974947,0.1548824201363459,4.0,4.0,0.0002533890789306981,1124,801,0.1677922077922078,1643.4493506493507,2302.92,-0.00025338908028651173,-0.00025345330258601473,-0.0002533248905251337,-0.0002532607332772212,-0.00007842025783228722,-0.00010848884220839318,-1.892741219936369,-1.8927412199222355,0.0,0.0,-1.7520553657286857,-1.7794236300939288,0.7068337212499658,-0.7254924858083888,0.026109585754226863
2023-01-03T13:43:29.658000,2023-01-03T13:43:00.000000,1,3946.0,3952.0,3942.0,3948.0,3947.0,151,3946.0,223,3945.0,337,3944.0,172,3943.0,230,3948.0,100,3949.0,221,3950.0,250,3951.0,228,3952.0,161,m2305,2023-01-03T13:43:29.658000,2023-01-03,2.0,10.0,0.2,4.0,4.0,2.0,0.4,0.4,0.2,2073,0.07284129281234925,0.0482392667631452,0.1075735648818138,0.10660877954655089,0.16256632899179932,0.120598166907863,0.08297153883260974,0.10998552821997105,0.11095031355523396,0.07766521948866377,3947.601593625498,3947.5067567567567,0.09483686874136765,4.0,4.0,0.000253324889170361,1113,960,0.07380607814761216,1829.2952243125906,2118.0308731307287,0.0002533890802865442,0.0002534533025860924,0.0002533248905250335,0.00025326073327714793,0.00017630821723278349,0.00011304329744905113,-1.4725219621216221,-1.4725219621109193,0.0,0.0,-1.4433408582562792,-1.5518431231092131,-0.09558226712802136,0.077419033219059,0.4890978573510727
2023-01-03T13:43:59.770000,2023-01-03T13:43:30.000000,1,3948.0,3952.0,3943.0,3948.0,3947.0,113,3946.0,274,3945.0,335,3944.0,172,3943.0,229,3948.0,110,3949.0,230,3950.0,208,3951.0,227,3952.0,163,m2305,2023-01-03T13:43:59.770000,2023-01-03,0.0,9.0,0.0,4.0,5.0,1.0,0.4444444444444444,0.5555555555555556,0.1111111111111111,2061,0.05482775351770985,0.053372149442018436,0.13294517224648228,0.11159631246967491,0.16254245511887433,0.10092188258127123,0.08345463367297429,0.1101407083939835,0.1111111111111111,0.07908782144590004,3947.506726457399,3947.6309523809523,0.12422592355324014,4.0,4.0,0.000253324889170361,1123,938,0.08976225133430374,1797.7695293546822,2149.4929645803004,0.0,0.0,0.0,0.0,-0.00002403188512621059,0.000031461293971325516,-1.418907099131723,-1.418907099121653,0.0,0.0,-1.423990214605479,-1.4512234072886006,0.04469354537744386,-0.0618988082496018,0.4861362757116709
2023-01-03T13:44:29.974000,2023-01-03T13:44:00.000000,1,3947.0,3953.0,3943.0,3949.0,3948.0,187,3947.0,206,3946.0,253,3945.0,331,3944.0,167,3949.0,192,3950.0,241,3951.0,229,3952.0,165,3953.0,201,m2305,2023-01-03T13:44:29.974000,2023-01-03,2.0,10.0,0.2,4.0,4.0,2.0,0.4,0.4,0.2,2172,0.08609576427255985,0.08839779005524862,0.09484346224677716,0.11095764272559852,0.11648250460405156,0.10543278084714548,0.15239410681399632,0.07596685082872928,0.07688766114180479,0.0925414364640884,3948.493403693931,3948.3825503355706,0.1108533583606004,4.0,4.0,0.0002532607319235153,1144,1028,0.053406998158379376,1869.967771639042,2078.332872928177,0.0002533248905250335,0.0002533890802865442,0.00025326073327714793,0.00025319660851803096,0.0002499182435166906,0.00019037403029507368,-1.0279596919572882,-1.027959691950027,0.0,0.0,-1.0351404112353837,-1.1403695166375825,-0.27288516129598617,0.2589704125987521,0.8284721128556104
2023-01-03T13:44:59.968000,2023-01-03T13:44:30.000000,1,3949.0,3956.0,3944.0,3951.0,3951.0,150,3950.0,324,3949.0,240,3948.0,296,3947.0,244,3952.0,91,3953.0,209,3954.0,191,3955.0,229,3956.0,194,m2305,2023-01-03T13:44:59.968000,2023-01-03,2.0,12.0,0.16666666666666666,5.0,5.0,2.0,0.4166666666666667,0.4166666666666667,0.16666666666666666,2168,0.06918819188191883,0.04197416974169742,0.14944649446494465,0.09640221402214022,0.11070110701107011,0.08809963099630996,0.13653136531365315,0.10562730627306273,0.11254612546125461,0.08948339483394833,3951.622406639004,3951.823639774859,0.20123313585509095,4.0,4.0,0.00025306845501708213,1254,914,0.15682656826568267,1667.058118081181,2284.0802583025834,0.0007595898580185516,0.0007597822323204938,0.0007593975811089245,0.0007592054015180059,0.0007921410733238788,0.0008711392017112878,0.05374073861479429,0.053740738614411705,0.0,0.0,0.09706261228960697,0.11591255119137456,0.6323593189039465,-0.6290485998641052,0.8091348837760685
2023-01-03T13:45:29.943000,2023-01-03T13:45:00.000000,1,3951.0,3956.0,3944.0,3948.0,3948.0,227,3947.0,228,3946.0,238,3945.0,336,3944.0,161,3949.0,80,3950.0,150,3951.0,149,3952.0,181,3953.0,209,m2305,2023-01-03T13:45:29.943000,2023-01-03,-3.0,12.0,-0.25,5.0,4.0,-4.0,0.4166666666666667,0.3333333333333333,-0.3333333333333333,1959,0.11587544665645738,0.0408371618172537,0.11638591117917305,0.07656967840735068,0.12149055640632976,0.07605921388463502,0.17151607963246554,0.09239407861153649,0.08218478815722308,0.1066870852475753,3948.7394136807816,3948.809523809524,0.07011012874227163,4.0,4.0,0.0002532607319235153,1190,769,0.2149055640632976,1551.1015824400206,2397.0209290454313,-0.0007595898580185669,-0.0007597822323204889,-0.0007593975811089613,-0.0007592054015179521,-0.000729838240770146,-0.0007630062171364693,-0.987910154022285,-0.9879101540153412,0.0,0.0,-0.9100770251635723,-0.9487325041373066,1.1049392177480717,-1.1116604683251865,0.17494244469457215
2023-01-03T13:45:59.689000,2023-01-03T13:45:30.000000,1,3948.0,3953.0,3943.0,3948.0,3947.0,131,3946.0,261,3945.0,326,3944.0,163,3943.0,184,3948.0,153,3949.0,164,3950.0,230,3951.0,152,3952.0,182,m2305,2023-01-03T13:45:59.689000,2023-01-03,0.0,10.0,0.0,5.0,5.0,0.0,0.5,0.5,0.0,1946,0.06731757451181912,0.07862281603288798,0.1341212744090442,0.0842754367934224,0.16752312435765673,0.11819116135662898,0.08376156217882837,0.07810894141829394,0.09455292908530319,0.09352517985611511,3947.461267605634,3947.8423529411766,0.3810853355425934,4.0,4.0,0.000253324889170361,1065,881,0.09455292908530319,1788.2816032887977,2159.001541623844,-0.0002533248905251337,-0.00025338908028651173,-0.0002532607332772212,-0.0002531966085181148,-0.0003237369813408433,-0.0002449572016796279,-1.2981588610380241,-1.298158861029188,0.0,0.0,-1.3205228894190524,-1.2540471919459704,0.09273695980105337,-0.10847349048286097,0.14373233995667475
2023-01-03T13:46:29.700000,2023-01-03T13:46:00.000000,1,3948.0,3952.0,3941.0,3946.0,3945.0,314,3944.0,196,3943.0,190,3942.0,248,3941.0,332,3946.0,129,3947.0,174,3948.0,130,3949.0,133,3950.0,293,m2305,2023-01-03T13:46:29.700000,2023-01-03,-2.0,11.0,-0.18181818181818182,4.0,5.0,-1.0,0.36363636363636365,0.45454545454545453,-0.09090909090909091,2139,0.14679756895745674,0.06030855539971949,0.09163160355306219,0.08134642356241234,0.08882655446470314,0.06077606358111267,0.11594202898550725,0.06217858812529219,0.15521271622253388,0.13697989714820008,3945.708803611738,3945.5891891891893,0.11961442254869326,4.0,4.0,0.0002534533012292485,1280,859,0.19682094436652642,1585.6096306685367,2359.491351098644,-0.000506842382872494,-0.0005069708600345725,-0.0005067139708115235,-0.0005065856238023172,-0.0004440456766747722,-0.0005708958901227688,-1.9032254093911054,-1.90322540937901,0.0,0.0,-1.8479885930208273,-1.9547267146153937,0.9849043185701796,-1.0041714863382893,0.7301060158029635
2023-01-03T13:46:59.952000,2023-01-03T13:46:30.000000,1,3946.0,3950.0,3939.0,3945.0,3945.0,3,3944.0,162,3943.0,335,3942.0,275,3941.0,341,3946.0,266,3947.0,149,3948.0,124,3949.0,151,3950.0,304,m2305,2023-01-03T13:46:59.952000,2023-01-03,-1.0,11.0,-0.09090909090909091,4.0,6.0,1.0,0.36363636363636365,0.5454545454545454,0.09090909090909091,2110,0.0014218009478672985,0.12606635071090047,0.07677725118483412,0.07061611374407582,0.15876777251184834,0.058767772511848344,0.13033175355450238,0.07156398104265403,0.16161137440758294,0.14407582938388624,3945.0111524163567,3945.56270096463,0.5515485482733311,4.0,4.0,0.0002534533012292485,1116,994,0.05781990521327014,1859.9004739336492,2085.1180094786732,0.0,0.0,0.0,0.0,-0.00017682827450139066,-6.713398735206553e-6,-1.820960502128903,-1.8209605021180542,0.0,0.0,-1.9860954958599828,-1.8755862751564072,-0.22670272798737318,0.1999203590887544,0.6230542779608683
2023-01-03T13:47:29.946000,2023-01-03T13:47:00.000000,1,3945.0,3951.0,3940.0,3947.0,3946.0,110,3945.0,224,3944.0,225,3943.0,269,3942.0,285,3947.0,84,3948.0,167,3949.0,158,3950.0,305,3951.0,345,m2305,2023-01-03T13:47:29.946000,2023-01-03,2.0,11.0,0.18181818181818182,4.0,5.0,3.0,0.36363636363636365,0.45454545454545453,0.2727272727272727,2172,0.05064456721915286,0.03867403314917127,0.10313075506445672,0.07688766114180479,0.10359116022099447,0.072744014732965,0.12384898710865562,0.14042357274401474,0.13121546961325967,0.15883977900552487,3946.5670103092784,3946.7186700767265,0.15165976744810905,4.0,4.0,0.0002533890789306981,1113,1059,0.024861878453038673,1925.7140883977902,2020.8457642725598,0.0002534533025860924,0.0002535175574485346,0.0002533890802865442,0.0002533248905250335,0.0003943084338768522,0.0002929366214955679,-1.4484335059870397,-1.4484335059787166,0.0,0.0,-1.4305846989223787,-1.4442840775580748,-0.4895677755806913,0.4680967284276469,0.794444048233105
2023-01-03T13:47:59.939000,2023-01-03T13:47:30.000000,1,3947.0,3952.0,3942.0,3948.0,3947.0,98,3946.0,164,3945.0,226,3944.0,221,3943.0,260,3948.0,123,3949.0,235,3950.0,383,3951.0,345,3952.0,191,m2305,2023-01-03T13:47:59.939000,2023-01-03,1.0,10.0,0.1,4.0,5.0,2.0,0.4,0.5,0.2,2246,0.04363312555654497,0.054764024933214604,0.0730186999109528,0.10463045414069456,0.1006233303650935,0.1705253784505788,0.09839715048975957,0.15360641139804096,0.1157613535173642,0.085040071237756,3947.443438914027,3947.2330827067667,0.21035620726024717,4.0,4.0,0.000253324889170361,969,1277,-0.1371326803205699,2245.9465716829923,1701.8361531611754,0.0002533890802865442,0.0002534533025860924,0.0002533248905250335,0.00025326073327714793,0.00022204901145921619,0.000130330827164571,-1.1012407295253015,-1.1012407295190965,0.0,0.0,-1.1224345356432959,-1.2429240504750034,-1.8382417966380824,1.8158084509272492,1.0066830907863904
2023-01-03T13:48:29.897000,2023-01-03T13:48:00.000000,1,3948.0,3952.0,3941.0,3946.0,3946.0,114,3945.0,306,3944.0,186,3943.0,281,3942.0,345,3947.0,153,3948.0,201,3949.0,224,3950.0,324,3951.0,373,m2305,2023-01-03T13:48:29.897000,2023-01-03,-2.0,11.0,-0.18181818181818182,4.0,5.0,-1.0,0.36363636363636365,0.45454545454545453,-0.09090909090909091,2507,0.04547267650578381,0.06102911846828879,0.12205823693657758,0.08017550857598724,0.07419226166733148,0.08934982050259274,0.11208615875548464,0.1292381332269645,0.13761467889908258,0.14878340646190666,3946.4269662921347,3946.810650887574,0.3836845954392629,4.0,4.0,0.0002533890789306981,1232,1275,-0.017151974471479856,2008.591144794575,1938.001994415636,-0.00025338908028651173,-0.00025345330258601473,-0.0002533248905251337,-0.0002532607332772212,-0.0002575346630570152,-0.0001070254571299923,-1.3878174417414362,-1.387817441733875,0.0,0.0,-1.4123771254577508,-1.343133795147778,-0.7700748361323194,0.747800943998246,1.730430264514714
2023-01-03T13:48:59.990000,2023-01-03T13:48:30.000000,1,3947.0,3951.0,3942.0,3947.0,3946.0,205,3945.0,337,3944.0,194,3943.0,282,3942.0,353,3947.0,57,3948.0,198,3949.0,224,3950.0,307,3951.0,373,m2305,2023-01-03T13:48:59.990000,2023-01-03,0.0,9.0,0.0,4.0,5.0,1.0,0.4444444444444444,0.5555555555555556,0.1111111111111111,2530,0.08102766798418973,0.022529644268774702,0.133201581027668,0.0782608695652174,0.0766798418972332,0.08853754940711463,0.11146245059288537,0.12134387351778655,0.13952569169960474,0.1474308300395257,3946.7824427480914,3946.8897196261682,0.1072768780768456,4.0,4.0,0.0002533890789306981,1371,1159,0.08379446640316206,1809.3407114624506,2137.14743083004,0.0,0.0,0.0,0.0,0.00009007146213306565,0.00002003337722115765,-1.3404819845711768,-1.340481984564135,0.0,0.0,-1.2568513924288833,-1.2729124625318002,0.16256713331054554,-0.1807975117269189,1.7229703115144337
2023-01-03T13:49:29.938000,2023-01-03T13:49:00.000000,1,3947.0,3953.0,3942.0,3948.0,3947.0,199,3946.0,459,3945.0,277,3944.0,202,3943.0,278,3948.0,84,3949.0,256,3950.0,315,3951.0,374,3952.0,181,m2305,2023-01-03T13:49:29.938000,2023-01-03,1.0,11.0,0.09090909090909091,5.0,5.0,1.0,0.45454545454545453,0.45454545454545453,0.09090909090909091,2625,0.07580952380952381,0.032,0.17485714285714285,0.09752380952380953,0.10552380952380952,0.12,0.07695238095238095,0.14247619047619048,0.1059047619047619,0.06895238095238095,3947.703180212014,3947.925874125874,0.2226939138599846,4.0,4.0,0.000253324889170361,1415,1210,0.07809523809523809,1820.8807619047618,2126.5805714285716,0.0002533890802865442,0.0002534533025860924,0.0002533248905250335,0.00025326073327714793,0.000233260914534976,0.0002624898563748949,-0.9971651690310751,-0.9971651690259455,0.0,0.0,-0.940168216068377,-0.9161657574607076,0.14076395606725547,-0.15461378685965993,1.9007482915142322
2023-01-03T13:49:59.816000,2023-01-03T13:49:30.000000,1,3948.0,3953.0,3943.0,3948.0,3947.0,230,3946.0,480,3945.0,283,3944.0,192,3943.0,279,3948.0,72,3949.0,248,3950.0,332,3951.0,687,3952.0,183,m2305,2023-01-03T13:49:59.816000,2023-01-03,0.0,10.0,0.0,5.0,5.0,0.0,0.5,0.5,0.0,2986,0.07702612190221031,0.024112525117213665,0.1607501674480911,0.08305425318151373,0.09477561955793704,0.11118553248492967,0.06430006697923643,0.23007367716008037,0.09343603482920294,0.06128600133958473,3947.7615894039736,3947.978021978022,0.2164325740482127,4.0,4.0,0.000253324889170361,1464,1522,-0.01942397856664434,2013.583724045546,1934.2498325519086,0.0,0.0,0.0,0.0,0.00001479563107797902,0.000013208836590324117,-0.9876061554867552,-0.9876061554817254,0.0,0.0,-0.9126653507421899,-0.8924593408574351,-0.755981377215471,0.7384021564213394,2.672549066394461
2023-01-03T13:50:29.776000,2023-01-03T13:50:00.000000,1,3948.0,3952.0,3942.0,3946.0,3946.0,354,3945.0,316,3944.0,197,3943.0,278,3942.0,471,3947.0,211,3948.0,337,3949.0,230,3950.0,389,3951.0,375,m2305,2023-01-03T13:50:29.776000,2023-01-03,-2.0,10.0,-0.2,4.0,4.0,-2.0,0.4,0.4,-0.2,3158,0.11209626345788473,0.06681443951868271,0.10006333122229259,0.10671310956301457,0.06238125395820139,0.07283090563647879,0.08803039898670044,0.12317922735908803,0.14914502849905004,0.11874604179860672,3946.6265486725665,3946.4517611026035,0.17478756996297307,4.0,4.0,0.0002533890789306981,1616,1542,0.023432552248258392,1928.3527549081698,2018.1469284357188,-0.00025338908028651173,-0.00025345330258601473,-0.0002533248905251337,-0.0002532607332772212,-0.00028755635506538146,-0.00038666779903616746,-1.2596162387278573,-1.2596162387216499,0.0,0.0,-1.2303076650672111,-1.3296064475340137,-0.32222896164448833,0.30062451162439285,2.845675897546142
2023-01-03T13:50:59.710000,2023-01-03T13:50:30.000000,1,3946.0,3952.0,3942.0,3947.0,3947.0,19,3946.0,286,3945.0,318,3944.0,192,3943.0,288,3948.0,310,3949.0,245,3950.0,378,3951.0,375,3952.0,176,m2305,2023-01-03T13:50:59.710000,2023-01-03,1.0,10.0,0.1,5.0,4.0,0.0,0.5,0.4,0.0,2587,0.007344414379590259,0.1198299188248937,0.11055276381909548,0.09470429068419019,0.12292230382682644,0.146115191341322,0.07421724004638577,0.1449555469655972,0.11132586006957866,0.06803247004252029,3947.057750759878,3947.6158192090397,0.5580684491615102,4.0,4.0,0.000253324889170361,1103,1484,-0.14727483571704678,2265.814456899884,1681.8287591805179,0.0002533890802865442,0.0002534533025860924,0.0002533248905250335,0.00025326073327714793,0.00010925242798778584,0.0002949197237117272,-0.9372116808956547,-0.9372116808911085,0.0,0.0,-1.0745323950298646,-0.9492795647099508,-1.963139614081944,1.9399164531963555,1.409116006903699
2023-01-03T13:51:29.901000,2023-01-03T13:51:00.000000,1,3947.0,3952.0,3942.0,3947.0,3947.0,105,3946.0,356,3945.0,248,3944.0,192,3943.0,288,3948.0,113,3949.0,258,3950.0,385,3951.0,379,3952.0,178,m2305,2023-01-03T13:51:29.901000,2023-01-03,0.0,10.0,0.0,5.0,5.0,0.0,0.5,0.5,0.0,2502,0.04196642685851319,0.0451638689048761,0.14228617106314947,0.10311750599520383,0.0991207034372502,0.15387689848121502,0.07673860911270983,0.15147881694644286,0.11510791366906475,0.07114308553157474,3947.4816513761466,3947.7394136807816,0.25776230463497996,4.0,4.0,0.000253324889170361,1189,1313,-0.0495603517186251,2072.982014388489,1874.6614708233412,0.0,0.0,0.0,0.0,0.00010739084196894708,0.000031308147158928495,-0.9153369213714692,-0.9153369213671104,0.0,0.0,-0.9235646644149333,-0.8907902459422646,-0.9522503595647408,0.9341463585547021,1.166582980701492
2023-01-03T13:51:59.965000,2023-01-03T13:51:30.000000,1,3947.0,3953.0,3943.0,3949.0,3948.0,122,3947.0,157,3946.0,394,3945.0,245,3944.0,205,3949.0,175,3950.0,404,3951.0,379,3952.0,177,3953.0,221,m2305,2023-01-03T13:51:59.965000,2023-01-03,2.0,10.0,0.2,4.0,4.0,2.0,0.4,0.4,0.2,2479,0.04921339249697459,0.07059298104074223,0.06333198870512304,0.16296893908834206,0.15893505445744252,0.15288422751109318,0.09883017345703912,0.07139975796692215,0.0826946349334409,0.0891488503428802,3948.4107744107746,3947.8395721925135,0.5712022182610781,4.0,4.0,0.0002532607319235153,1123,1356,-0.09398951189995966,2161.1218233158534,1787.4562323517548,0.0002533248905250335,0.0002533890802865442,0.00025326073327714793,0.00025319660851803096,0.00023534338838805124,0.000025370783299514785,-0.5907528040929393,-0.5907528040901225,0.0,0.0,-0.6198350117392649,-0.8318430378477684,-1.3438042193672735,1.3292496578674566,1.087032004826227
2023-01-03T13:52:29.631000,2023-01-03T13:52:00.000000,1,3949.0,3953.0,3943.0,3947.0,3947.0,149,3946.0,383,3945.0,243,3944.0,209,3943.0,279,3948.0,185,3949.0,197,3950.0,397,3951.0,388,3952.0,188,m2305,2023-01-03T13:52:29.631000,2023-01-03,-2.0,10.0,-0.2,4.0,4.0,-2.0,0.4,0.4,-0.2,2618,0.05691367456073339,0.0706646294881589,0.14629488158899923,0.07524828113063407,0.09281894576012223,0.15164247517188695,0.07983193277310924,0.14820473644003057,0.10656990068754775,0.0718105423987777,3947.446107784431,3947.981034482759,0.5349266983275811,4.0,4.0,0.000253324889170361,1263,1355,-0.03514132925897632,2044.479373567609,1903.1508785332314,-0.0002533248905251337,-0.00025338908028651173,-0.0002532607332772212,-0.0002531966085181148,-0.00024434754721003245,0.0000358321946020636,-0.8641017978119846,-0.8641017978078481,0.0,0.0,-0.8823993273014907,-0.7611948246192485,-0.735953230574269,0.7192726202252405,1.3744989591467005
2023-01-03T13:52:59.912000,2023-01-03T13:52:30.000000,1,3948.0,3952.0,3941.0,3946.0,3946.0,88,3945.0,256,3944.0,220,3943.0,289,3942.0,470,3947.0,324,3948.0,203,3949.0,253,3950.0,385,3951.0,381,m2305,2023-01-03T13:52:59.912000,2023-01-03,-2.0,11.0,-0.18181818181818182,4.0,5.0,-1.0,0.36363636363636365,0.45454545454545453,-0.09090909090909091,2869,0.03067270826071802,0.11293133495991635,0.08922969675845242,0.07075636110142906,0.07668177065179504,0.08818403624956431,0.10073196235622169,0.13419309864064133,0.16382014639247125,0.13279888462879053,3946.21359223301,3946.673202614379,0.4596103813692025,4.0,4.0,0.0002533890789306981,1323,1546,-0.07772743116068316,2128.075984663646,1818.4437086092717,-0.00025338908028651173,-0.00025345330258601473,-0.0002533248905251337,-0.0002532607332772212,-0.0003122798824060853,-0.0003313208763971326,-1.1317506311326329,-1.1317506311272398,0.0,0.0,-1.2185210616704245,-1.1263306258165655,-1.1283294711457263,1.104900097720829,1.8778799922245264
2023-01-03T13:53:29.498000,2023-01-03T13:53:00.000000,1,3947.0,3953.0,3942.0,3948.0,3948.0,195,3947.0,234,3946.0,309,3945.0,271,3944.0,182,3949.0,174,3950.0,401,3951.0,394,3952.0,207,3953.0,212,m2305,2023-01-03T13:53:29.498000,2023-01-03,1.0,11.0,0.09090909090909091,5.0,5.0,1.0,0.45454545454545453,0.45454545454545453,0.09090909090909091,2579,0.0756107018224118,0.06746801085692129,0.09073284218689415,0.15548662272198527,0.11981388134936022,0.1527723924001551,0.10507948817371074,0.08026366808840636,0.07056998836758434,0.08220240403257076,3948.528455284553,3948.1055118110235,0.422943473529358,4.0,4.0,0.0002532607319235153,1191,1388,-0.07638619620007756,2126.355176424971,1822.2857696781698,0.0005067139708114992,0.0005068423828726033,0.0005065856238024143,0.0005064573417954385,0.0005864316031987583,0.0003628497426386163,-0.49783714995630585,-0.4978371499539171,0.0,0.0,-0.4882666271676837,-0.6596107601741387,-1.076791690128418,1.064206688338698,1.1969949583810466
2023-01-03T13:53:59.781000,2023-01-03T13:53:30.000000,1,3948.0,3953.0,3944.0,3949.0,3948.0,159,3947.0,243,3946.0,311,3945.0,258,3944.0,183,3949.0,138,3950.0,412,3951.0,398,3952.0,206,3953.0,213,m2305,2023-01-03T13:53:59.781000,2023-01-03,1.0,9.0,0.1111111111111111,4.0,4.0,1.0,0.4444444444444444,0.4444444444444444,0.1111111111111111,2521,0.06307021023403411,0.05474018246727489,0.096390321301071,0.16342721142403807,0.12336374454581515,0.15787385957953193,0.10234034113447045,0.08171360571201904,0.07259024196747323,0.08449028163427211,3948.5353535353534,3948.1129770992366,0.4223764361167923,4.0,4.0,0.0002532607319235153,1154,1367,-0.08449028163427211,2142.3883379611266,1806.275684252281,0.0,0.0,0.0,0.0,1.7470419304894226e-6,1.890851481188069e-6,-0.47572498517893386,-0.4757249851766324,0.0,0.0,-0.46422401127536594,-0.6327787751077524,-1.1331385107548964,1.1199050346524901,1.048742205698459
2023-01-03T13:54:28.766000,2023-01-03T13:54:00.000000,1,3949.0,3953.0,3943.0,3948.0,3948.0,71,3947.0,226,3946.0,331,3945.0,361,3944.0,178,3949.0,206,3950.0,434,3951.0,378,3952.0,199,3953.0,213,m2305,2023-01-03T13:54:28.766000,2023-01-03,-1.0,10.0,-0.1,4.0,5.0,0.0,0.4,0.5,0.0,2597,0.027339237581825184,0.07932229495571813,0.08702348864073932,0.16711590296495957,0.1274547554871005,0.14555256064690028,0.13900654601463228,0.07662687716596073,0.06854062379668849,0.08201771274547555,3948.2563176895305,3948.0272727272727,0.22904496225783078,4.0,4.0,0.0002532607319235153,1167,1430,-0.1012706969580285,2175.4751636503656,1773.0585290720062,0.0,0.0,0.0,0.0,-0.0000706706869210032,-0.000021707915324637307,-0.453617054342399,-0.4536170543401832,0.0,0.0,-0.5273856654558975,-0.6352163178877203,-1.2636417516784055,1.24973970816329,1.1803989327133249
2023-01-03T13:54:59.769000,2023-01-03T13:54:30.000000,1,3948.0,3953.0,3944.0,3949.0,3948.0,39,3947.0,229,3946.0,347,3945.0,412,3944.0,179,3949.0,248,3950.0,429,3951.0,379,3952.0,200,3953.0,215,m2305,2023-01-03T13:54:59.769000,2023-01-03,1.0,9.0,0.1111111111111111,4.0,4.0,1.0,0.4444444444444444,0.4444444444444444,0.1111111111111111,2677,0.014568546880836758,0.09264101606275682,0.08554351886440045,0.16025401568920433,0.12962271199103473,0.14157639148300336,0.153903623459096,0.07471049682480388,0.06686589465819948,0.08031378408666418,3948.135888501742,3948.0440729483284,0.0918155534136531,4.0,4.0,0.0002532607319235153,1206,1471,-0.09899140829286515,2170.9473290997385,1777.5169966380276,0.0,0.0,0.0,0.0,-0.00003050233186325623,4.255336690927711e-6,-0.42699900790962514,-0.42699900790740836,0.0,0.0,-0.540154246433731,-0.6053829050522431,-1.2190451129233741,1.2065521378739559,1.3222954062899996
2023-01-03T13:55:29.908000,2023-01-03T13:55:00.000000,1,3949.0,3953.0,3943.0,3947.0,3947.0,135,3946.0,326,3945.0,417,3944.0,178,3943.0,279,3948.0,81,3949.0,240,3950.0,394,3951.0,380,3952.0,200,m2305,2023-01-03T13:55:29.908000,2023-01-03,-2.0,10.0,-0.2,4.0,4.0,-2.0,0.4,0.4,-0.2,2630,0.051330798479087454,0.030798479087452472,0.12395437262357414,0.09125475285171103,0.15855513307984792,0.14980988593155894,0.06768060836501902,0.1444866920152091,0.10608365019011406,0.07604562737642585,3947.625,3947.727915194346,0.10291519434622387,4.0,4.0,0.000253324889170361,1335,1295,0.015209125475285171,1945.1057034220532,2002.4467680608366,-0.0002533248905251337,-0.00025338908028651173,-0.0002532607332772212,-0.0002531966085181148,-0.00012940830140863112,-0.00008008279738217526,-0.7245773398238634,-0.724577339820076,0.0,0.0,-0.6799916354392177,-0.6815832656751228,-0.05454304210290077,0.04339850900767753,1.1822175962044608
2023-01-03T13:55:59.812000,2023-01-03T13:55:30.000000,1,3947.0,3953.0,3943.0,3949.0,3948.0,84,3947.0,175,3946.0,365,3945.0,368,3944.0,177,3949.0,174,3950.0,429,3951.0,372,3952.0,198,3953.0,221,m2305,2023-01-03T13:55:59.812000,2023-01-03,2.0,10.0,0.2,4.0,4.0,2.0,0.4,0.4,0.2,2563,0.03277409285992977,0.06788919235271167,0.06827936012485368,0.16738197424892703,0.14241123683183768,0.14514241123683183,0.14358174014826375,0.07725321888412018,0.06905969566913774,0.08622707764338666,3948.3255813953488,3947.869205298013,0.4563760973355784,4.0,4.0,0.0002532607319235153,1169,1394,-0.08778774873195475,2148.871244635193,1799.6468981662115,0.0002533248905250335,0.0002533890802865442,0.00025326073327714793,0.00025319660851803096,0.00017745333888943097,0.00003578959299111857,-0.37815231634487356,-0.37815231634288576,0.0,0.0,-0.43069112183999037,-0.6118231871163003,-1.0643159311447319,1.0533231647468926,1.0073592649211873
2023-01-03T13:56:29.889000,2023-01-03T13:56:00.000000,1,3949.0,3953.0,3942.0,3946.0,3946.0,158,3945.0,411,3944.0,179,3943.0,279,3942.0,501,3947.0,159,3948.0,185,3949.0,188,3950.0,393,3951.0,372,m2305,2023-01-03T13:56:29.889000,2023-01-03,-3.0,11.0,-0.2727272727272727,4.0,4.0,-3.0,0.36363636363636365,0.36363636363636365,-0.2727272727272727,2825,0.05592920353982301,0.05628318584070797,0.14548672566371681,0.06548672566371681,0.06336283185840708,0.06654867256637167,0.09876106194690265,0.13911504424778762,0.17734513274336283,0.13168141592920354,3946.498422712934,3947.068791946309,0.5703692333750041,4.0,4.0,0.0002533890789306981,1528,1297,0.08176991150442478,1813.2697345132742,2133.0541592920354,-0.0005067139708115235,-0.000506842382872494,-0.0005065856238023172,-0.0005064573417953089,-0.000462875097427578,-0.0002027662167140293,-1.002711675895253,-1.002711675889985,0.0,0.0,-0.9987638410521777,-0.8452078176132093,0.6582412896382063,-0.6709873005352092,1.4975930195284883
2023-01-03T13:56:59.783000,2023-01-03T13:56:30.000000,1,3947.0,3951.0,3942.0,3947.0,3946.0,175,3945.0,388,3944.0,177,3943.0,278,3942.0,430,3947.0,44,3948.0,216,3949.0,182,3950.0,386,3951.0,372,m2305,2023-01-03T13:56:59.783000,2023-01-03,0.0,9.0,0.0,4.0,5.0,1.0,0.4444444444444444,0.5555555555555556,0.1111111111111111,2648,0.06608761329305136,0.01661631419939577,0.14652567975830816,0.08157099697885196,0.0668429003021148,0.06873111782477341,0.10498489425981873,0.14577039274924472,0.1623867069486405,0.1404833836858006,3946.799086757991,3946.927152317881,0.12806555988981927,4.0,4.0,0.0002533890789306981,1448,1200,0.09365558912386707,1789.8889728096678,2156.5377643504535,0.0,0.0,0.0,0.0,0.0000761821139623024,-0.00003588540694554994,-0.9786065899506854,-0.9786065899453417,0.0,0.0,-0.8747785235660904,-0.8678889134252101,0.7529315698984949,-0.7644843685275277,1.0945101550875675
2023-01-03T13:57:29.805000,2023-01-03T13:57:00.000000,1,3947.0,3952.0,3942.0,3947.0,3946.0,163,3945.0,386,3944.0,178,3943.0,276,3942.0,428,3947.0,50,3948.0,182,3949.0,207,3950.0,387,3951.0,373,m2305,2023-01-03T13:57:29.805000,2023-01-03,0.0,10.0,0.0,5.0,5.0,0.0,0.5,0.5,0.0,2630,0.06197718631178707,0.019011406844106463,0.1467680608365019,0.06920152091254753,0.06768060836501902,0.07870722433460076,0.10494296577946768,0.14714828897338403,0.16273764258555132,0.14182509505703422,3946.7652582159626,3947.038732394366,0.27347417840337584,4.0,4.0,0.0002533890789306981,1431,1199,0.08821292775665399,1800.6471482889733,2145.7961977186314,0.0,0.0,0.0,0.0,-8.571170272400117e-6,0.000028269713379127668,-0.9510977432539337,-0.9510977432486034,0.0,0.0,-0.8603955586167825,-0.8030089676380675,0.6849699379107187,-0.695880062287223,1.0256091527688016
2023-01-03T13:57:59.899000,2023-01-03T13:57:30.000000,1,3947.0,3951.0,3942.0,3946.0,3946.0,25,3945.0,426,3944.0,176,3943.0,296,3942.0,428,3947.0,106,3948.0,197,3949.0,187,3950.0,386,3951.0,373,m2305,2023-01-03T13:57:59.899000,2023-01-03,-1.0,9.0,-0.1111111111111111,4.0,4.0,-1.0,0.4444444444444444,0.4444444444444444,-0.1111111111111111,2600,0.009615384615384616,0.040769230769230766,0.16384615384615384,0.07576923076923077,0.06769230769230769,0.07192307692307692,0.11384615384615385,0.14846153846153845,0.1646153846153846,0.14346153846153847,3946.1908396946565,3947.051364365971,0.8605246713145789,4.0,4.0,0.0002533890789306981,1351,1249,0.03923076923076923,1897.316923076923,2049.1030769230765,0.0,0.0,0.0,0.0,-0.00014555218987529495,3.2003616504312663e-6,-0.9249517522376093,-0.9249517522322627,0.0,0.0,-1.031669098715308,-0.772213853955708,0.16494560399612312,-0.17803827056402116,0.9374918005395356
2023-01-03T13:58:29.992000,2023-01-03T13:58:00.000000,1,3946.0,3952.0,3941.0,3947.0,3946.0,207,3945.0,546,3944.0,223,3943.0,297,3942.0,435,3947.0,57,3948.0,213,3949.0,193,3950.0,385,3951.0,375,m2305,2023-01-03T13:58:29.992000,2023-01-03,1.0,11.0,0.09090909090909091,5.0,5.0,1.0,0.45454545454545453,0.45454545454545453,0.09090909090909091,2931,0.07062436028659161,0.019447287615148412,0.1862845445240532,0.07267144319344933,0.07608324803821222,0.06584783350392358,0.10133060388945753,0.13135448652337087,0.14841351074718526,0.12794268167860798,3946.784090909091,3947.1581027667985,0.3740118577075009,4.0,4.0,0.0002533890789306981,1708,1223,0.16547253497099965,1648.0501535312178,2298.2412146025245,0.0,0.0,0.0,0.0,0.0001503238565350565,0.0000270422013194427,-0.8945425657174273,-0.8945425657122495,0.0,0.0,-0.7936978229954663,-0.7085790987127196,1.4199868595282916,-1.4267801129456605,1.5517250617613298
2023-01-03T13:58:59.854000,2023-01-03T13:58:30.000000,1,3947.0,3955.0,3942.0,3950.0,3949.0,107,3948.0,329,3947.0,245,3946.0,289,3945.0,380,3950.0,109,3951.0,304,3952.0,234,3953.0,210,3954.0,474,m2305,2023-01-03T13:58:59.854000,2023-01-03,3.0,13.0,0.23076923076923078,5.0,5.0,3.0,0.38461538461538464,0.38461538461538464,0.23076923076923078,2681,0.03991048116374487,0.040656471465870946,0.1227154046997389,0.113390525923163,0.09138381201044386,0.08728086534875047,0.10779559865721745,0.0783289817232376,0.14173815740395374,0.17679970160387914,3949.4953703703704,3949.559241706161,0.06387133579073634,4.0,4.0,0.000253196607165464,1350,1331,0.007086907870197687,1962.2334949645656,1987.2972771353973,0.0007599747040888015,0.000760167273397525,0.0007597822323204938,0.0007595898580185516,0.0006867233058620957,0.0006081359908480635,0.19985168423954253,0.19985168423834127,0.0,0.0,0.20051853748911946,0.16716599318419434,-0.1705810397608022,0.17286781804453363,1.0236600668211104
2023-01-03T13:59:29.914000,2023-01-03T13:59:00.000000,1,3949.0,3956.0,3944.0,3951.0,3951.0,85,3950.0,434,3949.0,170,3948.0,297,3947.0,161,3952.0,102,3953.0,253,3954.0,483,3955.0,230,3956.0,182,m2305,2023-01-03T13:59:29.914000,2023-01-03,2.0,12.0,0.16666666666666666,5.0,5.0,2.0,0.4166666666666667,0.4166666666666667,0.16666666666666666,2397,0.03546099290780142,0.0425531914893617,0.1810596579057155,0.10554860241969129,0.07092198581560284,0.20150187734668334,0.12390488110137672,0.09595327492699207,0.06716729244889445,0.07592824363788069,3951.4545454545455,3951.8951965065503,0.44065105200479593,4.0,4.0,0.00025306845501708213,1147,1250,-0.04297037964121819,2062.0095953274927,1889.648727576137,0.0005063291247413282,0.0005064573417954385,0.0005062009725908393,0.0005060728852947277,0.0004959340700049702,0.0005912721225467263,0.9717116227596758,0.9717116227535281,0.0,0.0,0.9652116490146992,1.0674042842891704,-0.6580773831597928,0.6687613967054779,0.4101092568702611
2023-01-03T13:59:59.938000,2023-01-03T13:59:30.000000,1,3952.0,3957.0,3946.0,3952.0,3951.0,235,3950.0,473,3949.0,151,3948.0,290,3947.0,147,3952.0,20,3953.0,235,3954.0,510,3955.0,232,3956.0,185,m2305,2023-01-03T13:59:59.938000,2023-01-03,0.0,11.0,0.0,5.0,6.0,1.0,0.45454545454545453,0.5454545454545454,0.09090909090909091,2478,0.09483454398708636,0.008071025020177562,0.19087974172719935,0.09483454398708636,0.060936238902340595,0.20581113801452786,0.11702986279257466,0.09362389023405973,0.059322033898305086,0.07465698143664246,3951.921568627451,3952.0042372881358,0.08266866068470335,4.0,4.0,0.00025306845501708213,1296,1182,0.04600484261501211,1886.180387409201,2065.4814366424534,0.0,0.0,0.0,0.0,0.00011818320846895743,0.00002759164194986452,1.0207546915704615,1.020754691563636,0.0,0.0,1.1961026939695123,1.1729835740190477,0.2563319365145471,-0.24015471219257972,0.5826937680339315
2023-01-03T14:00:29.886000,2023-01-03T14:00:00.000000,1,3952.0,3957.0,3946.0,3951.0,3950.0,446,3949.0,182,3948.0,188,3947.0,155,3946.0,313,3951.0,104,3952.0,196,3953.0,239,3954.0,530,3955.0,226,m2305,2023-01-03T14:00:29.886000,2023-01-03,-1.0,11.0,-0.09090909090909091,5.0,5.0,-1.0,0.45454545454545453,0.45454545454545453,-0.09090909090909091,2579,0.1729352462194649,0.04032570763861962,0.07056998836758434,0.07599844901124467,0.07289647150058162,0.09267157813105854,0.060100814269096546,0.2055060100814269,0.12136487010469174,0.0876308646762311,3950.8109090909093,3950.4444444444443,0.3664646464649195,4.0,4.0,0.00025313251487153526,1284,1295,-0.004265219077161691,1985.1543233811553,1965.694067468011,-0.0002531325162231551,-0.0002531966085181148,-0.00025306845636768253,-0.00025300442892703775,-0.00028108240965661244,-0.0003947619090657748,0.7530385052036287,0.7530385051975371,0.0,0.0,0.907714786337884,0.6714137183099993,-0.26945757242565194,0.2791516975419794,0.8091986284137018
2023-01-03T14:00:59.894000,2023-01-03T14:00:30.000000,1,3951.0,3955.0,3946.0,3951.0,3950.0,314,3949.0,201,3948.0,197,3947.0,166,3946.0,312,3951.0,173,3952.0,166,3953.0,245,3954.0,511,3955.0,227,m2305,2023-01-03T14:00:59.894000,2023-01-03,0.0,9.0,0.0,4.0,5.0,1.0,0.4444444444444444,0.5555555555555556,0.1111111111111111,2512,0.125,0.06886942675159236,0.08001592356687898,0.0660828025477707,0.07842356687898089,0.09753184713375797,0.0660828025477707,0.2034235668789809,0.12420382165605096,0.09036624203821655,3950.6447638603695,3950.6430517711174,0.0017120892521234055,4.0,4.0,0.00025313251487153526,1190,1322,-0.052547770700636945,2080.541003184713,1870.2862261146497,0.0,0.0,0.0,0.0,-0.00004205433465457487,0.000050273415352040696,0.8775894045289641,0.8775894045204078,0.0,0.0,0.9540513244319755,0.8928243974505088,-0.9002957450661891,0.9100670002259622,0.6140537894496816
2023-01-03T14:01:29.866000,2023-01-03T14:01:00.000000,1,3951.0,3956.0,3946.0,3951.0,3950.0,426,3949.0,211,3948.0,195,3947.0,168,3946.0,313,3951.0,5,3952.0,206,3953.0,235,3954.0,511,3955.0,225,m2305,2023-01-03T14:01:29.866000,2023-01-03,0.0,10.0,0.0,5.0,5.0,0.0,0.5,0.5,0.0,2495,0.17074148296593186,0.002004008016032064,0.0845691382765531,0.08256513026052104,0.0781563126252505,0.09418837675350701,0.06733466933867735,0.20480961923847696,0.1254509018036072,0.09018036072144289,3950.988399071926,3950.517985611511,0.47041346041487486,4.0,4.0,0.00025313251487153526,1313,1182,0.05250501002004008,1873.0224448897793,2077.7527054108214,0.0,0.0,0.0,0.0,0.00008697827517096993,-0.000031657666265804794,1.0033542526595598,1.0033542526479338,0.0,0.0,1.2642845035006096,0.9619042034094958,0.2793873890676665,-0.26540210133171865,0.5452279850768837
2023-01-03T14:01:59.747000,2023-01-03T14:01:30.000000,1,3950.0,3956.0,3944.0,3949.0,3948.0,164,3947.0,188,3946.0,270,3945.0,330,3944.0,182,3949.0,143,3950.0,231,3951.0,117,3952.0,165,3953.0,231,m2305,2023-01-03T14:01:59.747000,2023-01-03,-1.0,12.0,-0.08333333333333333,6.0,5.0,-2.0,0.5,0.4166666666666667,-0.16666666666666666,2021,0.08114794656110837,0.07075705096486888,0.09302325581395349,0.11429985155863434,0.13359722909450766,0.05789213260761999,0.16328550222662047,0.08164275111331024,0.0900544285007422,0.11429985155863434,3948.5342019543973,3948.346062052506,0.18813990189119068,4.0,4.0,0.0002532607319235153,1134,887,0.12221672439386443,1734.115289460663,2214.0455220188023,-0.0005064573417953089,-0.0005065856238023172,-0.0005063291247412658,-0.0005062009725908441,-0.0006213532944812549,-0.0005499331551058467,0.028096321036990467,0.028096321036605844,0.0,0.0,0.03832518638318589,-0.13327184309973608,1.0640068411316912,-1.064100520174152,-0.8109645283749864
2023-01-03T14:02:29.657000,2023-01-03T14:02:00.000000,1,3949.0,3954.0,3943.0,3949.0,3949.0,177,3948.0,163,3947.0,266,3946.0,323,3945.0,347,3950.0,239,3951.0,126,3952.0,164,3953.0,231,3954.0,508,m2305,2023-01-03T14:02:29.657000,2023-01-03,0.0,11.0,0.0,5.0,6.0,1.0,0.45454545454545453,0.5454545454545454,0.09090909090909091,2544,0.0695754716981132,0.09394654088050315,0.06407232704402516,0.049528301886792456,0.10455974842767296,0.06446540880503145,0.12696540880503146,0.09080188679245282,0.1363993710691824,0.19968553459119498,3949.425480769231,3949.6920415224913,0.26656075326036444,4.0,4.0,0.000253196607165464,1276,1268,0.0031446540880503146,1970.0389150943397,1979.5094339622642,0.00025326073327714793,0.0002533248905250335,0.00025319660851803096,0.0002531325162232701,0.00022569849794667384,0.0003408389438907447,0.6226839147201799,0.6226839147112894,0.0,0.0,0.5630027638394195,0.664559683554893,-0.37290142936864945,0.3797408269321391,0.6562853867126869
2023-01-03T14:02:59.940000,2023-01-03T14:02:30.000000,1,3949.0,3956.0,3945.0,3952.0,3951.0,50,3950.0,307,3949.0,202,3948.0,284,3947.0,238,3952.0,165,3953.0,286,3954.0,512,3955.0,225,3956.0,274,m2305,2023-01-03T14:02:59.940000,2023-01-03,3.0,11.0,0.2727272727272727,4.0,4.0,3.0,0.36363636363636365,0.36363636363636365,0.2727272727272727,2543,0.019661816751867872,0.06488399528116398,0.12072355485646874,0.11246559182068423,0.0794337396775462,0.201337003539127,0.11167911915060952,0.08847817538340542,0.09359024773889107,0.10774675580023595,3951.232558139535,3951.5531197301857,0.3205615906508683,4.0,4.0,0.00025306845501708213,1081,1462,-0.14982304364923318,2273.261895399135,1678.5355878883208,0.0005063291247413282,0.0005064573417954385,0.0005062009725908393,0.0005060728852947277,0.0004574498460550855,0.0004710847984414112,1.7722542188188126,1.7722542187935089,0.0,0.0,1.5950560764314825,1.7529237887161706,-2.1016292338798586,2.118289464847242,0.6276519807309452
2023-01-03T14:03:29.764000,2023-01-03T14:03:00.000000,1,3952.0,3956.0,3946.0,3951.0,3951.0,33,3950.0,254,3949.0,209,3948.0,293,3947.0,255,3952.0,173,3953.0,266,3954.0,512,3955.0,279,3956.0,278,m2305,2023-01-03T14:03:29.764000,2023-01-03,-1.0,10.0,-0.1,4.0,5.0,0.0,0.4,0.5,0.0,2552,0.01293103448275862,0.06778996865203762,0.09952978056426333,0.1042319749216301,0.08189655172413793,0.2006269592476489,0.11481191222570533,0.10932601880877743,0.09992163009404388,0.10893416927899686,3951.160194174757,3951.4653846153847,0.30519044062748435,4.0,4.0,0.00025306845501708213,1044,1508,-0.18181818181818182,2336.5419278996865,1615.310736677116,0.0,0.0,0.0,0.0,-0.000018314444003911506,-0.000022202937967632907,1.737795222364993,1.7377952223408386,0.0,0.0,1.5359193233486033,1.6563622829034454,-2.3159902906340313,2.3300147154576574,0.6300502311878645
2023-01-03T14:03:59.946000,2023-01-03T14:03:30.000000,1,3951.0,3956.0,3946.0,3951.0,3950.0,230,3949.0,220,3948.0,208,3947.0,253,3946.0,366,3951.0,138,3952.0,221,3953.0,270,3954.0,513,3955.0,283,m2305,2023-01-03T14:03:59.946000,2023-01-03,0.0,10.0,0.0,5.0,5.0,0.0,0.5,0.5,0.0,2702,0.0851221317542561,0.05107327905255366,0.08142116950407106,0.08179126572908957,0.076980014803849,0.0999259807549963,0.09363434492968171,0.18985936343449297,0.13545521835677277,0.10473723168023687,3950.625,3950.496598639456,0.12840136054410323,4.0,4.0,0.00025313251487153526,1277,1425,-0.05477424130273871,2084.976683937824,1865.7627683197632,-0.0002531325162231551,-0.0002531966085181148,-0.00025306845636768253,-0.00025300442892703775,-0.0001354615855591508,-0.00024520137728727614,1.232082784115932,1.2320827840976325,0.0,0.0,1.2739108364091196,1.1816275529930775,-0.8803870390274152,0.8911202057960539,1.0448593741611685
2023-01-03T14:04:29.980000,2023-01-03T14:04:00.000000,1,3951.0,3955.0,3945.0,3950.0,3950.0,66,3949.0,293,3948.0,238,3947.0,252,3946.0,367,3951.0,308,3952.0,263,3953.0,267,3954.0,508,3955.0,283,m2305,2023-01-03T14:04:29.980000,2023-01-03,-1.0,10.0,-0.1,4.0,5.0,0.0,0.4,0.5,0.0,2845,0.023198594024604568,0.10826010544815466,0.10298769771528998,0.09244288224956063,0.08365553602811951,0.09384885764499121,0.08857644991212654,0.17855887521968367,0.1289982425307557,0.09947275922671353,3950.176470588235,3950.5809352517986,0.4044646635634308,4.0,4.0,0.00025313251487153526,1216,1629,-0.14516695957820738,2263.491036906854,1687.2432337434093,0.0,0.0,0.0,0.0,-0.00011354023105539296,0.00002134812928601212,1.2998020765091585,1.2998020764884164,0.0,0.0,1.0759035171498896,1.307507861758917,-1.7988894340037715,1.8059311371606794,1.4220069179015593
2023-01-03T14:04:59.922000,2023-01-03T14:04:30.000000,1,3950.0,3955.0,3945.0,3951.0,3950.0,139,3949.0,295,3948.0,220,3947.0,250,3946.0,371,3951.0,328,3952.0,269,3953.0,265,3954.0,508,3955.0,286,m2305,2023-01-03T14:04:59.922000,2023-01-03,1.0,10.0,0.1,4.0,5.0,2.0,0.4,0.5,0.2,2931,0.047424087342204026,0.11190719890822245,0.10064824292050495,0.09177755032412147,0.07505970658478335,0.09041282838621631,0.08529512111907199,0.1733196861139543,0.12657795974070282,0.09757761856021835,3950.2976445396143,3950.56914893617,0.27150439655588343,4.0,4.0,0.00025313251487153526,1275,1656,-0.1299897645854657,2233.4776526782666,1717.2572500852948,0.0,0.0,0.0,0.0,0.00003067510876500094,-2.9834430437465313e-6,1.3322881980666914,1.3322881980447432,0.0,0.0,1.1908916395044378,1.326430441685415,-1.5676068651497643,1.57460682007843,1.6102979923352554
2023-01-03T14:05:29.725000,2023-01-03T14:05:00.000000,1,3951.0,3955.0,3946.0,3951.0,3950.0,102,3949.0,282,3948.0,215,3947.0,223,3946.0,398,3951.0,427,3952.0,270,3953.0,232,3954.0,508,3955.0,281,m2305,2023-01-03T14:05:29.725000,2023-01-03,0.0,9.0,0.0,4.0,5.0,1.0,0.4444444444444444,0.5555555555555556,0.1111111111111111,2938,0.03471749489448604,0.1453369639210347,0.09598366235534377,0.09189925119128659,0.0731790333560245,0.07896528250510551,0.07590197413206262,0.1729067392784207,0.13546630360789652,0.095643294758339,3950.192816635161,3950.532608695652,0.3397920604911633,4.0,4.0,0.00025313251487153526,1220,1718,-0.16950306330837303,2311.5044247787614,1639.219537100068,0.0,0.0,0.0,0.0,-0.00002653706247095941,-9.249403852650034e-6,1.3322881980666914,1.3322881980447432,0.0,0.0,1.1347920406227023,1.3009238013832352,-1.8929545718094147,1.8978985424827828,1.578012126838874
2023-01-03T14:05:59.984000,2023-01-03T14:05:30.000000,1,3951.0,3955.0,3944.0,3950.0,3949.0,268,3948.0,180,3947.0,223,3946.0,399,3945.0,310,3950.0,279,3951.0,314,3952.0,259,3953.0,233,3954.0,510,m2305,2023-01-03T14:05:59.984000,2023-01-03,-1.0,11.0,-0.09090909090909091,4.0,6.0,1.0,0.36363636363636365,0.5454545454545454,0.09090909090909091,2975,0.09008403361344537,0.09378151260504201,0.06050420168067227,0.10554621848739495,0.07495798319327732,0.08705882352941176,0.13411764705882354,0.07831932773109243,0.10420168067226891,0.17142857142857143,3949.489945155393,3949.093117408907,0.3968277464859966,4.0,4.0,0.000253196607165464,1380,1595,-0.07226890756302522,2118.931428571428,1830.775462184874,-0.0002531966085181148,-0.0002532607332772212,-0.0002531325162231551,-0.00025306845636768253,-0.00017794929310887766,-0.00036444544402176133,0.7126192687333728,0.7126192687216331,0.0,0.0,0.7002819081320281,0.39970422149170165,-0.8629524946164638,0.8664734043383823,1.645079381934615
2023-01-03T14:06:29.644000,2023-01-03T14:06:00.000000,1,3950.0,3954.0,3945.0,3949.0,3949.0,225,3948.0,193,3947.0,260,3946.0,409,3945.0,312,3950.0,241,3951.0,309,3952.0,309,3953.0,222,3954.0,505,m2305,2023-01-03T14:06:29.644000,2023-01-03,-1.0,9.0,-0.1111111111111111,4.0,4.0,-1.0,0.4444444444444444,0.4444444444444444,-0.1111111111111111,2985,0.07537688442211055,0.08073701842546063,0.06465661641541039,0.1035175879396985,0.08710217755443886,0.1035175879396985,0.13701842546063653,0.0743718592964824,0.10452261306532663,0.16917922948073702,3949.482832618026,3949.1533864541834,0.3294461638424764,4.0,4.0,0.000253196607165464,1399,1586,-0.06264656616415411,2099.9373534338356,1849.7363484087105,0.0,0.0,0.0,0.0,-1.800876535992116e-6,0.000015261373584143355,0.6993768185444155,0.6993768185329708,0.0,0.0,0.6834349781999185,0.4301442076014888,-0.7425461569098376,0.7462119862538545,1.6265537012964761
2023-01-03T14:06:59.964000,2023-01-03T14:06:30.000000,1,3949.0,3954.0,3945.0,3950.0,3949.0,85,3948.0,195,3947.0,278,3946.0,555,3945.0,312,3950.0,282,3951.0,251,3952.0,313,3953.0,223,3954.0,505,m2305,2023-01-03T14:06:59.964000,2023-01-03,1.0,9.0,0.1111111111111111,4.0,4.0,1.0,0.4444444444444444,0.4444444444444444,0.1111111111111111,2999,0.028342780926975657,0.09403134378126042,0.0650216738912971,0.08369456485495165,0.09269756585528509,0.10436812270756919,0.18506168722907637,0.07435811937312438,0.10403467822607536,0.1683894631543848,3949.231607629428,3949.311659192825,0.08005156339731911,4.0,4.0,0.000253196607165464,1425,1574,-0.04968322774258086,2074.313437812604,1875.1787262420805,0.0,0.0,0.0,0.0,-0.00006361161441736522,0.000040076834612355885,0.6863287817017278,0.6863287816905688,0.0,0.0,0.5181739411922697,0.5241054358938807,-0.5917031197541763,0.594919650934774,1.6122159151837938
2023-01-03T14:07:29.971000,2023-01-03T14:07:00.000000,1,3950.0,3954.0,3945.0,3949.0,3949.0,160,3948.0,185,3947.0,286,3946.0,480,3945.0,316,3950.0,351,3951.0,243,3952.0,318,3953.0,234,3954.0,505,m2305,2023-01-03T14:07:29.971000,2023-01-03,-1.0,9.0,-0.1111111111111111,4.0,4.0,-1.0,0.4444444444444444,0.4444444444444444,-0.1111111111111111,3078,0.05198180636777128,0.11403508771929824,0.06010396361273554,0.07894736842105263,0.09291747888239116,0.10331384015594541,0.15594541910331383,0.07602339181286549,0.10266406757634827,0.1640675763482781,3949.3131115459882,3949.2967289719627,0.016382574025556096,4.0,4.0,0.000253196607165464,1427,1651,-0.07277452891487979,2119.899610136452,1829.682261208577,0.0,0.0,0.0,0.0,0.000020637704655971274,-3.78046869243925e-6,0.6734670065795177,0.673467006568635,0.0,0.0,0.5637569535848734,0.5067901708679008,-0.8001131417938472,0.8027389975600547,1.7681454685769955
2023-01-03T14:07:59.957000,2023-01-03T14:07:30.000000,1,3950.0,3954.0,3945.0,3949.0,3949.0,121,3948.0,188,3947.0,291,3946.0,480,3945.0,317,3950.0,346,3951.0,230,3952.0,314,3953.0,236,3954.0,514,m2305,2023-01-03T14:07:59.957000,2023-01-03,-1.0,9.0,-0.1111111111111111,4.0,4.0,-1.0,0.4444444444444444,0.4444444444444444,-0.1111111111111111,3037,0.03984194929206454,0.11392821863681264,0.06190319394138953,0.0757326308857425,0.09581824168587422,0.10339150477444847,0.15805070793546264,0.07770826473493579,0.10437932169904511,0.16924596641422457,3949.259100642398,3949.349282296651,0.09018165425277402,4.0,4.0,0.000253196607165464,1397,1640,-0.08001317089232796,2134.218636812644,1815.3687849851826,0.0,0.0,0.0,0.0,-0.000013676118199619364,0.000013306919847748744,0.6734670065795177,0.673467006568635,0.0,0.0,0.5302342920342862,0.5473369051916339,-0.8460036133520277,0.8482586774397247,1.5874431532188353
2023-01-03T14:08:29.938000,2023-01-03T14:08:00.000000,1,3950.0,3954.0,3945.0,3950.0,3949.0,123,3948.0,199,3947.0,259,3946.0,480,3945.0,317,3950.0,200,3951.0,292,3952.0,316,3953.0,236,3954.0,515,m2305,2023-01-03T14:08:29.938000,2023-01-03,0.0,9.0,0.0,4.0,5.0,1.0,0.4444444444444444,0.5555555555555556,0.1111111111111111,2937,0.04187946884576098,0.06809669731018046,0.06775621382362955,0.09942117807286346,0.08818522301668369,0.10759278175008512,0.1634320735444331,0.08035410282601294,0.10793326523663602,0.17534899557371467,3949.3808049535605,3949.215885947047,0.16491900651362812,4.0,4.0,0.000253196607165464,1378,1559,-0.06162751106571331,2097.9713993871296,1851.6503234593122,0.0,0.0,0.0,0.0,0.00003081652350945885,-0.00003377736253995414,0.6481263784081941,0.6481263783974974,0.0,0.0,0.5800474894136113,0.4418733780193775,-0.6347314614096502,0.6378663198172057,1.2641417793656586
2023-01-03T14:08:59.992000,2023-01-03T14:08:30.000000,1,3950.0,3956.0,3945.0,3951.0,3950.0,180,3949.0,243,3948.0,181,3947.0,257,3946.0,479,3951.0,173,3952.0,354,3953.0,235,3954.0,518,3955.0,282,m2305,2023-01-03T14:08:59.992000,2023-01-03,1.0,11.0,0.09090909090909091,5.0,5.0,1.0,0.45454545454545453,0.45454545454545453,0.09090909090909091,2902,0.06202618883528601,0.05961405926946933,0.08373535492763612,0.12198483804272915,0.06237077877325982,0.08097863542384562,0.08855961405926947,0.17849758787043418,0.16505858028945555,0.09717436250861475,3950.509915014164,3950.221105527638,0.2888094865261337,4.0,4.0,0.00025313251487153526,1340,1562,-0.07649896623018608,2127.831840110269,1822.7801516195727,0.00025319660851803096,0.00025326073327714793,0.0002531325162232701,0.00025306845636778705,0.0002858546044030887,0.000254504108862928,1.228525920169655,1.2285259201498442,0.0,0.0,1.242778373593165,1.0602547525450225,-0.7599035641669902,0.7673751439435053,1.1235356185744418
2023-01-03T14:09:29.983000,2023-01-03T14:09:00.000000,1,3950.0,3955.0,3944.0,3948.0,3948.0,212,3947.0,303,3946.0,485,3945.0,309,3944.0,175,3949.0,146,3950.0,362,3951.0,395,3952.0,508,3953.0,234,m2305,2023-01-03T14:09:29.983000,2023-01-03,-2.0,11.0,-0.18181818181818182,5.0,4.0,-3.0,0.45454545454545453,0.36363636363636365,-0.2727272727272727,3129,0.06775327580696708,0.04666027484819431,0.09683604985618409,0.11569191434963247,0.1550015979546181,0.12623841482901885,0.0987535953978907,0.1623521891978268,0.05592841163310962,0.07478427612655801,3948.59217877095,3948.366917293233,0.22526147771668548,4.0,4.0,0.0002532607319235153,1484,1645,-0.05145413870246085,2077.250559284116,1871.5027165228507,-0.0005064573417953089,-0.0005065856238023172,-0.0005063291247412658,-0.0005062009725908441,-0.00048555804397090003,-0.00046949866561143164,0.010153106778389822,0.010153106778226095,0.0,0.0,0.0683704530158799,-0.10665662797206567,-0.48143268302021286,0.4803898578725712,1.7213631381507144
2023-01-03T14:09:59.948000,2023-01-03T14:09:30.000000,1,3948.0,3953.0,3943.0,3947.0,3947.0,277,3946.0,552,3945.0,314,3944.0,173,3943.0,300,3948.0,73,3949.0,183,3950.0,456,3951.0,389,3952.0,509,m2305,2023-01-03T14:09:59.948000,2023-01-03,-1.0,10.0,-0.1,5.0,4.0,-2.0,0.5,0.4,-0.2,3226,0.08586484810911345,0.02262864228146311,0.17110973341599503,0.05672659640421575,0.09733415995040298,0.14135151890886546,0.05362678239305642,0.12058276503409796,0.0929944203347799,0.1577805331680099,3947.7914285714287,3948.25306122449,0.46163265306131507,4.0,4.0,0.000253324889170361,1616,1610,0.0018598884066955983,1971.660880347179,1976.2718536887785,-0.0002533248905251337,-0.00025338908028651173,-0.0002532607332772212,-0.0002531966085181148,-0.00020281441279556886,-0.000028836658991042842,-0.5990332999172427,-0.5990332999075829,0.0,0.0,-0.4218880786890833,-0.18662439568270187,0.09927417616016289,-0.10198968401299405,1.9307052987156512
2023-01-03T14:10:29.803000,2023-01-03T14:10:00.000000,1,3947.0,3953.0,3943.0,3947.0,3947.0,320,3946.0,501,3945.0,328,3944.0,173,3943.0,306,3948.0,141,3949.0,212,3950.0,463,3951.0,390,3952.0,509,m2305,2023-01-03T14:10:29.803000,2023-01-03,0.0,10.0,0.0,6.0,4.0,-2.0,0.6,0.4,-0.2,3343,0.09572240502542627,0.04217768471432845,0.149865390367933,0.0634160933293449,0.09811546515106193,0.13849835477116362,0.05174992521687107,0.11666168112473826,0.09153454980556386,0.15225845049356865,3947.6941431670284,3948.1079943899017,0.4138512228732907,4.0,4.0,0.000253324889170361,1628,1715,-0.026024528866287765,2026.6718516302722,1921.2731079868383,0.0,0.0,0.0,0.0,-0.000024643298634753717,-0.00003674270555331415,-0.5871286213929285,-0.587128621383531,0.0,0.0,-0.47193290425113815,-0.2744542603774135,-0.192194444597937,0.18820387283885162,2.1401513773983534
2023-01-03T14:10:59.925000,2023-01-03T14:10:30.000000,1,3947.0,3952.0,3943.0,3947.0,3947.0,333,3946.0,553,3945.0,316,3944.0,178,3943.0,306,3948.0,188,3949.0,205,3950.0,470,3951.0,367,3952.0,508,m2305,2023-01-03T14:10:59.925000,2023-01-03,0.0,9.0,0.0,5.0,4.0,-1.0,0.5555555555555556,0.4444444444444444,-0.1111111111111111,3424,0.09725467289719626,0.054906542056074766,0.1615070093457944,0.05987149532710281,0.09228971962616822,0.13726635514018692,0.051985981308411214,0.10718457943925233,0.08936915887850468,0.1483644859813084,3947.6391554702495,3948.188654353562,0.5494988833124808,4.0,4.0,0.000253324889170361,1686,1738,-0.015186915887850467,2005.2283878504672,1942.6691004672894,0.0,0.0,0.0,0.0,-0.000013929164153060499,0.0000204298210290835,-0.5753592185617418,-0.5753592185525971,0.0,0.0,-0.49537324980568315,-0.22062761754463917,-0.0726789040663085,0.06906033311367984,2.2222442140681418
2023-01-03T14:11:29.104000,2023-01-03T14:11:00.000000,1,3948.0,3952.0,3943.0,3948.0,3947.0,307,3946.0,548,3945.0,370,3944.0,184,3943.0,316,3948.0,204,3949.0,192,3950.0,476,3951.0,367,3952.0,510,m2305,2023-01-03T14:11:29.104000,2023-01-03,0.0,9.0,0.0,4.0,5.0,1.0,0.4444444444444444,0.5555555555555556,0.1111111111111111,3474,0.08837075417386298,0.05872193436960276,0.1577432354634427,0.055267702936096716,0.10650546919976972,0.13701784686240645,0.05296488198042602,0.10564191134139321,0.09096142774899252,0.14680483592400692,3947.600782778865,3948.2216216216216,0.6208388427567115,4.0,4.0,0.000253324889170361,1725,1749,-0.0069084628670120895,1988.8707541738631,1958.9726540011516,0.0,0.0,0.0,0.0,-9.720462376127139e-6,8.349937986325558e-6,-0.5637194390454103,-0.5637194390365098,0.0,0.0,-0.5090997392733013,-0.19804008947101895,0.011495847036362986,-0.014942615469494156,2.2169244346754056
2023-01-03T14:11:59.987000,2023-01-03T14:11:30.000000,1,3948.0,3952.0,3942.0,3947.0,3947.0,32,3946.0,534,3945.0,389,3944.0,188,3943.0,314,3948.0,233,3949.0,248,3950.0,472,3951.0,364,3952.0,505,m2305,2023-01-03T14:11:59.987000,2023-01-03,-1.0,10.0,-0.1,4.0,5.0,0.0,0.4,0.5,0.0,3279,0.009759072888075633,0.0710582494663007,0.16285452881976212,0.07563281488258615,0.11863372979566941,0.1439463250991156,0.057334553217444344,0.11100945410186032,0.09576090271424215,0.15401036901494358,3947.120754716981,3948.0485933503837,0.9278386334026436,4.0,4.0,0.000253324889170361,1457,1822,-0.11131442512961269,2195.0472705093016,1752.8658127477888,0.0,0.0,0.0,0.0,-0.00012160734490645049,-0.00004382531665070328,-0.5522038505197697,-0.5522038505111059,0.0,0.0,-0.780642639658413,-0.3054067011370296,-1.0676114288743208,1.0595749541285406,1.6520495830489836
2023-01-03T14:12:29.408000,2023-01-03T14:12:00.000000,1,3948.0,3952.0,3942.0,3947.0,3947.0,93,3946.0,653,3945.0,406,3944.0,189,3943.0,314,3948.0,298,3949.0,229,3950.0,471,3951.0,366,3952.0,510,m2305,2023-01-03T14:12:29.408000,2023-01-03,-1.0,10.0,-0.1,4.0,5.0,0.0,0.4,0.5,0.0,3529,0.026353074525361293,0.08444318503825446,0.1850382544630207,0.06489090393879286,0.11504675545480306,0.13346557098328138,0.053556248228960046,0.10371209974497024,0.08897704732218759,0.14451686030036837,3947.237851662404,3948.221088435374,0.9832367729700309,4.0,4.0,0.000253324889170361,1655,1874,-0.062057240011334655,2097.722017568716,1850.0983281382828,0.0,0.0,0.0,0.0,0.000029665980802340757,0.000043690271981399584,-0.5522038505197697,-0.5522038505111059,0.0,0.0,-0.7101751620454843,-0.20446017157948165,-0.5396883418286069,0.533604456512414,2.188471214127062
2023-01-03T14:12:59.841000,2023-01-03T14:12:30.000000,1,3947.0,3952.0,3943.0,3947.0,3947.0,55,3946.0,626,3945.0,414,3944.0,187,3943.0,318,3948.0,369,3949.0,207,3950.0,478,3951.0,366,3952.0,513,m2305,2023-01-03T14:12:59.841000,2023-01-03,0.0,9.0,0.0,5.0,4.0,-1.0,0.5555555555555556,0.4444444444444444,-0.1111111111111111,3533,0.015567506368525332,0.10444381545428814,0.17718652703085197,0.05859043305972261,0.11718086611944523,0.13529578262100198,0.05292952165298613,0.10359467874327767,0.0900084913671101,0.14520237758279084,3947.129716981132,3948.2545018007204,1.1247848195885126,4.0,4.0,0.000253324889170361,1600,1933,-0.09425417492216247,2161.2785168412115,1786.5590150014152,0.0,0.0,0.0,0.0,-0.000027395400667272046,8.462855349793636e-6,-0.5672375890832245,-0.5672375890741556,0.0,0.0,-0.7793521416283571,-0.19731329853838628,-0.8558722929546717,0.8483574535346086,2.1107306808262485
2023-01-03T14:13:29.689000,2023-01-03T14:13:00.000000,1,3948.0,3952.0,3943.0,3947.0,3947.0,131,3946.0,621,3945.0,416,3944.0,184,3943.0,318,3948.0,395,3949.0,206,3950.0,480,3951.0,367,3952.0,514,m2305,2023-01-03T14:13:29.689000,2023-01-03,-1.0,9.0,-0.1111111111111111,4.0,4.0,-1.0,0.4444444444444444,0.4444444444444444,-0.1111111111111111,3632,0.036068281938325994,0.10875550660792951,0.17098017621145375,0.05671806167400881,0.1145374449339207,0.13215859030837004,0.05066079295154185,0.10104625550660792,0.08755506607929515,0.14151982378854625,3947.2490494296576,3948.2527206771465,1.00367124748891,4.0,4.0,0.000253324889170361,1670,1962,-0.08039647577092511,2133.8928964757706,1813.9352973568284,0.0,0.0,0.0,0.0,0.000030232258184219604,-4.511168099642473e-7,-0.5672375890832245,-0.5672375890741556,0.0,0.0,-0.7019532998494514,-0.20716708620124355,-0.6801427558153106,0.6733752614025014,2.237146177546951
2023-01-03T14:13:59.715000,2023-01-03T14:13:30.000000,1,3947.0,3952.0,3943.0,3947.0,3947.0,149,3946.0,638,3945.0,418,3944.0,183,3943.0,318,3948.0,366,3949.0,203,3950.0,491,3951.0,367,3952.0,515,m2305,2023-01-03T14:13:59.715000,2023-01-03,0.0,9.0,0.0,5.0,4.0,-1.0,0.5555555555555556,0.4444444444444444,-0.1111111111111111,3648,0.04084429824561404,0.10032894736842106,0.17489035087719298,0.0556469298245614,0.11458333333333333,0.13459429824561403,0.05016447368421053,0.1006030701754386,0.08717105263157894,0.14117324561403508,3947.2893203883496,3948.2758620689656,0.9865416806160283,4.0,4.0,0.000253324889170361,1706,1942,-0.06469298245614036,2102.8952850877195,1844.9251644736842,0.0,0.0,0.0,0.0,0.000010202232684303626,5.86115571597831e-6,-0.5672375890832245,-0.5672375890741556,0.0,0.0,-0.6744923010155794,-0.1997617459278341,-0.48567526892005775,0.4796592181934982,2.1676677378881615
2023-01-03T14:14:29.963000,2023-01-03T14:14:00.000000,1,3948.0,3953.0,3943.0,3948.0,3947.0,343,3946.0,543,3945.0,402,3944.0,185,3943.0,317,3948.0,89,3949.0,247,3950.0,495,3951.0,367,3952.0,525,m2305,2023-01-03T14:14:29.963000,2023-01-03,0.0,10.0,0.0,5.0,5.0,0.0,0.5,0.5,0.0,3513,0.09763734699686877,0.02533447196128665,0.15456874466268147,0.07031027611727868,0.11443210930828351,0.14090520922288644,0.05266154284087674,0.1044691147167663,0.09023626530031312,0.14944491887275832,3947.7939814814813,3948.0620253164557,0.2680438349743781,4.0,4.0,0.000253324889170361,1790,1723,0.019072018218047253,1937.6151437517792,2010.2362653003133,0.0,0.0,0.0,0.0,0.00012784186677290365,-0.00005416099351664721,-0.5556319466469944,-0.5556319466381658,0.0,0.0,-0.36228851665367956,-0.3339982813278174,0.4451136479094254,-0.44696318530355916,1.7714943894833808
2023-01-03T14:14:59.779000,2023-01-03T14:14:30.000000,1,3948.0,3953.0,3943.0,3948.0,3948.0,245,3947.0,344,3946.0,533,3945.0,404,3944.0,182,3949.0,98,3950.0,524,3951.0,367,3952.0,524,3953.0,223,m2305,2023-01-03T14:14:59.779000,2023-01-03,0.0,10.0,0.0,5.0,5.0,0.0,0.5,0.5,0.0,3444,0.07113821138211382,0.028455284552845527,0.09988385598141696,0.1521486643437863,0.15476190476190477,0.10656213704994193,0.1173054587688734,0.1521486643437863,0.052845528455284556,0.06475029036004645,3948.714285714286,3948.188940092166,0.5253456221198576,4.0,4.0,0.0002532607319235153,1708,1736,-0.008130081300813009,1991.6335656213705,1956.9785133565622,0.0002533248905250335,0.0002533890802865442,0.00025326073327714793,0.00025319660851803096,0.00023309143885650912,0.00003214557801597013,0.08336277402076324,0.08336277401935771,0.0,0.0,0.22962910638783568,-0.22155729670752805,0.18345985509395862,-0.1817744427843975,1.5524564524707787
2023-01-03T14:15:29.696000,2023-01-03T14:15:00.000000,1,3949.0,3955.0,3944.0,3951.0,3950.0,701,3949.0,173,3948.0,223,3947.0,359,3946.0,533,3951.0,221,3952.0,541,3953.0,232,3954.0,529,3955.0,332,m2305,2023-01-03T14:15:29.696000,2023-01-03,2.0,11.0,0.18181818181818182,4.0,5.0,3.0,0.36363636363636365,0.45454545454545453,0.2727272727272727,3844,0.1823621227887617,0.05749219562955255,0.04500520291363164,0.140738813735692,0.05801248699271592,0.060353798126951096,0.09339229968782518,0.13761706555671177,0.1386576482830385,0.08636836628511967,3950.7603036876358,3949.7268907563025,1.0334129313332596,4.0,4.0,0.00025313251487153526,1989,1855,0.03485952133194589,1907.6547866805408,2042.8517169614984,0.0005064573417954385,0.0005065856238024143,0.0005063291247413282,0.0005062009725908393,0.0005180136972266037,0.00038945734963877367,1.2939568399928112,1.293956839971584,0.0,0.0,1.4579745934287727,0.7946522378226065,0.7632868672659681,-0.7468524166652887,2.374410738100546
2023-01-03T14:15:59.898000,2023-01-03T14:15:30.000000,1,3951.0,3955.0,3946.0,3951.0,3950.0,660,3949.0,193,3948.0,234,3947.0,360,3946.0,534,3951.0,179,3952.0,511,3953.0,231,3954.0,529,3955.0,331,m2305,2023-01-03T14:15:59.898000,2023-01-03,0.0,9.0,0.0,4.0,5.0,1.0,0.4444444444444444,0.5555555555555556,0.1111111111111111,3762,0.17543859649122806,0.04758107389686337,0.051302498670919724,0.1358320042530569,0.06220095693779904,0.06140350877192982,0.09569377990430622,0.1406166932482722,0.1419457735247209,0.08798511430090378,3950.7866507747317,3949.822443181818,0.9642075929136809,4.0,4.0,0.00025313251487153526,1981,1781,0.0531632110579479,1871.5085061137693,2078.966772993089,0.0,0.0,0.0,0.0,6.6688427590033706e-6,0.000024191867530890596,1.2493561375784477,1.2493561375583444,0.0,0.0,1.4188352723714996,0.8328677410687155,1.0054339456474373,-0.9883336487864791,2.107034742468765
2023-01-03T14:16:29.624000,2023-01-03T14:16:00.000000,1,3951.0,3956.0,3946.0,3952.0,3951.0,175,3950.0,801,3949.0,167,3948.0,224,3947.0,361,3952.0,530,3953.0,230,3954.0,524,3955.0,354,3956.0,238,m2305,2023-01-03T14:16:29.624000,2023-01-03,1.0,10.0,0.1,4.0,5.0,2.0,0.4,0.5,0.2,3604,0.04855715871254162,0.14705882352941177,0.22225305216426194,0.06381798002219756,0.046337402885682576,0.1453940066592675,0.06215316315205328,0.09822419533851276,0.10016648168701443,0.0660377358490566,3951.248226950355,3952.3307468477205,1.082519897365728,4.0,4.0,0.00025306845501708213,1728,1876,-0.041065482796892344,2058.0588235294117,1893.4730854605993,0.0002531325162232701,0.00025319660851803096,0.00025306845636778705,0.00025300442892716915,0.00011682463651219743,0.0006348405782134504,1.797853954076239,1.7978539540471643,0.0,0.0,1.6417976055906043,2.38347177340799,-0.11319471404391437,0.1316497833212055,1.684976713190639
2023-01-03T14:16:59.838000,2023-01-03T14:16:30.000000,1,3952.0,3956.0,3947.0,3951.0,3951.0,197,3950.0,761,3949.0,166,3948.0,234,3947.0,359,3952.0,582,3953.0,298,3954.0,527,3955.0,356,3956.0,236,m2305,2023-01-03T14:16:59.838000,2023-01-03,-1.0,9.0,-0.1111111111111111,4.0,4.0,-1.0,0.4444444444444444,0.4444444444444444,-0.1111111111111111,3716,0.053013993541442414,0.1566200215285253,0.20479009687836383,0.08019375672766416,0.044671689989235736,0.14181916038751347,0.06297093649085038,0.09580193756727665,0.09660925726587728,0.06350914962325081,3951.252888318357,3952.155807365439,0.9029190470823778,4.0,4.0,0.00025306845501708213,1717,1999,-0.07588805166846072,2126.860064585576,1824.713670613563,0.0,0.0,0.0,0.0,1.179719669526741e-6,-0.00004426333857615564,1.7435077237370915,1.743507723708561,0.0,0.0,1.6098319663115552,2.1846307433297945,-0.5502907472579275,0.566456029454729,1.8718947483655497
2023-01-03T14:17:29.963000,2023-01-03T14:17:00.000000,1,3952.0,3956.0,3947.0,3952.0,3951.0,137,3950.0,805,3949.0,230,3948.0,236,3947.0,370,3952.0,613,3953.0,298,3954.0,512,3955.0,336,3956.0,246,m2305,2023-01-03T14:17:29.963000,2023-01-03,0.0,9.0,0.0,4.0,5.0,1.0,0.4444444444444444,0.5555555555555556,0.1111111111111111,3783,0.036214644462067146,0.16204070843246102,0.2127940787734602,0.07877346021675918,0.06079830822098863,0.1353423209093312,0.06238435104414486,0.08881839809674862,0.09780597409463389,0.06502775574940524,3951.1826666666666,3952.189483227561,1.0068165608945492,4.0,4.0,0.00025306845501708213,1778,2005,-0.06000528680941052,2095.446471054718,1856.046788263283,0.0,0.0,0.0,0.0,-0.000017772154218399365,8.520847934778474e-6,1.6762155498915097,1.6762155498645126,0.0,0.0,1.510363539029483,2.097238467121592,-0.3210087800751173,0.33724889586941637,1.9445263907561021
2023-01-03T14:17:59.770000,2023-01-03T14:17:30.000000,1,3951.0,3956.0,3947.0,3951.0,3951.0,161,3950.0,818,3949.0,165,3948.0,280,3947.0,373,3952.0,567,3953.0,305,3954.0,512,3955.0,334,3956.0,246,m2305,2023-01-03T14:17:59.770000,2023-01-03,0.0,9.0,0.0,5.0,4.0,-1.0,0.5555555555555556,0.4444444444444444,-0.1111111111111111,3761,0.04280776389258176,0.15075777718691838,0.2174953469821856,0.0810954533368785,0.04387131082159,0.13613400691305505,0.07444828503057697,0.08880616857218825,0.09917575113001861,0.06540813613400691,3951.221153846154,3952.1852181656277,0.9640643194738914,4.0,4.0,0.00025306845501708213,1797,1964,-0.04440308428609412,2064.6219090667378,1886.856421164584,0.0,0.0,0.0,0.0,9.7406258554607e-6,-1.0791649167481274e-6,1.6067646518550887,1.6067646518300516,0.0,0.0,1.4747255404464445,1.9900884515208452,-0.13469843350949878,0.1515062836079979,1.8214595472121322
2023-01-03T14:18:29.981000,2023-01-03T14:18:00.000000,1,3952.0,3956.0,3947.0,3951.0,3951.0,137,3950.0,789,3949.0,166,3948.0,283,3947.0,362,3952.0,497,3953.0,308,3954.0,509,3955.0,336,3956.0,244,m2305,2023-01-03T14:18:29.981000,2023-01-03,-1.0,9.0,-0.1111111111111111,4.0,4.0,-1.0,0.4444444444444444,0.4444444444444444,-0.1111111111111111,3631,0.037730652712751306,0.13687689341779125,0.21729551087854584,0.08482511704764528,0.04571743321399064,0.14018176810795924,0.07793996144312862,0.09253649132470394,0.09969705315340127,0.06719911870008262,3951.216088328076,3952.157702825889,0.9416144978131342,4.0,4.0,0.00025306845501708213,1737,1894,-0.04323877719636464,2062.3514183420543,1889.1404571743324,0.0,0.0,0.0,0.0,-1.2820141237417373e-6,-6.962081482050682e-6,1.5498259465163138,1.549825946492308,0.0,0.0,1.423199366240472,1.8872302313626022,-0.11332385611227688,0.12977838890967164,1.4728167165154906
2023-01-03T14:18:59.643000,2023-01-03T14:18:30.000000,1,3951.0,3956.0,3947.0,3951.0,3951.0,172,3950.0,789,3949.0,167,3948.0,281,3947.0,385,3952.0,480,3953.0,304,3954.0,505,3955.0,286,3956.0,254,m2305,2023-01-03T14:18:59.643000,2023-01-03,0.0,9.0,0.0,5.0,4.0,-1.0,0.5555555555555556,0.4444444444444444,-0.1111111111111111,3623,0.04747446867237096,0.13248688931824454,0.21777532431686447,0.08390836323488822,0.04609439690863925,0.13938724813690312,0.07756003312172233,0.07894010488545404,0.10626552580734198,0.07010764559757107,3951.2638036809817,3952.1655992680694,0.9017955870876904,4.0,4.0,0.00025306845501708213,1794,1829,-0.009660502346121999,1995.9690863924925,1955.4479712945072,0.0,0.0,0.0,0.0,0.000012076045382946608,1.9980058706952795e-6,1.4971339715679997,1.4971339715448333,0.0,0.0,1.401788089517106,1.8129603486561938,0.37381380684236043,-0.35581378851498313,1.4018956452502018
2023-01-03T14:19:29.818000,2023-01-03T14:19:00.000000,1,3952.0,3956.0,3947.0,3951.0,3951.0,119,3950.0,874,3949.0,189,3948.0,279,3947.0,352,3952.0,431,3953.0,313,3954.0,508,3955.0,283,3956.0,248,m2305,2023-01-03T14:19:29.818000,2023-01-03,-1.0,9.0,-0.1111111111111111,4.0,4.0,-1.0,0.4444444444444444,0.4444444444444444,-0.1111111111111111,3596,0.03309232480533927,0.11985539488320356,0.24304783092324805,0.08704115684093437,0.05255839822024472,0.14126807563959956,0.07758620689655173,0.07869855394883203,0.09788654060066741,0.06896551724137931,3951.2163636363634,3952.208930075821,0.9925664394577325,4.0,4.0,0.00025306845501708213,1813,1783,0.008342602892102336,1960.396551724138,1991.0083426028923,0.0,0.0,0.0,0.0,-0.000012006368536075272,0.000010963753701554317,1.440778144537331,1.4407781445154924,0.0,0.0,1.3240093833987672,1.7558161511712678,0.6527439865167914,-0.6339328421452243,1.2950460662576144
2023-01-03T14:19:59.725000,2023-01-03T14:19:30.000000,1,3951.0,3956.0,3947.0,3951.0,3951.0,161,3950.0,879,3949.0,176,3948.0,286,3947.0,349,3952.0,434,3953.0,293,3954.0,507,3955.0,284,3956.0,247,m2305,2023-01-03T14:19:59.725000,2023-01-03,0.0,9.0,0.0,5.0,4.0,-1.0,0.5555555555555556,0.4444444444444444,-0.1111111111111111,3616,0.04452433628318584,0.12002212389380532,0.24308628318584072,0.0810287610619469,0.048672566371681415,0.14021017699115043,0.0790929203539823,0.07853982300884955,0.09651548672566372,0.06830752212389381,3951.2705882352943,3952.25,0.9794117647056737,4.0,4.0,0.00025306845501708213,1851,1765,0.023783185840707963,1929.8747234513273,2021.5199115044247,0.0,0.0,0.0,0.0,0.000013723426375095363,0.000010391583925688002,1.3879951693138646,1.3879951692931825,0.0,0.0,1.3078039090259572,1.7019061198878873,0.8566959288517927,-0.8378712160128828,1.2965136229364944
2023-01-03T14:20:29.750000,2023-01-03T14:20:00.000000,1,3952.0,3956.0,3946.0,3950.0,3950.0,707,3949.0,167,3948.0,286,3947.0,339,3946.0,502,3951.0,376,3952.0,490,3953.0,293,3954.0,506,3955.0,291,m2305,2023-01-03T14:20:29.750000,2023-01-03,-2.0,10.0,-0.2,4.0,4.0,-2.0,0.4,0.4,-0.2,3957,0.17867071013393984,0.09502148091988881,0.04220368966388678,0.12383118524134445,0.0722769775082133,0.0740459944402325,0.08567096285064443,0.1278746525145312,0.12686378569623452,0.07354056103108415,3950.652816251154,3949.7625570776254,0.8902591735286478,4.0,4.0,0.00025313251487153526,2001,1956,0.011372251705837756,1953.9838261309071,1996.5089714430123,-0.0002531325162231551,-0.0002531966085181148,-0.00025306845636768253,-0.00025300442892703775,-0.00015635990221022283,-0.0006295720201829055,0.7824269623012415,0.782426962289205,0.0,0.0,0.9151716259619901,0.24879378840929278,0.6817990541749644,-0.6707877599610205,1.9347470425597855
2023-01-03T14:20:59.826000,2023-01-03T14:20:30.000000,1,3950.0,3955.0,3945.0,3950.0,3949.0,197,3948.0,286,3947.0,339,3946.0,502,3945.0,317,3950.0,142,3951.0,487,3952.0,482,3953.0,278,3954.0,505,m2305,2023-01-03T14:20:59.826000,2023-01-03,0.0,10.0,0.0,5.0,5.0,0.0,0.5,0.5,0.0,3535,0.055728429985855726,0.04016973125884017,0.0809052333804809,0.13776520509193776,0.0958981612446959,0.13635077793493636,0.14200848656294202,0.07864214992927865,0.08967468175388968,0.14285714285714285,3949.581120943953,3949.109961190168,0.471159753784832,4.0,4.0,0.000253196607165464,1641,1894,-0.07157001414427157,2117.5685997171145,1832.1275813295615,-0.0002531966085181148,-0.0002532607332772212,-0.0002531325162231551,-0.00025306845636768253,-0.0002713072352779351,-0.00016523773169717208,0.17746735347790488,0.17746735347512677,0.0,0.0,0.25764059652442833,-0.15012973146019964,-0.5238912500799959,0.5244594181428937,1.0246185383746333
2023-01-03T14:21:29.942000,2023-01-03T14:21:00.000000,1,3950.0,3954.0,3945.0,3949.0,3949.0,77,3948.0,275,3947.0,315,3946.0,501,3945.0,325,3950.0,222,3951.0,482,3952.0,484,3953.0,293,3954.0,508,m2305,2023-01-03T14:21:29.942000,2023-01-03,-1.0,9.0,-0.1111111111111111,4.0,4.0,-1.0,0.4444444444444444,0.4444444444444444,-0.1111111111111111,3482,0.02211372774267662,0.06375646180356118,0.07897759908098793,0.13842619184376795,0.09046524985640436,0.13900057438253877,0.14388282596209076,0.08414704192992534,0.09333716255025848,0.14589316484778864,3949.257525083612,3949.0898282694848,0.16769681412733917,4.0,4.0,0.000253196607165464,1493,1989,-0.1424468696151637,2257.5850086157384,1692.1737507179782,0.0,0.0,0.0,0.0,-0.00008193504767561906,-5.098103674253963e-6,0.15910718896551326,0.15910718896297601,0.0,0.0,0.045911251068056776,-0.1767402817634583,-1.4949394160333425,1.4917632731439252,0.8846391295581323
2023-01-03T14:21:59.973000,2023-01-03T14:21:30.000000,1,3949.0,3954.0,3944.0,3948.0,3948.0,143,3947.0,369,3946.0,503,3945.0,330,3944.0,174,3949.0,174,3950.0,170,3951.0,454,3952.0,431,3953.0,229,m2305,2023-01-03T14:21:59.973000,2023-01-03,-1.0,10.0,-0.1,5.0,4.0,-2.0,0.5,0.4,-0.2,2977,0.048034934497816595,0.058448102116224386,0.12395028552233793,0.05710446758481693,0.16896204232448775,0.1525025193147464,0.11084984884111522,0.1447766207591535,0.058448102116224386,0.07692307692307693,3948.4511041009464,3949.053803339518,0.6026992385714038,4.0,4.0,0.0002532607319235153,1519,1458,0.020490426603963722,1935.145784346658,2013.4198857910649,-0.0002532607332772212,-0.0002533248905251337,-0.0002531966085181148,-0.0002531325162231551,-0.0002042164438652854,-9.122379041882696e-6,-0.43754476965468664,-0.4375447696477092,0.0,0.0,-0.4431651878647185,-0.21178682112835776,0.7802878625080752,-0.7826996628452025,-0.18445709062637777
2023-01-03T14:22:29.950000,2023-01-03T14:22:00.000000,1,3948.0,3953.0,3944.0,3948.0,3948.0,10,3947.0,326,3946.0,493,3945.0,335,3944.0,174,3949.0,210,3950.0,177,3951.0,442,3952.0,433,3953.0,233,m2305,2023-01-03T14:22:29.950000,2023-01-03,0.0,9.0,0.0,5.0,4.0,-1.0,0.5555555555555556,0.4444444444444444,-0.1111111111111111,2833,0.0035298270384751147,0.0741263678079774,0.11507236145428874,0.06247793858100953,0.17402047299682316,0.15601835510060008,0.11824920578891635,0.15284151076597247,0.06141899046946699,0.08224496999647017,3948.0454545454545,3948.944333996024,0.8988794505694386,4.0,4.0,0.0002532607319235153,1338,1495,-0.0554182845040593,2085.0854218143313,1863.5407695022946,0.0,0.0,0.0,0.0,-0.00010274165329804635,-0.000027720782303852543,-0.45087968875973883,-0.4508796887524342,0.0,0.0,-0.6988035114062876,-0.2888306465165181,-0.28919548945916096,0.2826380796344293,-0.497728612225512
2023-01-03T14:22:59.845000,2023-01-03T14:22:30.000000,1,3948.0,3953.0,3943.0,3948.0,3947.0,302,3946.0,524,3945.0,336,3944.0,174,3943.0,308,3948.0,150,3949.0,190,3950.0,164,3951.0,445,3952.0,430,m2305,2023-01-03T14:22:59.845000,2023-01-03,0.0,10.0,0.0,5.0,5.0,0.0,0.5,0.5,0.0,3023,0.09990076083360899,0.04961958319550116,0.1733377439629507,0.0628514720476348,0.11114786635792259,0.05425074429374793,0.05755871650678134,0.14720476347998676,0.10188554416142905,0.14224280516043666,3947.66814159292,3948.201680672269,0.5335390793488841,4.0,4.0,0.000253324889170361,1644,1379,0.08766126364538537,1802.138604035726,2145.523652001323,-0.0002533248905251337,-0.00025338908028651173,-0.0002532607332772212,-0.0002531966085181148,-0.00009557412340940779,-0.00018808144728862074,-1.0770764986902537,-1.0770764986722927,0.0,0.0,-0.9636325184538392,-0.7676011308075911,1.6565875060325106,-1.6611984149922965,-0.10131413216379109
2023-01-03T14:23:29.802000,2023-01-03T14:23:00.000000,1,3948.0,3953.0,3942.0,3948.0,3948.0,11,3947.0,157,3946.0,607,3945.0,454,3944.0,179,3949.0,169,3950.0,193,3951.0,387,3952.0,428,3953.0,227,m2305,2023-01-03T14:23:29.802000,2023-01-03,0.0,11.0,0.0,5.0,6.0,1.0,0.45454545454545453,0.5454545454545454,0.09090909090909091,2812,0.0039118065433854906,0.060099573257467995,0.0558321479374111,0.06863442389758179,0.2158605974395448,0.137624466571835,0.16145092460881935,0.15220483641536273,0.06365576102418208,0.08072546230440968,3948.061111111111,3948.345714285714,0.28460317460303486,4.0,4.0,0.0002532607319235153,1408,1404,0.001422475106685633,1972.8147226173542,1975.5814366998577,0.0002533248905250335,0.0002533890802865442,0.00025326073327714793,0.00025319660851803096,0.00009953976534357176,0.00003648014917334063,-0.4674105560354664,-0.467410556027672,0.0,0.0,-0.7122390260425147,-0.6826371007347095,0.44724737724933433,-0.4521330646147889,-0.5603703592824818
2023-01-03T14:23:59.926000,2023-01-03T14:23:30.000000,1,3948.0,3953.0,3944.0,3948.0,3948.0,111,3947.0,201,3946.0,598,3945.0,451,3944.0,176,3949.0,96,3950.0,231,3951.0,398,3952.0,432,3953.0,230,m2305,2023-01-03T14:23:59.926000,2023-01-03,0.0,9.0,0.0,5.0,4.0,-1.0,0.5555555555555556,0.4444444444444444,-0.1111111111111111,2924,0.03796169630642955,0.03283173734610123,0.06874145006839945,0.07900136798905609,0.20451436388508892,0.13611491108071136,0.1542407660738714,0.14774281805745554,0.060191518467852256,0.0786593707250342,3948.536231884058,3948.3958333333335,0.14039855072451246,4.0,4.0,0.0002532607319235153,1537,1387,0.05129958960328317,1874.3180574555404,2074.08413132695,0.0,0.0,0.0,0.0,0.00012033557059655294,0.000012693602118643472,-0.4674105560354664,-0.467410556027672,0.0,0.0,-0.41741268309919477,-0.6560543451870254,1.1014862654191544,-1.1030639864839074,-0.3395618808149416
2023-01-03T14:24:29.967000,2023-01-03T14:24:00.000000,1,3948.0,3953.0,3942.0,3947.0,3946.0,567,3945.0,485,3944.0,167,3943.0,309,3942.0,308,3947.0,99,3948.0,594,3949.0,454,3950.0,216,3951.0,405,m2305,2023-01-03T14:24:29.967000,2023-01-03,-1.0,11.0,-0.09090909090909091,5.0,5.0,-1.0,0.45454545454545453,0.45454545454545453,-0.09090909090909091,3604,0.15732519422863486,0.02746947835738069,0.13457269700332963,0.16481687014428412,0.046337402885682576,0.12597114317425084,0.08573806881243064,0.05993340732519423,0.08546059933407325,0.11237513873473919,3946.8513513513512,3946.348470806302,0.5028805450492655,4.0,4.0,0.0002533890789306981,1836,1768,0.018867924528301886,1937.3102108768035,2009.4001109877913,-0.0005067139708115235,-0.000506842382872494,-0.0005065856238023172,-0.0005064573417953089,-0.0004268012280640733,-0.0005186646949046913,-1.6308486868950909,-1.6308486868690883,0.0,0.0,-1.4270953669173383,-1.8599558649902093,0.6255073002887113,-0.6407835018702696,1.0901307657445638
2023-01-03T14:24:59.952000,2023-01-03T14:24:30.000000,1,3947.0,3952.0,3942.0,3947.0,3946.0,562,3945.0,523,3944.0,166,3943.0,309,3942.0,308,3947.0,100,3948.0,919,3949.0,507,3950.0,212,3951.0,404,m2305,2023-01-03T14:24:59.952000,2023-01-03,0.0,10.0,0.0,5.0,5.0,0.0,0.5,0.5,0.0,4010,0.1401496259351621,0.02493765586034913,0.13042394014962594,0.22917705735660848,0.04139650872817955,0.1264339152119701,0.0770573566084788,0.05286783042394015,0.07680798004987531,0.10074812967581047,3946.8489425981875,3946.088072122053,0.7608704761346416,4.0,4.0,0.0002533890789306981,1868,2142,-0.06832917705735661,2109.3912718204488,1837.4349127182045,0.0,0.0,0.0,0.0,-6.102975978388822e-7,-0.00006598689338264877,-1.5785900888228124,-1.5785900887986857,0.0,0.0,-1.3964277961338967,-1.9431609156779426,-0.5923982951777889,0.5717662670538495,1.8718296161684382
2023-01-03T14:25:29.984000,2023-01-03T14:25:00.000000,1,3947.0,3953.0,3942.0,3949.0,3948.0,45,3947.0,200,3946.0,580,3945.0,467,3944.0,168,3949.0,142,3950.0,268,3951.0,401,3952.0,416,3953.0,232,m2305,2023-01-03T14:25:29.984000,2023-01-03,2.0,11.0,0.18181818181818182,4.0,5.0,3.0,0.36363636363636365,0.45454545454545453,0.2727272727272727,2919,0.015416238437821172,0.048646796848235696,0.0685166152792052,0.09181226447413497,0.1986981843096951,0.13737581363480644,0.15998629667694417,0.14251455978074684,0.05755395683453238,0.07947927372387804,3948.2406417112297,3948.2820512820513,0.04140957082154273,4.0,4.0,0.0002532607319235153,1460,1459,0.00034258307639602604,1974.9355943816377,1973.5001712915382,0.0005067139708114992,0.0005068423828726033,0.0005065856238024143,0.0005064573417954385,0.00035254802687040987,0.0005558338872355931,-0.4219730311948344,-0.42197303118828794,0.0,0.0,-0.5658192642870895,-0.6627757742613691,0.3725242091646196,-0.3770347184139579,-0.43726461258774374
2023-01-03T14:25:59.396000,2023-01-03T14:25:30.000000,1,3948.0,3954.0,3944.0,3949.0,3948.0,136,3947.0,220,3946.0,1022,3945.0,461,3944.0,163,3949.0,137,3950.0,233,3951.0,410,3952.0,417,3953.0,218,m2305,2023-01-03T14:25:59.396000,2023-01-03,1.0,10.0,0.1,5.0,4.0,0.0,0.5,0.4,0.0,3417,0.03980099502487562,0.04009364940005853,0.06438396254023998,0.06818846941761779,0.29909277143693297,0.11998829382499268,0.13491366695932105,0.12203687445127305,0.04770266315481417,0.06379865378987416,3948.4981684981685,3948.456953642384,0.04121485578434658,4.0,4.0,0.0002532607319235153,2002,1415,0.1717881182323676,1636.233830845771,2311.8516242317824,0.0,0.0,0.0,0.0,0.00006522357981432083,0.000044297363823734316,-0.4219730311948344,-0.42197303118828794,0.0,0.0,-0.4118286168436846,-0.5678066866413711,2.563932055779084,-2.559475972108321,0.5939652789707002
2023-01-03T14:26:29.989000,2023-01-03T14:26:00.000000,1,3949.0,3953.0,3941.0,3945.0,3945.0,51,3944.0,209,3943.0,318,3942.0,310,3941.0,215,3946.0,296,3947.0,254,3948.0,131,3949.0,174,3950.0,230,m2305,2023-01-03T14:26:29.989000,2023-01-03,-4.0,12.0,-0.3333333333333333,4.0,4.0,-4.0,0.3333333333333333,0.3333333333333333,-0.3333333333333333,2188,0.02330895795246801,0.13528336380255943,0.09552102376599635,0.11608775137111517,0.1453382084095064,0.05987202925045704,0.1416819012797075,0.07952468007312614,0.09826325411334552,0.10511882998171847,3945.1469740634006,3945.354211663067,0.20723759966631405,4.0,4.0,0.0002534533012292485,1103,1085,0.008226691042047532,1957.6636197440585,1987.5228519195616,-0.0007601672733976061,-0.0007603599403211303,-0.0007599747040887804,-0.0007597822323204889,-0.00084908672117396,-0.0007861201830470372,-2.1386138633433593,-2.138613863311414,0.0,0.0,-2.3650821340480643,-2.3155981618549024,0.4121429908290818,-0.43811690988154556,-1.9538366014394073
2023-01-03T14:26:59.924000,2023-01-03T14:26:30.000000,1,3945.0,3952.0,3940.0,3947.0,3947.0,128,3946.0,193,3945.0,212,3944.0,212,3943.0,319,3948.0,97,3949.0,212,3950.0,208,3951.0,370,3952.0,421,m2305,2023-01-03T14:26:59.924000,2023-01-03,2.0,12.0,0.16666666666666666,5.0,5.0,2.0,0.4166666666666667,0.4166666666666667,0.16666666666666666,2372,0.05396290050590219,0.040893760539629,0.08136593591905565,0.0893760539629005,0.0893760539629005,0.08768971332209106,0.0893760539629005,0.15598650927487354,0.13448566610455312,0.17748735244519392,3947.568888888889,3947.4296296296297,0.13925925925923366,4.0,4.0,0.000253324889170361,1064,1308,-0.10286677908937605,2178.501686340641,1769.4262225969646,0.0005068423828726033,0.0005069708600345263,0.0005067139708114992,0.0005065856238024143,0.0006137088788086821,0.0005259026615017037,-1.0048851353687267,-1.004885135353318,0.0,0.0,-0.9519715683694083,-1.135622427655858,-1.0403385890771324,1.0261884732543234,-1.5431006666772717
2023-01-03T14:27:29.807000,2023-01-03T14:27:00.000000,1,3947.0,3952.0,3942.0,3947.0,3946.0,159,3945.0,235,3944.0,213,3943.0,316,3942.0,323,3947.0,202,3948.0,218,3949.0,250,3950.0,209,3951.0,358,m2305,2023-01-03T14:27:29.807000,2023-01-03,0.0,10.0,0.0,5.0,5.0,0.0,0.5,0.5,0.0,2483,0.06403544099879178,0.08135320177204994,0.09464357631896898,0.0877970197341925,0.08578332662102296,0.10068465565847765,0.12726540475231574,0.08417237213048731,0.1300845751107531,0.14418042690294,3946.4404432132965,3946.5562913907283,0.11584817743187159,4.0,4.0,0.0002533890789306981,1246,1237,0.003624647603705195,1967.4651631091422,1978.983084977849,-0.00025338908028651173,-0.00025345330258601473,-0.0002533248905251337,-0.0002532607332772212,-0.0002858992524089775,-0.00022126673424616527,-1.5902551171369066,-1.590255117112522,0.0,0.0,-1.6127086685274254,-1.6241980136768626,0.4302619915407911,-0.44877571493340807,-1.302664825440608
2023-01-03T14:27:59.969000,2023-01-03T14:27:30.000000,1,3947.0,3951.0,3942.0,3947.0,3946.0,158,3945.0,421,3944.0,211,3943.0,313,3942.0,324,3947.0,295,3948.0,217,3949.0,260,3950.0,221,3951.0,360,m2305,2023-01-03T14:27:59.969000,2023-01-03,0.0,9.0,0.0,4.0,5.0,1.0,0.4444444444444444,0.5555555555555556,0.1111111111111111,2780,0.05683453237410072,0.10611510791366907,0.15143884892086332,0.07805755395683453,0.07589928057553957,0.09352517985611511,0.11258992805755395,0.07949640287769784,0.11654676258992806,0.12949640287769784,3946.3487858719645,3946.979623824451,0.6308379524866723,4.0,4.0,0.0002533890789306981,1427,1353,0.026618705035971222,1921.9895683453237,2024.4115107913672,0.0,0.0,0.0,0.0,-0.000023225589503513514,0.0001072605328400261,-1.5902551171369066,-1.590255117112522,0.0,0.0,-1.673137925163804,-1.3792829311159476,0.7540409980159112,-0.7716548955638092,-0.7070264784606045
2023-01-03T14:28:29.007000,2023-01-03T14:28:00.000000,1,3946.0,3952.0,3942.0,3948.0,3947.0,211,3946.0,204,3945.0,547,3944.0,255,3943.0,308,3948.0,226,3949.0,260,3950.0,221,3951.0,379,3952.0,418,m2305,2023-01-03T14:28:29.007000,2023-01-03,2.0,10.0,0.2,4.0,4.0,2.0,0.4,0.4,0.2,3029,0.06965995378012545,0.07461208319577418,0.06734896005282272,0.08583690987124463,0.180587652690657,0.07296137339055794,0.0841862000660284,0.1251238032353912,0.10168372400132057,0.13799933971607792,3947.4828375286043,3947.3189655172414,0.16387201136285512,4.0,4.0,0.000253324889170361,1525,1504,0.006932981181908221,1961.473423572136,1986.0944206008583,0.0002533890802865442,0.0002534533025860924,0.0002533248905250335,0.00025326073327714793,0.00028732603342593045,0.0000859713346686171,-1.0280125186184772,-1.0280125186022795,0.0,0.0,-1.0149106496747495,-1.1885707239297645,0.5550700081321601,-0.5665308352503498,-0.19999452673352522
2023-01-03T14:28:59.961000,2023-01-03T14:28:30.000000,1,3948.0,3953.0,3943.0,3947.0,3948.0,108,3947.0,292,3946.0,397,3945.0,411,3944.0,255,3949.0,247,3950.0,235,3951.0,355,3952.0,419,3953.0,220,m2305,2023-01-03T14:28:59.961000,2023-01-03,-1.0,10.0,-0.1,5.0,4.0,-2.0,0.5,0.4,-0.2,2939,0.03674719292276284,0.08404219122150391,0.09935352160598843,0.07995916978564137,0.13507995916978563,0.12078938414426675,0.13984348417829193,0.14256549846886696,0.08676420551207893,0.0748553929908132,3948.3042253521126,3948.662239089184,0.3580137370713601,4.0,4.0,0.0002532607319235153,1463,1476,-0.004423273222184417,1984.282408982647,1964.1323579448792,0.0002533248905250335,0.0002533890802865442,0.00025326073327714793,0.00025319660851803096,0.00020805723860845617,0.00034024234609806984,-0.42447462229441524,-0.42447462228774946,0.0,0.0,-0.5097674179044008,-0.4078660452614449,0.3937688893121302,-0.3993145801169667,-0.39588806376421876
2023-01-03T14:29:29.992000,2023-01-03T14:29:00.000000,1,3947.0,3954.0,3943.0,3950.0,3949.0,132,3948.0,185,3947.0,469,3946.0,273,3945.0,423,3950.0,234,3951.0,351,3952.0,422,3953.0,223,3954.0,180,m2305,2023-01-03T14:29:29.992000,2023-01-03,3.0,11.0,0.2727272727272727,4.0,4.0,3.0,0.36363636363636365,0.36363636363636365,0.2727272727272727,2892,0.04564315352697095,0.08091286307053942,0.06396957123098201,0.12136929460580913,0.16217150760719226,0.1459197786998617,0.09439834024896265,0.07710926694329184,0.1462655601659751,0.06224066390041494,3949.3606557377047,3949.035447761194,0.3252079765106828,4.0,4.0,0.000253196607165464,1482,1410,0.024896265560165973,1926.7233748271094,2022.4011065006914,0.00025326073327714793,0.0002533248905250335,0.00025319660851803096,0.0002531325162232701,0.00026752980983603473,0.00009451075163568893,0.19052709946121651,0.19052709945813334,0.0,0.0,0.14537037389876517,-0.16949148722852353,0.8104462493765222,-0.8089061364900624,-0.5191543979259791
2023-01-03T14:29:59.959000,2023-01-03T14:29:30.000000,1,3950.0,3954.0,3944.0,3949.0,3948.0,237,3947.0,515,3946.0,275,3945.0,432,3944.0,225,3949.0,22,3950.0,283,3951.0,357,3952.0,428,3953.0,332,m2305,2023-01-03T14:29:59.959000,2023-01-03,-1.0,10.0,-0.1,4.0,5.0,0.0,0.4,0.5,0.0,3106,0.07630392788151964,0.0070830650354153256,0.16580811332904058,0.09111397295556986,0.08853831294269157,0.11493882807469415,0.1390856406954282,0.13779781068898905,0.0724404378622022,0.10688989053444946,3948.915057915058,3948.936090225564,0.021032310506143403,4.0,4.0,0.0002532607319235153,1684,1422,0.08435286542176433,1809.107211848036,2139.4626529298134,-0.0002532607332772212,-0.0002533248905251337,-0.0002531966085181148,-0.0002531325162231551,-0.00011283420312853646,-0.000025160266824799065,-0.38709846446928725,-0.38709846446283613,0.0,0.0,-0.09755653599144153,-0.20189383410864745,1.654231817359671,-1.6527465323389081,-0.09288259740735091
2023-01-03T14:30:29.957000,2023-01-03T14:30:00.000000,1,3949.0,3956.0,3944.0,3951.0,3950.0,170,3949.0,157,3948.0,345,3947.0,271,3946.0,264,3951.0,123,3952.0,442,3953.0,337,3954.0,189,3955.0,294,m2305,2023-01-03T14:30:29.957000,2023-01-03,2.0,12.0,0.16666666666666666,5.0,5.0,2.0,0.4166666666666667,0.4166666666666667,0.16666666666666666,2592,0.06558641975308642,0.047453703703703706,0.060570987654320986,0.1705246913580247,0.13310185185185186,0.13001543209876543,0.10455246913580248,0.07291666666666667,0.10185185185185185,0.11342592592592593,3950.580204778157,3949.7863105175293,0.7938942606278943,4.0,4.0,0.00025313251487153526,1207,1385,-0.06867283950617284,2112.266203703704,1838.3233024691358,0.0005064573417954385,0.0005065856238024143,0.0005063291247413282,0.0005062009725908393,0.00042158310939845135,0.00021528045982947548,0.8353177391181698,0.8353177391042488,0.0,0.0,0.9458256833371768,0.31296407684923194,-0.550247547873164,0.5578394593595074,-1.1927956639756216
2023-01-03T14:30:59.697000,2023-01-03T14:30:30.000000,1,3951.0,3955.0,3945.0,3950.0,3949.0,145,3948.0,517,3947.0,258,3946.0,223,3945.0,465,3950.0,41,3951.0,198,3952.0,449,3953.0,341,3954.0,189,m2305,2023-01-03T14:30:59.697000,2023-01-03,-1.0,10.0,-0.1,4.0,5.0,0.0,0.4,0.5,0.0,2826,0.05130927105449398,0.014508138711960368,0.18294409058740269,0.07006369426751592,0.09129511677282377,0.1588818117480538,0.0789101203113942,0.12066525123849965,0.16454352441613587,0.06687898089171974,3949.7795698924733,3950.1692307692306,0.3896608767572616,4.0,4.0,0.000253196607165464,1608,1218,0.13800424628450106,1703.4589525831566,2245.7289455060154,-0.0002531966085181148,-0.0002532607332772212,-0.0002531325162231551,-0.00025306845636768253,-0.00020268314640345625,0.00009694238151088214,0.2356054026738319,0.23560540266986438,0.0,0.0,0.4572332507569423,0.5487355458360562,2.2943516637413635,-2.286153851396491,-0.7119125237094879
2023-01-03T14:31:29.984000,2023-01-03T14:31:00.000000,1,3950.0,3955.0,3945.0,3950.0,3949.0,146,3948.0,493,3947.0,256,3946.0,203,3945.0,466,3950.0,107,3951.0,209,3952.0,450,3953.0,336,3954.0,185,m2305,2023-01-03T14:31:29.984000,2023-01-03,0.0,10.0,0.0,5.0,5.0,0.0,0.5,0.5,0.0,2851,0.051210101718695195,0.03753069098561908,0.1729217818309365,0.07330761136443353,0.08979305506839705,0.1578393546124167,0.07120308663626798,0.11785338477727113,0.1634514205541915,0.06488951245177131,3949.577075098814,3950.1068376068374,0.5297625080233956,4.0,4.0,0.000253196607165464,1564,1287,0.0971588916169765,1784.1132935811997,2165.120308663627,0.0,0.0,0.0,0.0,-0.00005126867992013297,-0.000015795185346513054,0.24726482891829893,0.24726482891409077,0.0,0.0,0.34870177235928607,0.51675570532531,1.6927948350901874,-1.6861612311848815,-0.6800282272579289
2023-01-03T14:31:59.933000,2023-01-03T14:31:30.000000,1,3949.0,3954.0,3944.0,3949.0,3948.0,451,3947.0,254,3946.0,196,3945.0,468,3944.0,221,3949.0,19,3950.0,164,3951.0,217,3952.0,453,3953.0,338,m2305,2023-01-03T14:31:59.933000,2023-01-03,0.0,10.0,0.0,5.0,5.0,0.0,0.5,0.5,0.0,2781,0.16217188061848256,0.0068320747932398415,0.09133405249910104,0.058971592952175474,0.07047824523552679,0.07802948579647609,0.16828478964401294,0.162891046386192,0.07946781733189501,0.12153901474289824,3948.959574468085,3948.822966507177,0.13660796090789518,4.0,4.0,0.0002532607319235153,1590,1191,0.14347357065803668,1692.4012944983817,2256.1618122977347,-0.0002532607332772212,-0.0002533248905251337,-0.0002531966085181148,-0.0002531325162231551,-0.00015635823681870004,-0.0003250746981692213,-0.37089724337730784,-0.37089724337099556,0.0,0.0,-0.0492111686528002,-0.2617295266912905,2.2940542860385675,-2.290132521268882,-0.9055961976637104
2023-01-03T14:32:29.996000,2023-01-03T14:32:00.000000,1,3949.0,3954.0,3944.0,3949.0,3949.0,152,3948.0,459,3947.0,258,3946.0,196,3945.0,480,3950.0,144,3951.0,216,3952.0,447,3953.0,339,3954.0,186,m2305,2023-01-03T14:32:29.996000,2023-01-03,0.0,10.0,0.0,5.0,5.0,0.0,0.5,0.5,0.0,2877,0.052832811956899546,0.05005213764337852,0.15954118873826903,0.07507820646506778,0.08967674661105318,0.1553701772679875,0.0681265206812652,0.11783107403545359,0.16684045881126172,0.06465067778936393,3949.5135135135133,3950.04,0.5264864864866468,4.0,4.0,0.000253196607165464,1545,1332,0.0740354535974974,1829.7778936392074,2119.4723670490093,0.00025326073327714793,0.0002533248905250335,0.00025319660851803096,0.0002531325162232701,0.00014026484363911866,0.00030815409954919364,0.24726482891829893,0.24726482891409077,0.0,0.0,0.30293607256214083,0.4685350606417737,1.3226406198352798,-1.3176253658989998,-0.7068677891255067
2023-01-03T14:32:59.770000,2023-01-03T14:32:30.000000,1,3949.0,3954.0,3945.0,3949.0,3949.0,173,3948.0,465,3947.0,257,3946.0,198,3945.0,479,3950.0,163,3951.0,219,3952.0,448,3953.0,339,3954.0,186,m2305,2023-01-03T14:32:59.770000,2023-01-03,0.0,9.0,0.0,5.0,4.0,-1.0,0.5555555555555556,0.4444444444444444,-0.1111111111111111,2927,0.05910488554834301,0.05568841817560642,0.15886573283225144,0.07482063546293133,0.08780321147933037,0.15305773829859926,0.06764605398018449,0.1158182439357704,0.16364878715408268,0.06354629313290058,3949.5148809523807,3950.0394736842104,0.5245927318296708,4.0,4.0,0.000253196607165464,1572,1355,0.07413734198838401,1829.5613255893404,2119.6921762897164,0.0,0.0,0.0,0.0,3.4622963719711574e-7,-1.3324316327564655e-7,0.27292539345673394,0.272925393451922,0.0,0.0,0.3273224740254463,0.4905398398324709,1.286953519580084,-1.2823357883424884,-0.6147128326449007
2023-01-03T14:33:29.946000,2023-01-03T14:33:00.000000,1,3950.0,3954.0,3944.0,3949.0,3949.0,96,3948.0,566,3947.0,262,3946.0,198,3945.0,478,3950.0,206,3951.0,224,3952.0,450,3953.0,338,3954.0,186,m2305,2023-01-03T14:33:29.946000,2023-01-03,-1.0,10.0,-0.1,4.0,5.0,0.0,0.4,0.5,0.0,3004,0.03195739014647137,0.06857523302263649,0.18841544607190414,0.07456724367509987,0.08721704394141146,0.14980026631158455,0.0659121171770972,0.11251664447403462,0.15912117177097204,0.061917443408788284,3949.317880794702,3950.1493670886075,0.8314862939055274,4.0,4.0,0.000253196607165464,1600,1404,0.06524633821571238,1847.0978695073236,2102.131824234354,0.0,0.0,0.0,0.0,-0.00004988082762649771,0.000027820450021827933,0.29982374398353656,0.2998237439780473,0.0,0.0,0.22326773913779055,0.578836789959929,1.1459133707382092,-1.1421969452003626,-0.45772054869292533
2023-01-03T14:33:59.686000,2023-01-03T14:33:30.000000,1,3950.0,3954.0,3945.0,3950.0,3949.0,180,3948.0,560,3947.0,260,3946.0,201,3945.0,479,3950.0,182,3951.0,181,3952.0,460,3953.0,328,3954.0,185,m2305,2023-01-03T14:33:59.686000,2023-01-03,0.0,9.0,0.0,4.0,5.0,1.0,0.4444444444444444,0.5555555555555556,0.1111111111111111,3016,0.05968169761273209,0.0603448275862069,0.1856763925729443,0.06001326259946949,0.08620689655172414,0.15251989389920426,0.0666445623342175,0.10875331564986737,0.15881962864721486,0.0613395225464191,3949.497237569061,3950.267206477733,0.7699689086721264,4.0,4.0,0.000253196607165464,1680,1336,0.11405835543766578,1750.6714190981434,2198.514920424403,0.0,0.0,0.0,0.0,0.000045413589684569594,0.00002983118371979637,0.3126719075904135,0.3126719075846159,0.0,0.0,0.3570251763149429,0.655379320019572,1.741711462498986,-1.7370521664713876,-0.446043771535238
2023-01-03T14:34:29.705000,2023-01-03T14:34:00.000000,1,3950.0,3954.0,3944.0,3949.0,3948.0,500,3947.0,280,3946.0,205,3945.0,484,3944.0,223,3949.0,119,3950.0,394,3951.0,187,3952.0,457,3953.0,327,m2305,2023-01-03T14:34:29.705000,2023-01-03,-1.0,10.0,-0.1,4.0,5.0,0.0,0.4,0.5,0.0,3176,0.1574307304785894,0.03746851385390428,0.08816120906801007,0.12405541561712846,0.06454659949622166,0.05887909319899244,0.15239294710327456,0.14389168765743074,0.07021410579345089,0.10295969773299748,3948.8077544426496,3948.246290801187,0.5614636414625238,4.0,4.0,0.0002532607319235153,1692,1484,0.0654911838790932,1846.27298488665,2102.3243073047856,-0.0002532607332772212,-0.0002533248905251337,-0.0002531966085181148,-0.0002531325162231551,-0.0001745901503828845,-0.0005117205209161445,-0.3149135797788338,-0.3149135797729228,0.0,0.0,-0.08658278607372293,-0.5770313183663156,1.0527227504516488,-1.05370646890773,-0.06832667066244136
2023-01-03T14:34:59.772000,2023-01-03T14:34:30.000000,1,3949.0,3953.0,3943.0,3948.0,3948.0,45,3947.0,285,3946.0,265,3945.0,488,3944.0,220,3949.0,176,3950.0,371,3951.0,180,3952.0,461,3953.0,324,m2305,2023-01-03T14:34:59.772000,2023-01-03,-1.0,10.0,-0.1,4.0,5.0,0.0,0.4,0.5,0.0,2815,0.015985790408525755,0.0625222024866785,0.10124333925399645,0.13179396092362344,0.0941385435168739,0.06394316163410302,0.1733570159857904,0.16376554174067495,0.07815275310834814,0.11509769094138543,3948.2036199095023,3948.3033536585367,0.09973374903438526,4.0,4.0,0.0002532607319235153,1303,1512,-0.07424511545293074,2122.3083481349913,1826.3179396092364,0.0,0.0,0.0,0.0,-0.00015300333396711256,0.000014452605231418114,-0.2954718530705559,-0.29547185306493506,0.0,0.0,-0.4695369826641515,-0.5201564227338535,-0.9041132749705556,0.8997872292835238,-0.9492316730758016
2023-01-03T14:35:29.432000,2023-01-03T14:35:00.000000,1,3949.0,3953.0,3943.0,3948.0,3947.0,219,3946.0,216,3945.0,498,3944.0,220,3943.0,306,3948.0,176,3949.0,273,3950.0,366,3951.0,172,3952.0,458,m2305,2023-01-03T14:35:29.432000,2023-01-03,-1.0,10.0,-0.1,4.0,5.0,0.0,0.4,0.5,0.0,2904,0.07541322314049587,0.06060606060606061,0.0743801652892562,0.09400826446280992,0.17148760330578514,0.12603305785123967,0.07575757575757576,0.05922865013774105,0.10537190082644628,0.15771349862258954,3947.554430379747,3947.325153374233,0.22927700551372254,4.0,4.0,0.000253324889170361,1459,1445,0.0048209366391184574,1965.6380853994492,1981.9480027548211,-0.0002533248905251337,-0.00025338908028651173,-0.0002532607332772212,-0.0002531966085181148,-0.00016444007708529983,-0.0002477827543271931,-0.9207608676536183,-0.9207608676360994,0.0,0.0,-0.8760917962646729,-1.0944747122248621,0.16871426514002558,-0.17868246595394668,-0.7287203074042978
2023-01-03T14:35:59.943000,2023-01-03T14:35:30.000000,1,3947.0,3952.0,3943.0,3947.0,3947.0,211,3946.0,207,3945.0,504,3944.0,220,3943.0,306,3948.0,202,3949.0,266,3950.0,386,3951.0,185,3952.0,468,m2305,2023-01-03T14:35:59.943000,2023-01-03,0.0,9.0,0.0,5.0,4.0,-1.0,0.5555555555555556,0.4444444444444444,-0.1111111111111111,2955,0.07140439932318104,0.06835871404399323,0.0700507614213198,0.09001692047377327,0.17055837563451776,0.13062605752961082,0.07445008460236886,0.06260575296108291,0.10355329949238579,0.15837563451776648,3947.5108958837773,3947.3128964059197,0.19799947785759286,4.0,4.0,0.000253324889170361,1448,1507,-0.01996615905245347,2014.5857868020303,1933.0480541455158,0.0,0.0,0.0,0.0,-0.000011028280114468333,-3.1051374961418456e-6,-0.8938280699092593,-0.8938280698924798,0.0,0.0,-0.878648540830019,-1.0728209639577155,-0.2089443451419111,0.19899687940882396,-0.6025777571520088
2023-01-03T14:36:29.891000,2023-01-03T14:36:00.000000,1,3947.0,3953.0,3943.0,3948.0,3948.0,56,3947.0,311,3946.0,219,3945.0,515,3944.0,221,3949.0,217,3950.0,405,3951.0,188,3952.0,468,3953.0,334,m2305,2023-01-03T14:36:29.891000,2023-01-03,1.0,10.0,0.1,5.0,4.0,0.0,0.5,0.4,0.0,2934,0.0190865712338105,0.07396046353101568,0.1059986366734833,0.13803680981595093,0.07464212678936605,0.06407634628493525,0.17552828902522155,0.15950920245398773,0.07532379004771643,0.1138377641445126,3948.2051282051284,3948.3030726256984,0.09794442057000197,4.0,4.0,0.0002532607319235153,1322,1612,-0.09884117246080436,2170.861963190184,1777.8043626448534,0.0002533248905250335,0.0002533890802865442,0.00025326073327714793,0.00025319660851803096,0.0001758503778559983,0.00025081671369355576,-0.22914265429402947,-0.2291426542897235,0.0,0.0,-0.40049602868748124,-0.4523757077096575,-1.3490098671994548,1.3456189492012964,-0.6511413560771273
2023-01-03T14:36:59.835000,2023-01-03T14:36:30.000000,1,3948.0,3953.0,3942.0,3947.0,3946.0,178,3945.0,523,3944.0,223,3943.0,291,3942.0,343,3947.0,313,3948.0,341,3949.0,313,3950.0,402,3951.0,193,m2305,2023-01-03T14:36:59.835000,2023-01-03,-1.0,11.0,-0.09090909090909091,5.0,5.0,-1.0,0.45454545454545453,0.45454545454545453,-0.09090909090909091,3120,0.05705128205128205,0.10032051282051282,0.16762820512820512,0.1092948717948718,0.07147435897435897,0.10032051282051282,0.09326923076923077,0.12884615384615383,0.10993589743589743,0.06185897435897436,3946.3625254582485,3946.815972222222,0.45344676397371586,4.0,4.0,0.0002533890789306981,1558,1562,-0.001282051282051282,1976.9740384615384,1969.4403846153846,-0.0005067139708115235,-0.000506842382872494,-0.0005065856238023172,-0.0005064573417953089,-0.00046680270818484274,-0.0003767138690665282,-1.4794288253816705,-1.4794288253549186,0.0,0.0,-1.5673402844928197,-1.3226049085366893,0.06038445985033755,-0.0784797302552822,-0.20120341747399653
2023-01-03T14:37:29.768000,2023-01-03T14:37:00.000000,1,3947.0,3952.0,3942.0,3947.0,3946.0,407,3945.0,535,3944.0,222,3943.0,290,3942.0,342,3947.0,301,3948.0,243,3949.0,199,3950.0,305,3951.0,192,m2305,2023-01-03T14:37:29.768000,2023-01-03,0.0,10.0,0.0,5.0,5.0,0.0,0.5,0.5,0.0,3036,0.13405797101449277,0.09914361001317523,0.17621870882740448,0.0800395256916996,0.07312252964426877,0.0655467720685112,0.09552042160737813,0.10046113306982872,0.11264822134387352,0.06324110671936758,3946.574858757062,3947.0629820051413,0.48812324807931873,4.0,4.0,0.0002533890789306981,1796,1240,0.1831357048748353,1612.847167325428,2333.2671277997365,0.0,0.0,0.0,0.0,0.00005380336585194314,0.00006258261228272153,-1.4242324265992548,-1.4242324265743929,0.0,0.0,-1.3769704981284205,-1.137583170426685,2.567573394576594,-2.5818930274533183,-0.4051797844621556
2023-01-03T14:37:59.778000,2023-01-03T14:37:30.000000,1,3947.0,3952.0,3942.0,3947.0,3947.0,3,3946.0,434,3945.0,552,3944.0,223,3943.0,292,3948.0,242,3949.0,199,3950.0,314,3951.0,193,3952.0,452,m2305,2023-01-03T14:37:59.778000,2023-01-03,0.0,10.0,0.0,5.0,5.0,0.0,0.5,0.5,0.0,2904,0.0010330578512396695,0.08333333333333333,0.1494490358126722,0.06852617079889807,0.19008264462809918,0.1081267217630854,0.07679063360881543,0.06646005509641874,0.10055096418732783,0.15564738292011018,3947.012244897959,3948.0568720379147,1.0446271399555371,4.0,4.0,0.000253324889170361,1504,1400,0.03581267217630854,1904.4125344352617,2043.0141184573004,0.0002533890802865442,0.0002534533025860924,0.0002533248905250335,0.00025326073327714793,0.00011082062834072549,0.00025177326155850056,-0.7677112996994232,-0.7677112996861343,0.0,0.0,-1.0615375582223219,-0.5272364479967816,0.49492550038797234,-0.503546215125271,-0.720935463647852
2023-01-03T14:38:29.822000,2023-01-03T14:38:00.000000,1,3947.0,3952.0,3942.0,3947.0,3946.0,408,3945.0,587,3944.0,223,3943.0,296,3942.0,342,3947.0,239,3948.0,274,3949.0,298,3950.0,318,3951.0,194,m2305,2023-01-03T14:38:29.822000,2023-01-03,0.0,10.0,0.0,5.0,5.0,0.0,0.5,0.5,0.0,3179,0.12834224598930483,0.07518087448883297,0.18464926077382826,0.08619062598301352,0.07014784523435043,0.09374016986473734,0.09311104120792701,0.10003145643284052,0.10758100031456433,0.061025479710600815,3946.630602782071,3947.045296167247,0.4146933851761787,4.0,4.0,0.0002533890789306981,1856,1323,0.16766278703994966,1643.4353570305127,2302.7640767536964,-0.00025338908028651173,-0.00025345330258601473,-0.0002533248905251337,-0.0002532607332772212,-0.00009669606886192892,-0.00025625403057528056,-1.3484058635233132,-1.3484058635006804,0.0,0.0,-1.2607712783921867,-1.1000296872614561,2.207110435357093,-2.21932581522899,-0.05927843194616214
2023-01-03T14:38:59.455000,2023-01-03T14:38:30.000000,1,3947.0,3951.0,3942.0,3947.0,3946.0,362,3945.0,564,3944.0,223,3943.0,296,3942.0,339,3947.0,202,3948.0,270,3949.0,296,3950.0,323,3951.0,195,m2305,2023-01-03T14:38:59.455000,2023-01-03,0.0,9.0,0.0,4.0,5.0,1.0,0.4444444444444444,0.5555555555555556,0.1111111111111111,3070,0.11791530944625407,0.06579804560260587,0.18371335504885994,0.08794788273615635,0.07263843648208469,0.09641693811074918,0.09641693811074918,0.10521172638436482,0.11042345276872964,0.06351791530944625,3946.6418439716313,3947.028776978417,0.3869330067859664,4.0,4.0,0.0002533890789306981,1784,1286,0.16221498371335505,1654.2192182410424,2291.990228013029,0.0,0.0,0.0,0.0,2.8482963526863277e-6,-4.185212521985269e-6,-1.30236470513927,-1.3023647051176537,0.0,0.0,-1.2123578875134051,-1.0732045768151715,2.025365699693852,-2.036542158397554,-0.33457728901497225
2023-01-03T14:39:29.771000,2023-01-03T14:39:00.000000,1,3947.0,3952.0,3942.0,3947.0,3946.0,387,3945.0,641,3944.0,248,3943.0,296,3942.0,339,3947.0,203,3948.0,487,3949.0,296,3950.0,333,3951.0,204,m2305,2023-01-03T14:39:29.771000,2023-01-03,0.0,10.0,0.0,5.0,5.0,0.0,0.5,0.5,0.0,3434,0.11269656377402446,0.059114735002912054,0.18666278392545138,0.14181712288875947,0.0722189866045428,0.08619685497961561,0.08619685497961561,0.09697146185206756,0.09871869539895166,0.0594059405940594,3946.65593220339,3946.7047872340427,0.048855030652703135,4.0,4.0,0.0002533890789306981,1911,1523,0.11298776936517181,1751.361386138614,2194.940302853815,0.0,0.0,0.0,0.0,3.569669397477947e-6,-0.00008208783382940258,-1.26396397878739,-1.2639639787670307,0.0,0.0,-1.1690862081687332,-1.232420805041575,1.3274626725433218,-1.3389324232058577,0.5472631861388139
2023-01-03T14:39:59.933000,2023-01-03T14:39:30.000000,1,3947.0,3951.0,3938.0,3944.0,3944.0,71,3943.0,215,3942.0,383,3941.0,212,3940.0,871,3945.0,316,3946.0,342,3947.0,328,3948.0,444,3949.0,268,m2305,2023-01-03T14:39:59.933000,2023-01-03,-3.0,13.0,-0.23076923076923078,4.0,6.0,-1.0,0.3076923076923077,0.46153846153846156,-0.07692307692307693,3450,0.020579710144927536,0.09159420289855072,0.06231884057971015,0.09913043478260869,0.11101449275362318,0.09507246376811594,0.06144927536231884,0.12869565217391304,0.252463768115942,0.07768115942028986,3944.1834625323,3944.157989228007,0.025473304292972898,4.0,4.0,0.0002535175560907593,1752,1698,0.01565217391304348,1942.6121739130435,2001.387536231884,-0.0005069708600345725,-0.0005070994023474362,-0.000506842382872494,-0.0005067139708115235,-0.0006266683753959043,-0.0006455056098721251,-2.3457928850223855,-2.3457928849880423,0.0,0.0,-2.5266835779483747,-2.527225339285988,0.04451133674729587,-0.0742602424655031,0.5757307026567308
2023-01-03T14:40:29.715000,2023-01-03T14:40:00.000000,1,3944.0,3949.0,3938.0,3942.0,3942.0,187,3941.0,223,3940.0,894,3939.0,386,3938.0,205,3943.0,166,3944.0,158,3945.0,303,3946.0,164,3947.0,348,m2305,2023-01-03T14:40:29.715000,2023-01-03,-2.0,11.0,-0.18181818181818182,5.0,4.0,-3.0,0.45454545454545453,0.36363636363636365,-0.2727272727272727,3034,0.06163480553724456,0.05471324983520105,0.07350032959789057,0.05207646671061305,0.2946605141727093,0.0998681608437706,0.12722478576137114,0.05405405405405406,0.06756756756756757,0.11470006591957811,3942.529745042493,3942.755905511811,0.22616046931807432,4.0,4.0,0.0002536461636017755,1895,1139,0.24917600527356626,1481.1222808174027,2460.8111404087017,-0.0005072280098605403,-0.0005073566826234511,-0.0005070994023474362,-0.0005069708600345725,-0.0004193679852477172,-0.00035554685893079074,-3.162071283472713,-3.1620712834343685,0.0,0.0,-3.147839135184699,-2.991594120991204,2.8155776763537443,-2.843064597045435,-0.4296423923196547
2023-01-03T14:40:59.876000,2023-01-03T14:40:30.000000,1,3942.0,3949.0,3938.0,3945.0,3944.0,88,3943.0,412,3942.0,274,3941.0,272,3940.0,896,3945.0,171,3946.0,179,3947.0,351,3948.0,485,3949.0,273,m2305,2023-01-03T14:40:59.876000,2023-01-03,3.0,11.0,0.2727272727272727,4.0,4.0,3.0,0.36363636363636365,0.36363636363636365,0.2727272727272727,3401,0.02587474272272861,0.05027932960893855,0.12114084092913849,0.05263157894736842,0.08056453984122317,0.10320493972361071,0.0799764775066157,0.14260511614231108,0.26345192590414584,0.08027050867391944,3944.3397683397684,3945.0913705583757,0.7516022186073315,4.0,4.0,0.0002535175560907593,1942,1459,0.14201705380770363,1693.379300205822,2250.4816230520437,0.0005072280098604675,0.0005073566826234171,0.0005070994023473997,0.0005069708600345263,0.0004589966465102597,0.000592167934563496,-2.0011283064555143,-2.001128306432899,0.0,0.0,-2.067430379801687,-1.7365230925952655,1.4626703851316294,-1.4825494785367044,0.4692047050878839
2023-01-03T14:41:29.987000,2023-01-03T14:41:00.000000,1,3945.0,3950.0,3940.0,3945.0,3944.0,256,3943.0,442,3942.0,269,3941.0,246,3940.0,991,3945.0,87,3946.0,198,3947.0,420,3948.0,267,3949.0,268,m2305,2023-01-03T14:41:29.987000,2023-01-03,0.0,10.0,0.0,5.0,5.0,0.0,0.5,0.5,0.0,3444,0.0743321718931475,0.025261324041811847,0.12833914053426249,0.05749128919860627,0.0781068524970964,0.12195121951219512,0.07142857142857142,0.07752613240418119,0.287746806039489,0.07781649245063879,3944.746355685131,3945.071875,0.3255193148688704,4.0,4.0,0.0002535175560907593,2204,1240,0.27990708478513354,1421.2285133565622,2522.3269454123115,0.0,0.0,0.0,0.0,0.00010307590494777588,-4.941737647001108e-6,-1.9153145111600505,-1.9153145111397667,0.0,0.0,-1.783356598527931,-1.6784878670479484,2.8341051186584116,-2.844801036967811,0.5760954481313278
2023-01-03T14:41:59.927000,2023-01-03T14:41:30.000000,1,3945.0,3950.0,3940.0,3945.0,3945.0,215,3944.0,289,3943.0,385,3942.0,255,3941.0,246,3946.0,254,3947.0,513,3948.0,261,3949.0,272,3950.0,343,m2305,2023-01-03T14:41:59.927000,2023-01-03,0.0,10.0,0.0,5.0,5.0,0.0,0.5,0.5,0.0,3033,0.07088691064952192,0.08374546653478404,0.09528519617540389,0.16913946587537093,0.12693702604681834,0.08605341246290801,0.0840751730959446,0.08968018463567425,0.08110781404549951,0.11308935047807452,3945.45842217484,3945.0810473815463,0.37737479329371126,4.0,4.0,0.0002534533012292485,1390,1643,-0.08341575997362348,2138.6419386745797,1807.0365974282888,0.0002535175574485346,0.00025358184489894905,0.0002534533025860924,0.0002533890802865442,0.00018049379241466096,2.325019967751833e-6,-1.3779878649961959,-1.377987864982069,0.0,0.0,-1.3906236461428907,-1.6136430410954197,-1.200299364228832,1.1793263259451363,-0.419886037600836
2023-01-03T14:42:29.955000,2023-01-03T14:42:00.000000,1,3945.0,3950.0,3941.0,3946.0,3945.0,293,3944.0,292,3943.0,248,3942.0,254,3941.0,241,3946.0,215,3947.0,511,3948.0,274,3949.0,272,3950.0,351,m2305,2023-01-03T14:42:29.955000,2023-01-03,1.0,9.0,0.1111111111111111,4.0,4.0,1.0,0.4444444444444444,0.4444444444444444,0.1111111111111111,2951,0.09928837682141647,0.07285665875974245,0.09894950864113859,0.17316164012199253,0.08403930870891223,0.0928498813961369,0.08607251779057946,0.09217214503558116,0.08166723144696712,0.11894273127753303,3945.5767716535433,3945.090909090909,0.48586256263433825,4.0,4.0,0.0002534533012292485,1328,1623,-0.09996611318197221,2171.344290071162,1774.4649271433414,0.0,0.0,0.0,0.0,0.000029995932296567397,2.499745104935593e-6,-1.3420750548131664,-1.3420750547998277,0.0,0.0,-1.3014729931905193,-1.5514725193509746,-1.3660256185899784,1.3456854236191043,-0.5982999822661108
2023-01-03T14:42:59.674000,2023-01-03T14:42:30.000000,1,3946.0,3952.0,3941.0,3946.0,3945.0,263,3944.0,207,3943.0,189,3942.0,294,3941.0,235,3946.0,61,3947.0,367,3948.0,469,3949.0,268,3950.0,340,m2305,2023-01-03T14:42:59.674000,2023-01-03,0.0,11.0,0.0,6.0,5.0,-1.0,0.5454545454545454,0.45454545454545453,-0.09090909090909091,2693,0.09766060155959896,0.02265131823245451,0.07686594875603417,0.13627924248050502,0.07018195321203119,0.1741552172298552,0.10917192721871519,0.09951726698848867,0.08726327515781657,0.12625324916450056,3945.811728395062,3945.081881533101,0.7298468619610503,4.0,4.0,0.0002534533012292485,1188,1505,-0.11771258819160788,2206.5350909766057,1739.418121054586,0.0,0.0,0.0,0.0,0.00005954763007464224,-2.288304210267665e-6,-1.3077758285556886,-1.3077758285430714,0.0,0.0,-1.1643815236170856,-1.5013337087664644,-1.5484618391510663,1.528788388172106,-1.1889082898834358
2023-01-03T14:43:29.960000,2023-01-03T14:43:00.000000,1,3946.0,3952.0,3941.0,3948.0,3947.0,185,3946.0,223,3945.0,209,3944.0,200,3943.0,194,3948.0,380,3949.0,292,3950.0,338,3951.0,181,3952.0,418,m2305,2023-01-03T14:43:29.960000,2023-01-03,2.0,11.0,0.18181818181818182,4.0,5.0,3.0,0.36363636363636365,0.45454545454545453,0.2727272727272727,2620,0.07061068702290077,0.1450381679389313,0.08511450381679389,0.11145038167938931,0.07977099236641222,0.12900763358778625,0.07633587786259542,0.06908396946564886,0.07404580152671755,0.15954198473282444,3947.3274336283184,3947.2990291262136,0.028404502104876883,4.0,4.0,0.000253324889170361,1011,1609,-0.22824427480916032,2425.769083969466,1522.2900763358778,0.0005068423828726033,0.0005069708600345263,0.0005067139708114992,0.0005065856238024143,0.00038405638638168134,0.0005618450697032393,-0.3508666857099885,-0.3508666857066034,0.0,0.0,-0.427570793011903,-0.49118112045184514,-2.5975466381429015,2.585810371934106,-1.3194118401461181
2023-01-03T14:43:59.993000,2023-01-03T14:43:30.000000,1,3947.0,3953.0,3943.0,3949.0,3948.0,256,3947.0,118,3946.0,253,3945.0,204,3944.0,207,3949.0,240,3950.0,406,3951.0,181,3952.0,415,3953.0,348,m2305,2023-01-03T14:43:59.993000,2023-01-03,2.0,10.0,0.2,4.0,4.0,2.0,0.4,0.4,0.2,2628,0.0974124809741248,0.091324200913242,0.04490106544901065,0.15449010654490106,0.09627092846270928,0.06887366818873668,0.0776255707762557,0.15791476407914765,0.07876712328767123,0.1324200913242009,3948.516129032258,3947.6755725190837,0.840556513174306,4.0,4.0,0.0002532607319235153,1038,1590,-0.2100456621004566,2390.530821917808,1558.5844748858447,0.0002533248905250335,0.0002533890802865442,0.00025326073327714793,0.00025319660851803096,0.0003010939625351668,0.00009538812020435045,0.1197259579778793,0.11972595797672077,0.0,0.0,0.14130263673082125,-0.31658349766696703,-2.2856612802146663,2.2808019088290292,-1.2565415036159393
2023-01-03T14:44:29.732000,2023-01-03T14:44:00.000000,1,3949.0,3954.0,3944.0,3950.0,3949.0,199,3948.0,357,3947.0,269,3946.0,165,3945.0,197,3950.0,350,3951.0,214,3952.0,434,3953.0,327,3954.0,181,m2305,2023-01-03T14:44:29.732000,2023-01-03,1.0,10.0,0.1,4.0,5.0,2.0,0.4,0.5,0.2,2693,0.07389528406981062,0.12996658002227998,0.13256591162272557,0.07946528035647976,0.09988860007426661,0.16115855922762717,0.061269959153360566,0.12142591904938731,0.07315261789825474,0.06721128852580766,3949.3624772313296,3949.875656742557,0.5131795112274631,4.0,4.0,0.000253196607165464,1187,1506,-0.11845525436316376,2209.9840326773115,1739.8013367991086,0.00025326073327714793,0.0002533248905250335,0.00025319660851803096,0.0002531325162232701,0.0002143229199903138,0.0005571560643340988,0.5816122052558218,0.5816122052502021,0.0,0.0,0.5400080702842199,0.6588216333433524,-1.3195632118116984,1.3217424348363065,-1.0629183838659924
2023-01-03T14:44:59.722000,2023-01-03T14:44:30.000000,1,3950.0,3954.0,3945.0,3949.0,3949.0,196,3948.0,372,3947.0,266,3946.0,146,3945.0,196,3950.0,448,3951.0,222,3952.0,390,3953.0,331,3954.0,183,m2305,2023-01-03T14:44:59.722000,2023-01-03,-1.0,9.0,-0.1111111111111111,4.0,4.0,-1.0,0.4444444444444444,0.4444444444444444,-0.1111111111111111,2750,0.07127272727272728,0.16290909090909092,0.13527272727272727,0.08072727272727273,0.09672727272727273,0.14181818181818182,0.05309090909090909,0.12036363636363637,0.07127272727272728,0.06654545454545455,3949.304347826087,3949.878787878788,0.574440052700993,4.0,4.0,0.000253196607165464,1176,1574,-0.14472727272727273,2261.8280000000004,1687.962909090909,0.0,0.0,0.0,0.0,-0.000014718789013648139,7.92717356638396e-7,0.5720775508276078,0.5720775508221032,0.0,0.0,0.5060457989558083,0.6453074754064568,-1.5262020283393996,1.5272571305838907,-0.8955861885526003
2023-01-03T14:45:29.739000,2023-01-03T14:45:00.000000,1,3949.0,3954.0,3944.0,3949.0,3949.0,86,3948.0,333,3947.0,272,3946.0,159,3945.0,197,3950.0,388,3951.0,201,3952.0,374,3953.0,325,3954.0,184,m2305,2023-01-03T14:45:29.739000,2023-01-03,0.0,10.0,0.0,5.0,5.0,0.0,0.5,0.5,0.0,2519,0.034140531957125846,0.1540293767368003,0.13219531560142914,0.07979356887653831,0.10797935688765382,0.14847161572052403,0.06312028582770941,0.12901945216355698,0.07820563715760222,0.07304485907105994,3949.181434599156,3949.870786516854,0.6893519176978771,4.0,4.0,0.000253196607165464,1047,1472,-0.1687177451369591,2309.273521238587,1640.5164747915837,0.0,0.0,0.0,0.0,-0.00003112323813107288,-2.0257254634609436e-6,0.583878088270238,0.5838780882645522,0.0,0.0,0.4642081304885709,0.6402290741861852,-1.6844408916282392,1.6846187232249845,-1.4116802810031346
2023-01-03T14:45:59.983000,2023-01-03T14:45:30.000000,1,3949.0,3954.0,3943.0,3948.0,3947.0,268,3946.0,155,3945.0,215,3944.0,194,3943.0,196,3948.0,196,3949.0,755,3950.0,362,3951.0,199,3952.0,367,m2305,2023-01-03T14:45:59.983000,2023-01-03,-1.0,11.0,-0.09090909090909091,5.0,5.0,-1.0,0.45454545454545453,0.45454545454545453,-0.09090909090909091,2907,0.09219126246990024,0.0674234606123151,0.053319573443412455,0.25971792225662194,0.0739594083247334,0.12452700378396973,0.06673546611627107,0.06845545235638115,0.0674234606123151,0.1262469900240798,3947.5775862068967,3946.510989010989,1.0665971959078888,4.0,4.0,0.000253324889170361,1028,1879,-0.29274165806673547,2553.0911592707257,1395.1031991744064,-0.0005065856238023172,-0.0005067139708115235,-0.0005064573417953089,-0.0005063291247412658,-0.0004062042187400807,-0.0008509714459420159,-0.3550234716883552,-0.35502347168485027,0.0,0.0,-0.3008389607189687,-0.8350700173664507,-2.637265028270522,2.627100086871273,-0.44333593480981204
2023-01-03T14:46:29.997000,2023-01-03T14:46:00.000000,1,3948.0,3954.0,3943.0,3948.0,3947.0,310,3946.0,147,3945.0,212,3944.0,194,3943.0,195,3948.0,42,3949.0,606,3950.0,347,3951.0,198,3952.0,370,m2305,2023-01-03T14:46:29.997000,2023-01-03,0.0,11.0,0.0,6.0,5.0,-1.0,0.5454545454545454,0.45454545454545453,-0.09090909090909091,2621,0.11827546737886303,0.016024418161007248,0.056085463563525374,0.23120946203739032,0.08088515833651277,0.13239221671117893,0.07401755055322395,0.07554368561617703,0.07439908431896222,0.1411674933231591,3947.880681818182,3946.5856573705178,1.2950244476642183,4.0,4.0,0.000253324889170361,1058,1563,-0.19267455169782527,2355.626859977108,1592.5192674551697,0.0,0.0,0.0,0.0,0.0000767772056150359,0.000018919915180653143,-0.32962951304680715,-0.32962951304342997,0.0,0.0,-0.12468520514525681,-0.7761312508216766,-1.6844909983356748,1.6784662600626368,-1.116631068386762
2023-01-03T14:46:59.902000,2023-01-03T14:46:30.000000,1,3948.0,3952.0,3943.0,3948.0,3947.0,220,3946.0,183,3945.0,221,3944.0,195,3943.0,196,3948.0,132,3949.0,616,3950.0,357,3951.0,197,3952.0,377,m2305,2023-01-03T14:46:59.902000,2023-01-03,0.0,9.0,0.0,4.0,5.0,1.0,0.4444444444444444,0.5555555555555556,0.1111111111111111,2694,0.08166295471417966,0.04899777282850779,0.06792873051224944,0.22865627319970305,0.08203414996288047,0.13251670378619154,0.07238307349665925,0.07312546399406088,0.07275426874536006,0.13994060876020786,3947.625,3946.6871088861076,0.9378911138924195,4.0,4.0,0.000253324889170361,1015,1679,-0.24647364513734224,2461.8118040089084,1486.3440979955458,0.0,0.0,0.0,0.0,-0.00006476641992932553,0.00002570581775142107,-0.30362394350529914,-0.30362394350205724,0.0,0.0,-0.2286879188835646,-0.7045121599558541,-2.0557940361080767,2.0495281935425522,-0.9065071271860181
2023-01-03T14:47:29.743000,2023-01-03T14:47:00.000000,1,3947.0,3953.0,3942.0,3949.0,3948.0,163,3947.0,177,3946.0,219,3945.0,225,3944.0,213,3949.0,550,3950.0,394,3951.0,192,3952.0,375,3953.0,329,m2305,2023-01-03T14:47:29.743000,2023-01-03,2.0,11.0,0.18181818181818182,4.0,5.0,3.0,0.36363636363636365,0.45454545454545453,0.2727272727272727,2837,0.057455058160028195,0.19386676066267183,0.062389848431441665,0.13887909763835038,0.07719421924568205,0.0676771237222418,0.07930912936200211,0.13218188227000352,0.075079309129362,0.11596757137821642,3948.2286115007014,3947.9299474605955,0.29866404010590486,4.0,4.0,0.0002532607319235153,997,1840,-0.2971448713429679,2562.347197744096,1386.681001057455,0.0002533248905250335,0.0002533890802865442,0.00025326073327714793,0.00025319660851803096,0.00015289328591341932,0.00031485721875663145,0.23364970760482348,0.23364970760220571,0.0,0.0,0.11250682218057624,-0.09427118830563615,-2.3335148135543364,2.3306088944088836,-0.5190554089441751
2023-01-03T14:47:59.810000,2023-01-03T14:47:30.000000,1,3949.0,3953.0,3943.0,3947.0,3947.0,146,3946.0,241,3945.0,223,3944.0,212,3943.0,202,3948.0,201,3949.0,592,3950.0,364,3951.0,185,3952.0,390,m2305,2023-01-03T14:47:59.810000,2023-01-03,-2.0,10.0,-0.2,4.0,4.0,-2.0,0.4,0.4,-0.2,2756,0.05297532656023222,0.07293178519593614,0.0874455732946299,0.21480406386066764,0.08091436865021771,0.1320754716981132,0.07692307692307693,0.06712626995645864,0.07329462989840348,0.14150943396226415,3947.420749279539,3946.8679471788714,0.5528021006675772,4.0,4.0,0.000253324889170361,1024,1732,-0.25689404934687954,2482.3552249637155,1465.7463715529752,-0.0002533248905251337,-0.00025338908028651173,-0.0002532607332772212,-0.0002531966085181148,-0.00020463477722161945,-0.0002690379924357127,-0.2580507125851057,-0.25805071258206225,0.0,0.0,-0.28976436794133253,-0.5804719478177508,-1.9215969360028433,1.9168184285339522,-0.7053040674879727
2023-01-03T14:48:29.996000,2023-01-03T14:48:00.000000,1,3947.0,3953.0,3943.0,3948.0,3948.0,64,3947.0,119,3946.0,224,3945.0,239,3944.0,211,3949.0,509,3950.0,358,3951.0,181,3952.0,384,3953.0,330,m2305,2023-01-03T14:48:29.996000,2023-01-03,1.0,10.0,0.1,5.0,4.0,0.0,0.5,0.4,0.0,2619,0.024436807941962582,0.19434898816342117,0.045437189767086675,0.1366933944253532,0.08552882779686903,0.06911034746086292,0.09125620465826652,0.1466208476517755,0.08056510118365788,0.12600229095074456,3948.1116928446772,3947.748427672956,0.36326517172119566,4.0,4.0,0.0002532607319235153,857,1762,-0.3455517373043146,2658.0106911034745,1291.0683466972127,0.0002533248905250335,0.0002533890802865442,0.00025326073327714793,0.00025319660851803096,0.00017502139899152401,0.00022305846311662338,0.3119130325726381,0.3119130325687412,0.0,0.0,0.11756137173569192,-0.11095060490680372,-2.435334512165564,2.4333110775556133,-1.0413016789787668
2023-01-03T14:48:59.733000,2023-01-03T14:48:30.000000,1,3948.0,3953.0,3944.0,3949.0,3948.0,206,3947.0,208,3946.0,255,3945.0,259,3944.0,225,3949.0,364,3950.0,360,3951.0,180,3952.0,388,3953.0,332,m2305,2023-01-03T14:48:59.733000,2023-01-03,1.0,9.0,0.1111111111111111,4.0,4.0,1.0,0.4444444444444444,0.4444444444444444,0.1111111111111111,2777,0.07418077061577241,0.1310767014764134,0.07490097227223623,0.12963629816348576,0.09182571119913575,0.06481814908174288,0.09326611451206337,0.13971912135397913,0.08102268635217862,0.11955347497299244,3948.361403508772,3948.0985915492956,0.26281195947649394,4.0,4.0,0.0002532607319235153,1153,1624,-0.16960749009722723,2310.546633057256,1638.3323730644581,0.0,0.0,0.0,0.0,0.00006324612548699158,0.0000886957094575247,0.35093134029963097,0.3509313402949576,0.0,0.0,0.29319593884463174,0.1089067824189784,-1.1100940450414345,1.1107797886106239,-0.5871690438592703
2023-01-03T14:49:29.895000,2023-01-03T14:49:00.000000,1,3949.0,3954.0,3944.0,3948.0,3948.0,193,3947.0,130,3946.0,226,3945.0,267,3944.0,224,3949.0,88,3950.0,374,3951.0,195,3952.0,386,3953.0,330,m2305,2023-01-03T14:49:29.895000,2023-01-03,-1.0,10.0,-0.1,5.0,4.0,-2.0,0.5,0.4,-0.2,2413,0.079983423124741,0.036469125569830084,0.053874844591794445,0.15499378367177788,0.09365934521342727,0.08081226688769166,0.11065064235391629,0.159966846249482,0.09283050145047658,0.13675922088686282,3948.6868327402135,3947.7738095238096,0.9130232164038716,4.0,4.0,0.0002532607319235153,1040,1373,-0.13800248653128885,2248.329465395773,1700.6386241193536,0.0,0.0,0.0,0.0,0.00008241794196773686,-0.00008226628019596581,0.39351701516280957,0.3935170151571871,0.0,0.0,0.521271200621206,-0.027206513197195494,-0.8574207960941481,0.8591460318470326,-1.5482094837636167
2023-01-03T14:49:59.783000,2023-01-03T14:49:30.000000,1,3949.0,3953.0,3943.0,3948.0,3947.0,98,3946.0,272,3945.0,258,3944.0,224,3943.0,199,3948.0,152,3949.0,215,3950.0,395,3951.0,199,3952.0,436,m2305,2023-01-03T14:49:59.783000,2023-01-03,-1.0,10.0,-0.1,4.0,5.0,0.0,0.4,0.5,0.0,2448,0.04003267973856209,0.06209150326797386,0.1111111111111111,0.08782679738562091,0.1053921568627451,0.1613562091503268,0.0915032679738562,0.08129084967320262,0.08129084967320262,0.1781045751633987,3947.392,3947.675564681725,0.2835646817252382,4.0,4.0,0.000253324889170361,1051,1397,-0.14133986928104575,2254.371732026144,1693.644199346405,-0.0002533248905251337,-0.00025338908028651173,-0.0002532607332772212,-0.0002531966085181148,-0.00032796854723669545,-0.000024886447226300866,-0.16413603790449,-0.1641360379019496,0.0,0.0,-0.21899038342626517,-0.04194058650305052,-0.8582765159224667,0.8566802657778861,-1.4124020195877967
2023-01-03T14:50:29.968000,2023-01-03T14:50:00.000000,1,3948.0,3952.0,3941.0,3945.0,3945.0,179,3944.0,246,3943.0,202,3942.0,274,3941.0,250,3946.0,96,3947.0,161,3948.0,150,3949.0,182,3950.0,385,m2305,2023-01-03T14:50:29.968000,2023-01-03,-3.0,11.0,-0.2727272727272727,4.0,4.0,-3.0,0.36363636363636365,0.36363636363636365,-0.2727272727272727,2125,0.08423529411764706,0.0451764705882353,0.11576470588235294,0.07576470588235294,0.09505882352941177,0.07058823529411765,0.12894117647058823,0.08564705882352941,0.11764705882352941,0.1811764705882353,3945.650909090909,3945.813267813268,0.16235872235893112,4.0,4.0,0.0002534533012292485,1151,974,0.08329411764705882,1809.859294117647,2135.6343529411765,-0.000506842382872494,-0.0005069708600345725,-0.0005067139708115235,-0.0005065856238023172,-0.0004411710305856664,-0.0004718564737417299,-1.3558885355877062,-1.3558885355664434,0.0,0.0,-1.2617839452313244,-1.116834773974812,0.7402729796682423,-0.7463368139380535,-2.2972749621049955
2023-01-03T14:50:59.703000,2023-01-03T14:50:30.000000,1,3945.0,3953.0,3941.0,3948.0,3948.0,218,3947.0,191,3946.0,165,3945.0,213,3944.0,242,3949.0,139,3950.0,409,3951.0,191,3952.0,428,3953.0,322,m2305,2023-01-03T14:50:59.703000,2023-01-03,3.0,12.0,0.25,5.0,4.0,2.0,0.4166666666666667,0.3333333333333333,0.16666666666666666,2518,0.08657664813343924,0.055202541699761715,0.07585385226370135,0.16243050039714058,0.06552819698173153,0.07585385226370135,0.0845909451945989,0.1699761715647339,0.09610802223987291,0.1278792692613185,3948.610644257703,3947.955,0.6556442577029884,4.0,4.0,0.0002532607319235153,1029,1489,-0.18268467037331215,2336.5464654487687,1612.5353455123113,0.000760167273397525,0.0007603599403211582,0.0007599747040888015,0.0007597822323204938,0.0007498447538055677,0.000542638741504225,0.5220560264472616,0.5220560264389382,0.0,0.0,0.6101099438452664,0.1771389799078727,-1.1325702617179407,1.1342519731411052,-1.1302229279185463
2023-01-03T14:51:29.606000,2023-01-03T14:51:00.000000,1,3948.0,3953.0,3942.0,3947.0,3946.0,116,3945.0,263,3944.0,245,3943.0,202,3942.0,307,3947.0,128,3948.0,199,3949.0,321,3950.0,390,3951.0,202,m2305,2023-01-03T14:51:29.606000,2023-01-03,-1.0,11.0,-0.09090909090909091,5.0,5.0,-1.0,0.45454545454545453,0.45454545454545453,-0.09090909090909091,2373,0.048883270122208174,0.0539401601348504,0.11083017277707544,0.08386009270965024,0.10324483775811209,0.13527180783817952,0.08512431521281079,0.16434892541087232,0.12937210282343026,0.08512431521281079,3946.4754098360654,3946.7077922077924,0.23238237172699883,4.0,4.0,0.0002533890789306981,1133,1240,-0.04509060261272651,2063.6742520016855,1882.946059839865,-0.0005067139708115235,-0.000506842382872494,-0.0005065856238023172,-0.0005064573417953089,-0.0005409021406651439,-0.0003159622736045536,-0.7046117408196336,-0.7046117408082689,0.0,0.0,-0.7154820691123289,-0.551794631477967,-0.17390848542475004,0.16962571042856264,-1.5111289312008584
2023-01-03T14:51:59.861000,2023-01-03T14:51:30.000000,1,3947.0,3951.0,3941.0,3947.0,3946.0,131,3945.0,362,3944.0,253,3943.0,212,3942.0,299,3947.0,169,3948.0,294,3949.0,216,3950.0,308,3951.0,197,m2305,2023-01-03T14:51:59.861000,2023-01-03,0.0,10.0,0.0,4.0,6.0,2.0,0.4,0.6,0.2,2441,0.05366653011061041,0.06923392052437526,0.14829987709954937,0.12044244162228594,0.10364604670217124,0.08848832445718968,0.08684965178205653,0.12617779598525194,0.12249078246620237,0.08070462925030725,3946.4366666666665,3946.6554878048782,0.21882113821175153,4.0,4.0,0.0002533890789306981,1257,1184,0.029905776321179845,1915.4797214256453,2030.897992625973,0.0,0.0,0.0,0.0,-9.817205367007396e-6,-0.000013252754512747865,-0.6826578062577906,-0.6826578062468305,0.0,0.0,-0.7173858889272093,-0.5613630438324275,0.35941841575128225,-0.36298591351185067,-1.2663933490194326
2023-01-03T14:52:29.739000,2023-01-03T14:52:00.000000,1,3947.0,3951.0,3942.0,3946.0,3946.0,147,3945.0,410,3944.0,251,3943.0,208,3942.0,310,3947.0,85,3948.0,288,3949.0,209,3950.0,311,3951.0,188,m2305,2023-01-03T14:52:29.739000,2023-01-03,-1.0,9.0,-0.1111111111111111,4.0,4.0,-1.0,0.4444444444444444,0.4444444444444444,-0.1111111111111111,2407,0.06107187370170337,0.035313668466971336,0.1703365184877441,0.1196510178645617,0.10427918570835064,0.08683007893643539,0.08641462401329456,0.129206481096801,0.12879102617366014,0.07810552555047777,3946.6336206896553,3946.7621776504297,0.1285569607744037,4.0,4.0,0.0002533890789306981,1326,1081,0.10178645616950562,1773.6177814707103,2172.6713751557954,0.0,0.0,0.0,0.0,0.000049905554077115465,0.00002703261124132394,-0.6610600051630432,-0.6610600051524689,0.0,0.0,-0.5762425327082585,-0.47648226445612774,0.8479536770917963,-0.8503128609732065,-1.3246300027685072
2023-01-03T14:52:59.939000,2023-01-03T14:52:30.000000,1,3947.0,3951.0,3941.0,3947.0,3946.0,128,3945.0,445,3944.0,251,3943.0,208,3942.0,311,3947.0,125,3948.0,303,3949.0,210,3950.0,291,3951.0,184,m2305,2023-01-03T14:52:59.939000,2023-01-03,0.0,10.0,0.0,4.0,6.0,2.0,0.4,0.6,0.2,2456,0.05211726384364821,0.050895765472312705,0.18118892508143322,0.12337133550488599,0.10219869706840391,0.08550488599348534,0.08469055374592833,0.11848534201954397,0.126628664495114,0.0749185667752443,3946.505928853755,3946.7847593582887,0.2788305045337438,4.0,4.0,0.0002533890789306981,1343,1113,0.09364820846905537,1789.6347719869707,2156.6217426710095,0.0,0.0,0.0,0.0,-0.00003235514464424434,5.721561685620314e-6,-0.6482124140379152,-0.6482124140276312,0.0,0.0,-0.6425901089520725,-0.44819361606426744,0.7892474552002732,-0.7917486968606293,-1.1453311499289849
2023-01-03T14:53:29.954000,2023-01-03T14:53:00.000000,1,3947.0,3951.0,3941.0,3946.0,3945.0,488,3944.0,269,3943.0,208,3942.0,302,3941.0,349,3946.0,126,3947.0,469,3948.0,287,3949.0,204,3950.0,301,m2305,2023-01-03T14:53:29.954000,2023-01-03,-1.0,10.0,-0.1,4.0,5.0,0.0,0.4,0.5,0.0,3003,0.1625041625041625,0.04195804195804196,0.08957708957708958,0.1561771561771562,0.06926406926406926,0.09557109557109557,0.10056610056610056,0.06793206793206794,0.11621711621711622,0.10023310023310024,3945.7947882736157,3945.0934959349593,0.701292338656458,4.0,4.0,0.0002534533012292485,1616,1387,0.07625707625707626,1823.4968364968365,2121.922410922411,-0.00025345330258601473,-0.0002535175574486354,-0.00025338908028651173,-0.0002533248905251337,-0.00018021122295067618,-0.00042860860102248674,-1.2316850056099327,-1.2316850055908446,0.0,0.0,-1.0583036601183056,-1.4223639183416967,0.653648801923415,-0.6592786662795426,0.4032839608679832
2023-01-03T14:53:59.989000,2023-01-03T14:53:30.000000,1,3946.0,3950.0,3941.0,3946.0,3945.0,411,3944.0,246,3943.0,211,3942.0,303,3941.0,344,3946.0,356,3947.0,426,3948.0,276,3949.0,213,3950.0,277,m2305,2023-01-03T14:53:59.989000,2023-01-03,0.0,9.0,0.0,4.0,5.0,1.0,0.4444444444444444,0.5555555555555556,0.1111111111111111,3063,0.13418217433888344,0.11622592229840026,0.08031341821743389,0.13907933398628794,0.06888671237349005,0.0901077375122429,0.098922624877571,0.06953966699314397,0.11230819458047665,0.09043421482206987,3945.535853976532,3945.098214285714,0.43763969081783216,4.0,4.0,0.0002534533012292485,1515,1548,-0.010773751224289911,1995.1462618348023,1950.2846882141691,0.0,0.0,0.0,0.0,-0.00006562500265554677,1.1960040842065556e-6,-1.1899862748064587,-1.1899862747884047,0.0,0.0,-1.179087713511494,-1.3677192487422634,0.047288673291541614,-0.05447258784954636,0.5659820595335165
2023-01-03T14:54:29.833000,2023-01-03T14:54:00.000000,1,3946.0,3950.0,3940.0,3945.0,3945.0,182,3944.0,244,3943.0,248,3942.0,320,3941.0,343,3946.0,400,3947.0,436,3948.0,228,3949.0,209,3950.0,279,m2305,2023-01-03T14:54:29.833000,2023-01-03,-1.0,10.0,-0.1,4.0,5.0,0.0,0.4,0.5,0.0,2889,0.06299757701626861,0.13845621322256838,0.0844582900657667,0.15091727241259953,0.08584285219799238,0.07892004153686397,0.11076497057805469,0.07234337140879198,0.11872620283835238,0.09657320872274143,3945.312714776632,3945.076470588235,0.23624418839699501,4.0,4.0,0.0002534533012292485,1337,1552,-0.0744202146071305,2120.743163724472,1824.6427829698857,0.0,0.0,0.0,0.0,-0.00005655645220288299,-5.511588360854179e-6,-1.1690788993746073,-1.1690788993572092,0.0,0.0,-1.2844424414872233,-1.3509597100747106,-0.3916180527206156,0.38308975713730603,0.11026542440317089
2023-01-03T14:54:59.758000,2023-01-03T14:54:30.000000,1,3945.0,3951.0,3941.0,3947.0,3946.0,194,3945.0,219,3944.0,237,3943.0,235,3942.0,320,3947.0,355,3948.0,211,3949.0,215,3950.0,288,3951.0,190,m2305,2023-01-03T14:54:59.758000,2023-01-03,2.0,10.0,0.2,4.0,4.0,2.0,0.4,0.4,0.2,2464,0.07873376623376624,0.14407467532467533,0.08887987012987013,0.08563311688311688,0.09618506493506493,0.0872564935064935,0.09537337662337662,0.11688311688311688,0.12987012987012986,0.07711038961038962,3946.353369763206,3946.5279069767444,0.17453721353831497,4.0,4.0,0.0002533890789306981,1205,1259,-0.021915584415584416,2017.6696428571427,1928.6737012987012,0.0002534533025860924,0.0002535175574485346,0.0002533890802865442,0.0002533248905250335,0.0002637351812551892,0.00036784317495721784,-0.5591246910051988,-0.5591246909968779,0.0,0.0,-0.6406088099249124,-0.5093526367353278,-0.024575054827288296,0.020546778779155648,-1.1811716308039746
2023-01-03T14:55:29.978000,2023-01-03T14:55:00.000000,1,3947.0,3953.0,3942.0,3948.0,3948.0,2,3947.0,302,3946.0,180,3945.0,205,3944.0,229,3949.0,192,3950.0,355,3951.0,189,3952.0,444,3953.0,322,m2305,2023-01-03T14:55:29.978000,2023-01-03,1.0,11.0,0.09090909090909091,5.0,5.0,1.0,0.45454545454545453,0.45454545454545453,0.09090909090909091,2420,0.0008264462809917355,0.07933884297520662,0.12479338842975207,0.14669421487603307,0.0743801652892562,0.07809917355371901,0.08471074380165289,0.1834710743801653,0.09462809917355372,0.13305785123966943,3948.0103092783506,3948.37899543379,0.36868615543926353,4.0,4.0,0.0002532607319235153,918,1502,-0.2413223140495868,2452.376446280992,1496.7235537190081,0.0005067139708114992,0.0005068423828726033,0.0005065856238024143,0.0005064573417954385,0.000419777858442061,0.00046893231645362484,0.6607837257336184,0.6607837257237846,0.0,0.0,0.37405059801836976,0.572991718771374,-1.5138368229147736,1.5151223987739952,-1.2802002303929694
2023-01-03T14:55:59.932000,2023-01-03T14:55:30.000000,1,3948.0,3952.0,3943.0,3947.0,3947.0,264,3946.0,200,3945.0,216,3944.0,199,3943.0,230,3948.0,414,3949.0,324,3950.0,380,3951.0,189,3952.0,439,m2305,2023-01-03T14:55:59.932000,2023-01-03,-1.0,9.0,-0.1111111111111111,4.0,4.0,-1.0,0.4444444444444444,0.4444444444444444,-0.1111111111111111,2855,0.0924693520140105,0.14500875656742557,0.07005253940455342,0.11348511383537653,0.07565674255691769,0.1330998248686515,0.06970227670753065,0.06619964973730298,0.08056042031523643,0.15376532399299475,3947.3893805309735,3947.1450381679388,0.2443423630347752,4.0,4.0,0.000253324889170361,1109,1746,-0.2231173380035026,2415.626970227671,1532.4252189141855,-0.0002533248905251337,-0.00025338908028651173,-0.0002532607332772212,-0.0002531966085181148,-0.00015728874358537934,-0.00031257134311693725,0.06122427332535263,0.06122427332443569,0.0,0.0,0.005758673498374244,-0.13660046597234293,-1.342985937883079,1.3409723548370427,0.1557528160820224
2023-01-03T14:56:29.764000,2023-01-03T14:56:00.000000,1,3948.0,3952.0,3942.0,3947.0,3946.0,212,3945.0,352,3944.0,215,3943.0,228,3942.0,249,3947.0,79,3948.0,417,3949.0,309,3950.0,357,3951.0,189,m2305,2023-01-03T14:56:29.764000,2023-01-03,-1.0,10.0,-0.1,4.0,5.0,0.0,0.4,0.5,0.0,2607,0.08131952435749903,0.030303030303030304,0.1350210970464135,0.15995397008055237,0.08247027234369006,0.11852704257767549,0.08745684695051784,0.13693901035673187,0.09551208285385501,0.07249712313003452,3946.72852233677,3946.3732119635893,0.35531037318060044,4.0,4.0,0.0002533890789306981,1256,1351,-0.0364403528960491,2046.512850019179,1900.1588032220943,-0.00025338908028651173,-0.00025345330258601473,-0.0002533248905251337,-0.0002532607332772212,-0.00016743053597093432,-0.0001955594913070663,-0.566312448567555,-0.566312448558909,0.0,0.0,-0.4222783353247543,-0.6050731632262207,-0.04563167401855665,0.04264060477403242,-0.7165839955041405
2023-01-03T14:56:59.997000,2023-01-03T14:56:30.000000,1,3947.0,3952.0,3942.0,3948.0,3947.0,70,3946.0,279,3945.0,228,3944.0,217,3943.0,231,3948.0,280,3949.0,310,3950.0,368,3951.0,190,3952.0,447,m2305,2023-01-03T14:56:59.997000,2023-01-03,1.0,10.0,0.1,4.0,5.0,2.0,0.4,0.5,0.2,2620,0.026717557251908396,0.10687022900763359,0.1064885496183206,0.1183206106870229,0.08702290076335878,0.14045801526717558,0.08282442748091604,0.07251908396946564,0.0881679389312977,0.17061068702290078,3947.2,3947.4210526315787,0.22105263157891386,4.0,4.0,0.000253324889170361,1025,1595,-0.21755725190839695,2404.757251908397,1543.2690839694656,0.0002533890802865442,0.0002534533025860924,0.0002533248905250335,0.00025326073327714793,0.0001194532386393547,0.00026548466783434015,0.05148294986987989,0.05148294986909389,0.0,0.0,-0.12472068030768547,0.015655996644041145,-1.2719496707636813,1.2700463701841733,-0.6973109844371687
2023-01-03T14:57:29.982000,2023-01-03T14:57:00.000000,1,3948.0,3953.0,3942.0,3948.0,3947.0,261,3946.0,442,3945.0,229,3944.0,220,3943.0,229,3948.0,57,3949.0,307,3950.0,375,3951.0,186,3952.0,449,m2305,2023-01-03T14:57:29.982000,2023-01-03,0.0,11.0,0.0,5.0,6.0,1.0,0.45454545454545453,0.5454545454545454,0.09090909090909091,2755,0.09473684210526316,0.020689655172413793,0.16043557168784028,0.11143375680580762,0.08312159709618874,0.13611615245009073,0.07985480943738657,0.06751361161524501,0.08312159709618874,0.1629764065335753,3947.8207547169814,3947.7703604806406,0.05039423634070772,4.0,4.0,0.000253324889170361,1381,1374,0.002540834845735027,1970.2225045372052,1977.615607985481,0.0,0.0,0.0,0.0,0.00015725220681398153,0.00008848622687217929,0.04130006376016641,0.04130006375953166,0.0,0.0,0.2482835616794895,0.21093704579186662,0.23720031777028774,-0.23536719359223238,-0.24367384119852278
2023-01-03T14:57:59.976000,2023-01-03T14:57:30.000000,1,3948.0,3953.0,3943.0,3947.0,3947.0,220,3946.0,245,3945.0,220,3944.0,212,3943.0,223,3948.0,226,3949.0,340,3950.0,407,3951.0,190,3952.0,462,m2305,2023-01-03T14:57:59.976000,2023-01-03,-1.0,10.0,-0.1,5.0,4.0,-2.0,0.5,0.4,-0.2,2745,0.08014571948998178,0.08233151183970856,0.08925318761384335,0.12386156648451731,0.08014571948998178,0.14826958105646632,0.07723132969034609,0.0692167577413479,0.08123861566484518,0.16830601092896175,3947.493273542601,3947.25641025641,0.23686328619078267,4.0,4.0,0.000253324889170361,1120,1625,-0.18397085610200364,2338.4597449908924,1609.6273224043716,0.0,0.0,0.0,0.0,-0.000082955832635981,-0.00013019594230162775,0.03106442261604866,0.031064422615567917,0.0,0.0,0.031966441756476484,-0.09679720999048837,-1.0097340811331557,1.0086838237892335,-0.2768757064476506
2023-01-03T14:58:29.981000,2023-01-03T14:58:00.000000,1,3947.0,3953.0,3943.0,3948.0,3948.0,194,3947.0,212,3946.0,206,3945.0,208,3944.0,207,3949.0,194,3950.0,369,3951.0,235,3952.0,458,3953.0,306,m2305,2023-01-03T14:58:29.981000,2023-01-03,1.0,10.0,0.1,5.0,4.0,0.0,0.5,0.4,0.0,2589,0.07493240633449208,0.07493240633449208,0.08188489764387795,0.1425260718424102,0.07956740054074933,0.09076863653920432,0.08033989957512554,0.1769022788721514,0.07995365005793743,0.11819235225955968,3948.5,3948.094664371773,0.4053356282270215,4.0,4.0,0.0002532607319235153,1027,1562,-0.20664349169563537,2383.8451139436074,1565.2838933951332,0.0002533248905250335,0.0002533890802865442,0.00025326073327714793,0.00025319660851803096,0.00025499678836539994,0.00021234118928699385,0.6397349906321421,0.6397349906223002,0.0,0.0,0.6501580702384285,0.3926363508933748,-1.1267493545932687,1.1287466378289535,-0.8020050233887894
2023-01-03T14:58:59.994000,2023-01-03T14:58:30.000000,1,3949.0,3954.0,3944.0,3949.0,3949.0,88,3948.0,187,3947.0,270,3946.0,177,3945.0,186,3950.0,362,3951.0,175,3952.0,411,3953.0,233,3954.0,81,m2305,2023-01-03T14:58:59.994000,2023-01-03,0.0,10.0,0.0,5.0,5.0,0.0,0.5,0.5,0.0,2170,0.04055299539170507,0.16682027649769585,0.08617511520737327,0.08064516129032258,0.12442396313364056,0.18940092165898617,0.0815668202764977,0.10737327188940092,0.08571428571428572,0.03732718894009217,3949.1955555555555,3949.549723756906,0.35416820135060334,4.0,4.0,0.000253196607165464,908,1262,-0.1631336405529954,2298.1198156682026,1651.4700460829492,0.00025326073327714793,0.0002533248905250335,0.00025319660851803096,0.0002531325162232701,0.0001761413952870221,0.0003684793414563348,1.2363269885845265,1.2363269885658543,0.0,0.0,1.0673444889361963,1.2356845442617264,-0.8105679406560442,0.8149028251365213,-2.1500171781204287
2023-01-03T14:59:29.755000,2023-01-03T14:59:00.000000,1,3949.0,3954.0,3942.0,3946.0,3946.0,127,3945.0,132,3944.0,121,3943.0,122,3942.0,148,3947.0,150,3948.0,88,3949.0,205,3950.0,262,3951.0,171,m2305,2023-01-03T14:59:29.755000,2023-01-03,-3.0,12.0,-0.25,5.0,4.0,-4.0,0.4166666666666667,0.3333333333333333,-0.3333333333333333,1526,0.08322411533420708,0.0982961992136304,0.08650065530799476,0.057667103538663174,0.07929226736566186,0.1343381389252949,0.0799475753604194,0.17169069462647443,0.09698558322411534,0.11205766710353866,3946.4584837545126,3946.8,0.34151624548758264,4.0,4.0,0.0002533890789306981,650,876,-0.14809960681520315,2267.064220183486,1679.926605504587,-0.0007599747040887804,-0.0007601672733976061,-0.0007597822323204889,-0.0007595898580185669,-0.0006933110030034025,-0.0006964544287543481,-0.5782008926428931,-0.5782008926340066,0.0,0.0,-0.6049954391868113,-0.36078012242278285,-0.6928957917804036,0.688912296107338,-3.7200208639841805
2023-01-03T14:59:59.968000,2023-01-03T14:59:30.000000,1,3947.0,3952.0,3938.0,3943.0,3943.0,13,3942.0,71,3941.0,266,3940.0,819,3939.0,375,3944.0,42,3945.0,91,3946.0,30,3947.0,22,3948.0,131,m2305,2023-01-03T14:59:59.968000,2023-01-03,-4.0,14.0,-0.2857142857142857,5.0,5.0,-4.0,0.35714285714285715,0.35714285714285715,-0.2857142857142857,1860,0.006989247311827957,0.02258064516129032,0.038172043010752686,0.0489247311827957,0.14301075268817204,0.016129032258064516,0.4403225806451613,0.011827956989247311,0.20161290322580644,0.07043010752688172,3943.2363636363634,3943.314814814815,0.07845117845135974,4.0,4.0,0.00025358184354000256,1544,316,0.6602150537634408,670.4543010752689,3270.6623655913977,-0.0007605527049335177,-0.0007607455673091553,-0.0007603599403211303,-0.0007601672733976061,-0.0008167921217767291,-0.0008834308482582192,-2.2839413843828837,-2.28394138435088,0.0,0.0,-2.4440938101576264,-2.274890438996942,3.975810952931324,-3.9800831037051143,-2.5361303686066514
2023-01-03T15:00:00.022000,2023-01-03T15:00:00.000000,1,3943.0,3948.0,3939.0,3943.0,3943.0,13,3942.0,71,3941.0,266,3940.0,819,3939.0,375,3944.0,42,3945.0,91,3946.0,30,3947.0,22,3948.0,131,m2305,2023-01-03T15:00:00.022000,2023-01-03,0.0,9.0,0.0,5.0,4.0,-1.0,0.5555555555555556,0.4444444444444444,-0.1111111111111111,1860,0.006989247311827957,0.02258064516129032,0.038172043010752686,0.0489247311827957,0.14301075268817204,0.016129032258064516,0.4403225806451613,0.011827956989247311,0.20161290322580644,0.07043010752688172,3943.2363636363634,3943.314814814815,0.07845117845135974,4.0,4.0,0.00025358184354000256,1544,316,0.6602150537634408,670.4543010752689,3270.6623655913977,0.0,0.0,0.0,0.0,0.0,0.0,-2.188242614783894,-2.1882426147542016,0.0,0.0,-2.3339057741218108,-2.159744471645792,3.4767701895952903,-3.4797073911978345,-2.380954110264144
2023-01-03T15:01:21.198000,2023-01-03T15:01:00.000000,0,3943.0,3948.0,3939.0,3943.0,3943.0,13,3942.0,71,3941.0,266,3940.0,819,3939.0,375,3944.0,42,3945.0,91,3946.0,30,3947.0,22,3948.0,131,m2305,2023-01-03T15:01:21.198000,2023-01-03,0.0,9.0,0.0,5.0,4.0,-1.0,0.5555555555555556,0.4444444444444444,-0.1111111111111111,1860,0.006989247311827957,0.02258064516129032,0.038172043010752686,0.0489247311827957,0.14301075268817204,0.016129032258064516,0.4403225806451613,0.011827956989247311,0.20161290322580644,0.07043010752688172,3943.2363636363634,3943.314814814815,0.07845117845135974,4.0,4.0,0.00025358184354000256,1544,316,0.6602150537634408,670.4543010752689,3270.6623655913977,0.0,0.0,0.0,0.0,0.0,0.0,-2.0805369529491435,-2.0805369529223867,0.0,0.0,-2.2156808449204854,-2.0663655497089364,3.144805603253086,-3.14659941774451,-2.2356473134087147
2023-01-03T15:08:25.277000,2023-01-03T15:08:00.000000,0,3943.0,3948.0,3939.0,3943.0,3943.0,13,3942.0,71,3941.0,266,3940.0,819,3939.0,375,3944.0,42,3945.0,91,3946.0,30,3947.0,22,3948.0,131,m2305,2023-01-03T15:08:25.277000,2023-01-03,0.0,9.0,0.0,5.0,4.0,-1.0,0.5555555555555556,0.4444444444444444,-0.1111111111111111,1860,0.006989247311827957,0.02258064516129032,0.038172043010752686,0.0489247311827957,0.14301075268817204,0.016129032258064516,0.4403225806451613,0.011827956989247311,0.20161290322580644,0.07043010752688172,3943.2363636363634,3943.314814814815,0.07845117845135974,4.0,4.0,0.00025358184354000256,1544,316,0.6602150537634408,670.4543010752689,3270.6623655913977,0.0,0.0,0.0,0.0,0.0,0.0,-1.9850307501461697,-1.9850307501217694,0.0,0.0,-2.107904460516158,-1.9823083999660482,2.878029711745615,-2.8791834372887934,-2.10921463907715
